ARM GAS  /tmp/ccrbgVKC.s 			page 1


   1              		.cpu cortex-m0
   2              		.arch armv6s-m
   3              		.fpu softvfp
   4              		.eabi_attribute 20, 1
   5              		.eabi_attribute 21, 1
   6              		.eabi_attribute 23, 3
   7              		.eabi_attribute 24, 1
   8              		.eabi_attribute 25, 1
   9              		.eabi_attribute 26, 1
  10              		.eabi_attribute 30, 1
  11              		.eabi_attribute 34, 0
  12              		.eabi_attribute 18, 4
  13              		.file	"stm32f0xx_hal_dma.c"
  14              		.text
  15              	.Ltext0:
  16              		.cfi_sections	.debug_frame
  17              		.file 1 "Drivers/STM32F0xx_HAL_Driver/Src/stm32f0xx_hal_dma.c"
  18              		.section	.text.DMA_SetConfig,"ax",%progbits
  19              		.align	1
  20              		.syntax unified
  21              		.code	16
  22              		.thumb_func
  24              	DMA_SetConfig:
  25              	.LVL0:
  26              	.LFB52:
   1:Drivers/STM32F0xx_HAL_Driver/Src/stm32f0xx_hal_dma.c **** /**
   2:Drivers/STM32F0xx_HAL_Driver/Src/stm32f0xx_hal_dma.c ****   ******************************************************************************
   3:Drivers/STM32F0xx_HAL_Driver/Src/stm32f0xx_hal_dma.c ****   * @file    stm32f0xx_hal_dma.c
   4:Drivers/STM32F0xx_HAL_Driver/Src/stm32f0xx_hal_dma.c ****   * @author  MCD Application Team
   5:Drivers/STM32F0xx_HAL_Driver/Src/stm32f0xx_hal_dma.c ****   * @brief   DMA HAL module driver.
   6:Drivers/STM32F0xx_HAL_Driver/Src/stm32f0xx_hal_dma.c ****   *
   7:Drivers/STM32F0xx_HAL_Driver/Src/stm32f0xx_hal_dma.c ****   *         This file provides firmware functions to manage the following
   8:Drivers/STM32F0xx_HAL_Driver/Src/stm32f0xx_hal_dma.c ****   *         functionalities of the Direct Memory Access (DMA) peripheral:
   9:Drivers/STM32F0xx_HAL_Driver/Src/stm32f0xx_hal_dma.c ****   *           + Initialization and de-initialization functions
  10:Drivers/STM32F0xx_HAL_Driver/Src/stm32f0xx_hal_dma.c ****   *           + IO operation functions
  11:Drivers/STM32F0xx_HAL_Driver/Src/stm32f0xx_hal_dma.c ****   *           + Peripheral State and errors functions
  12:Drivers/STM32F0xx_HAL_Driver/Src/stm32f0xx_hal_dma.c ****   @verbatim
  13:Drivers/STM32F0xx_HAL_Driver/Src/stm32f0xx_hal_dma.c ****   ==============================================================================
  14:Drivers/STM32F0xx_HAL_Driver/Src/stm32f0xx_hal_dma.c ****                         ##### How to use this driver #####
  15:Drivers/STM32F0xx_HAL_Driver/Src/stm32f0xx_hal_dma.c ****   ==============================================================================
  16:Drivers/STM32F0xx_HAL_Driver/Src/stm32f0xx_hal_dma.c ****   [..]
  17:Drivers/STM32F0xx_HAL_Driver/Src/stm32f0xx_hal_dma.c ****    (#) Enable and configure the peripheral to be connected to the DMA Channel
  18:Drivers/STM32F0xx_HAL_Driver/Src/stm32f0xx_hal_dma.c ****        (except for internal SRAM / FLASH memories: no initialization is
  19:Drivers/STM32F0xx_HAL_Driver/Src/stm32f0xx_hal_dma.c ****        necessary). Please refer to Reference manual for connection between peripherals
  20:Drivers/STM32F0xx_HAL_Driver/Src/stm32f0xx_hal_dma.c ****        and DMA requests .
  21:Drivers/STM32F0xx_HAL_Driver/Src/stm32f0xx_hal_dma.c **** 
  22:Drivers/STM32F0xx_HAL_Driver/Src/stm32f0xx_hal_dma.c ****    (#) For a given Channel, program the required configuration through the following parameters:
  23:Drivers/STM32F0xx_HAL_Driver/Src/stm32f0xx_hal_dma.c ****        Transfer Direction, Source and Destination data formats,
  24:Drivers/STM32F0xx_HAL_Driver/Src/stm32f0xx_hal_dma.c ****        Circular or Normal mode, Channel Priority level, Source and Destination Increment mode,
  25:Drivers/STM32F0xx_HAL_Driver/Src/stm32f0xx_hal_dma.c ****        using HAL_DMA_Init() function.
  26:Drivers/STM32F0xx_HAL_Driver/Src/stm32f0xx_hal_dma.c **** 
  27:Drivers/STM32F0xx_HAL_Driver/Src/stm32f0xx_hal_dma.c ****    (#) Use HAL_DMA_GetState() function to return the DMA state and HAL_DMA_GetError() in case of er
  28:Drivers/STM32F0xx_HAL_Driver/Src/stm32f0xx_hal_dma.c ****        detection.
  29:Drivers/STM32F0xx_HAL_Driver/Src/stm32f0xx_hal_dma.c **** 
  30:Drivers/STM32F0xx_HAL_Driver/Src/stm32f0xx_hal_dma.c ****    (#) Use HAL_DMA_Abort() function to abort the current transfer
  31:Drivers/STM32F0xx_HAL_Driver/Src/stm32f0xx_hal_dma.c **** 
  32:Drivers/STM32F0xx_HAL_Driver/Src/stm32f0xx_hal_dma.c ****      -@-   In Memory-to-Memory transfer mode, Circular mode is not allowed.
ARM GAS  /tmp/ccrbgVKC.s 			page 2


  33:Drivers/STM32F0xx_HAL_Driver/Src/stm32f0xx_hal_dma.c ****      *** Polling mode IO operation ***
  34:Drivers/STM32F0xx_HAL_Driver/Src/stm32f0xx_hal_dma.c ****      =================================
  35:Drivers/STM32F0xx_HAL_Driver/Src/stm32f0xx_hal_dma.c ****     [..]
  36:Drivers/STM32F0xx_HAL_Driver/Src/stm32f0xx_hal_dma.c ****       (+) Use HAL_DMA_Start() to start DMA transfer after the configuration of Source
  37:Drivers/STM32F0xx_HAL_Driver/Src/stm32f0xx_hal_dma.c ****           address and destination address and the Length of data to be transferred
  38:Drivers/STM32F0xx_HAL_Driver/Src/stm32f0xx_hal_dma.c ****       (+) Use HAL_DMA_PollForTransfer() to poll for the end of current transfer, in this
  39:Drivers/STM32F0xx_HAL_Driver/Src/stm32f0xx_hal_dma.c ****           case a fixed Timeout can be configured by User depending from his application.
  40:Drivers/STM32F0xx_HAL_Driver/Src/stm32f0xx_hal_dma.c **** 
  41:Drivers/STM32F0xx_HAL_Driver/Src/stm32f0xx_hal_dma.c ****      *** Interrupt mode IO operation ***
  42:Drivers/STM32F0xx_HAL_Driver/Src/stm32f0xx_hal_dma.c ****      ===================================
  43:Drivers/STM32F0xx_HAL_Driver/Src/stm32f0xx_hal_dma.c ****     [..]
  44:Drivers/STM32F0xx_HAL_Driver/Src/stm32f0xx_hal_dma.c ****       (+) Configure the DMA interrupt priority using HAL_NVIC_SetPriority()
  45:Drivers/STM32F0xx_HAL_Driver/Src/stm32f0xx_hal_dma.c ****       (+) Enable the DMA IRQ handler using HAL_NVIC_EnableIRQ()
  46:Drivers/STM32F0xx_HAL_Driver/Src/stm32f0xx_hal_dma.c ****       (+) Use HAL_DMA_Start_IT() to start DMA transfer after the configuration of
  47:Drivers/STM32F0xx_HAL_Driver/Src/stm32f0xx_hal_dma.c ****           Source address and destination address and the Length of data to be transferred.
  48:Drivers/STM32F0xx_HAL_Driver/Src/stm32f0xx_hal_dma.c ****           In this case the DMA interrupt is configured
  49:Drivers/STM32F0xx_HAL_Driver/Src/stm32f0xx_hal_dma.c ****       (+) Use HAL_DMA_Channel_IRQHandler() called under DMA_IRQHandler() Interrupt subroutine
  50:Drivers/STM32F0xx_HAL_Driver/Src/stm32f0xx_hal_dma.c ****       (+) At the end of data transfer HAL_DMA_IRQHandler() function is executed and user can
  51:Drivers/STM32F0xx_HAL_Driver/Src/stm32f0xx_hal_dma.c ****           add his own function by customization of function pointer XferCpltCallback and
  52:Drivers/STM32F0xx_HAL_Driver/Src/stm32f0xx_hal_dma.c ****           XferErrorCallback (i.e a member of DMA handle structure).
  53:Drivers/STM32F0xx_HAL_Driver/Src/stm32f0xx_hal_dma.c **** 
  54:Drivers/STM32F0xx_HAL_Driver/Src/stm32f0xx_hal_dma.c ****      *** DMA HAL driver macros list ***
  55:Drivers/STM32F0xx_HAL_Driver/Src/stm32f0xx_hal_dma.c ****      =============================================
  56:Drivers/STM32F0xx_HAL_Driver/Src/stm32f0xx_hal_dma.c ****      [..]
  57:Drivers/STM32F0xx_HAL_Driver/Src/stm32f0xx_hal_dma.c ****        Below the list of most used macros in DMA HAL driver.
  58:Drivers/STM32F0xx_HAL_Driver/Src/stm32f0xx_hal_dma.c **** 
  59:Drivers/STM32F0xx_HAL_Driver/Src/stm32f0xx_hal_dma.c ****      [..]
  60:Drivers/STM32F0xx_HAL_Driver/Src/stm32f0xx_hal_dma.c ****       (@) You can refer to the DMA HAL driver header file for more useful macros
  61:Drivers/STM32F0xx_HAL_Driver/Src/stm32f0xx_hal_dma.c **** 
  62:Drivers/STM32F0xx_HAL_Driver/Src/stm32f0xx_hal_dma.c ****   @endverbatim
  63:Drivers/STM32F0xx_HAL_Driver/Src/stm32f0xx_hal_dma.c ****   ******************************************************************************
  64:Drivers/STM32F0xx_HAL_Driver/Src/stm32f0xx_hal_dma.c ****   * @attention
  65:Drivers/STM32F0xx_HAL_Driver/Src/stm32f0xx_hal_dma.c ****   *
  66:Drivers/STM32F0xx_HAL_Driver/Src/stm32f0xx_hal_dma.c ****   * Copyright (c) 2016 STMicroelectronics.
  67:Drivers/STM32F0xx_HAL_Driver/Src/stm32f0xx_hal_dma.c ****   * All rights reserved.
  68:Drivers/STM32F0xx_HAL_Driver/Src/stm32f0xx_hal_dma.c ****   *
  69:Drivers/STM32F0xx_HAL_Driver/Src/stm32f0xx_hal_dma.c ****   * This software is licensed under terms that can be found in the LICENSE file in
  70:Drivers/STM32F0xx_HAL_Driver/Src/stm32f0xx_hal_dma.c ****   * the root directory of this software component.
  71:Drivers/STM32F0xx_HAL_Driver/Src/stm32f0xx_hal_dma.c ****   * If no LICENSE file comes with this software, it is provided AS-IS.
  72:Drivers/STM32F0xx_HAL_Driver/Src/stm32f0xx_hal_dma.c ****   *
  73:Drivers/STM32F0xx_HAL_Driver/Src/stm32f0xx_hal_dma.c ****   ******************************************************************************
  74:Drivers/STM32F0xx_HAL_Driver/Src/stm32f0xx_hal_dma.c ****   */
  75:Drivers/STM32F0xx_HAL_Driver/Src/stm32f0xx_hal_dma.c **** 
  76:Drivers/STM32F0xx_HAL_Driver/Src/stm32f0xx_hal_dma.c **** /* Includes ------------------------------------------------------------------*/
  77:Drivers/STM32F0xx_HAL_Driver/Src/stm32f0xx_hal_dma.c **** #include "stm32f0xx_hal.h"
  78:Drivers/STM32F0xx_HAL_Driver/Src/stm32f0xx_hal_dma.c **** 
  79:Drivers/STM32F0xx_HAL_Driver/Src/stm32f0xx_hal_dma.c **** /** @addtogroup STM32F0xx_HAL_Driver
  80:Drivers/STM32F0xx_HAL_Driver/Src/stm32f0xx_hal_dma.c ****   * @{
  81:Drivers/STM32F0xx_HAL_Driver/Src/stm32f0xx_hal_dma.c ****   */
  82:Drivers/STM32F0xx_HAL_Driver/Src/stm32f0xx_hal_dma.c **** 
  83:Drivers/STM32F0xx_HAL_Driver/Src/stm32f0xx_hal_dma.c **** 
  84:Drivers/STM32F0xx_HAL_Driver/Src/stm32f0xx_hal_dma.c **** /** @defgroup DMA DMA
  85:Drivers/STM32F0xx_HAL_Driver/Src/stm32f0xx_hal_dma.c ****   * @brief DMA HAL module driver
  86:Drivers/STM32F0xx_HAL_Driver/Src/stm32f0xx_hal_dma.c ****   * @{
  87:Drivers/STM32F0xx_HAL_Driver/Src/stm32f0xx_hal_dma.c ****   */
  88:Drivers/STM32F0xx_HAL_Driver/Src/stm32f0xx_hal_dma.c **** 
  89:Drivers/STM32F0xx_HAL_Driver/Src/stm32f0xx_hal_dma.c **** #ifdef HAL_DMA_MODULE_ENABLED
ARM GAS  /tmp/ccrbgVKC.s 			page 3


  90:Drivers/STM32F0xx_HAL_Driver/Src/stm32f0xx_hal_dma.c **** 
  91:Drivers/STM32F0xx_HAL_Driver/Src/stm32f0xx_hal_dma.c **** /* Private typedef -----------------------------------------------------------*/
  92:Drivers/STM32F0xx_HAL_Driver/Src/stm32f0xx_hal_dma.c **** /* Private define ------------------------------------------------------------*/
  93:Drivers/STM32F0xx_HAL_Driver/Src/stm32f0xx_hal_dma.c **** /* Private macro -------------------------------------------------------------*/
  94:Drivers/STM32F0xx_HAL_Driver/Src/stm32f0xx_hal_dma.c **** /* Private variables ---------------------------------------------------------*/
  95:Drivers/STM32F0xx_HAL_Driver/Src/stm32f0xx_hal_dma.c **** /* Private function prototypes -----------------------------------------------*/
  96:Drivers/STM32F0xx_HAL_Driver/Src/stm32f0xx_hal_dma.c **** /** @defgroup DMA_Private_Functions DMA Private Functions
  97:Drivers/STM32F0xx_HAL_Driver/Src/stm32f0xx_hal_dma.c ****   * @{
  98:Drivers/STM32F0xx_HAL_Driver/Src/stm32f0xx_hal_dma.c ****   */
  99:Drivers/STM32F0xx_HAL_Driver/Src/stm32f0xx_hal_dma.c **** static void DMA_SetConfig(DMA_HandleTypeDef *hdma, uint32_t SrcAddress, uint32_t DstAddress, uint32
 100:Drivers/STM32F0xx_HAL_Driver/Src/stm32f0xx_hal_dma.c **** static void DMA_CalcBaseAndBitshift(DMA_HandleTypeDef *hdma);
 101:Drivers/STM32F0xx_HAL_Driver/Src/stm32f0xx_hal_dma.c **** /**
 102:Drivers/STM32F0xx_HAL_Driver/Src/stm32f0xx_hal_dma.c ****   * @}
 103:Drivers/STM32F0xx_HAL_Driver/Src/stm32f0xx_hal_dma.c ****   */
 104:Drivers/STM32F0xx_HAL_Driver/Src/stm32f0xx_hal_dma.c **** 
 105:Drivers/STM32F0xx_HAL_Driver/Src/stm32f0xx_hal_dma.c **** /* Exported functions ---------------------------------------------------------*/
 106:Drivers/STM32F0xx_HAL_Driver/Src/stm32f0xx_hal_dma.c **** 
 107:Drivers/STM32F0xx_HAL_Driver/Src/stm32f0xx_hal_dma.c **** /** @defgroup DMA_Exported_Functions DMA Exported Functions
 108:Drivers/STM32F0xx_HAL_Driver/Src/stm32f0xx_hal_dma.c ****   * @{
 109:Drivers/STM32F0xx_HAL_Driver/Src/stm32f0xx_hal_dma.c ****   */
 110:Drivers/STM32F0xx_HAL_Driver/Src/stm32f0xx_hal_dma.c **** 
 111:Drivers/STM32F0xx_HAL_Driver/Src/stm32f0xx_hal_dma.c **** /** @defgroup DMA_Exported_Functions_Group1 Initialization and de-initialization functions
 112:Drivers/STM32F0xx_HAL_Driver/Src/stm32f0xx_hal_dma.c ****  *  @brief   Initialization and de-initialization functions
 113:Drivers/STM32F0xx_HAL_Driver/Src/stm32f0xx_hal_dma.c ****  *
 114:Drivers/STM32F0xx_HAL_Driver/Src/stm32f0xx_hal_dma.c **** @verbatim
 115:Drivers/STM32F0xx_HAL_Driver/Src/stm32f0xx_hal_dma.c ****  ===============================================================================
 116:Drivers/STM32F0xx_HAL_Driver/Src/stm32f0xx_hal_dma.c ****              ##### Initialization and de-initialization functions  #####
 117:Drivers/STM32F0xx_HAL_Driver/Src/stm32f0xx_hal_dma.c ****  ===============================================================================
 118:Drivers/STM32F0xx_HAL_Driver/Src/stm32f0xx_hal_dma.c ****     [..]
 119:Drivers/STM32F0xx_HAL_Driver/Src/stm32f0xx_hal_dma.c ****     This section provides functions allowing to initialize the DMA Channel source
 120:Drivers/STM32F0xx_HAL_Driver/Src/stm32f0xx_hal_dma.c ****     and destination addresses, incrementation and data sizes, transfer direction,
 121:Drivers/STM32F0xx_HAL_Driver/Src/stm32f0xx_hal_dma.c ****     circular/normal mode selection, memory-to-memory mode selection and Channel priority value.
 122:Drivers/STM32F0xx_HAL_Driver/Src/stm32f0xx_hal_dma.c ****     [..]
 123:Drivers/STM32F0xx_HAL_Driver/Src/stm32f0xx_hal_dma.c ****     The HAL_DMA_Init() function follows the DMA configuration procedures as described in
 124:Drivers/STM32F0xx_HAL_Driver/Src/stm32f0xx_hal_dma.c ****     reference manual.
 125:Drivers/STM32F0xx_HAL_Driver/Src/stm32f0xx_hal_dma.c **** 
 126:Drivers/STM32F0xx_HAL_Driver/Src/stm32f0xx_hal_dma.c **** @endverbatim
 127:Drivers/STM32F0xx_HAL_Driver/Src/stm32f0xx_hal_dma.c ****   * @{
 128:Drivers/STM32F0xx_HAL_Driver/Src/stm32f0xx_hal_dma.c ****   */
 129:Drivers/STM32F0xx_HAL_Driver/Src/stm32f0xx_hal_dma.c **** 
 130:Drivers/STM32F0xx_HAL_Driver/Src/stm32f0xx_hal_dma.c **** /**
 131:Drivers/STM32F0xx_HAL_Driver/Src/stm32f0xx_hal_dma.c ****   * @brief  Initialize the DMA according to the specified
 132:Drivers/STM32F0xx_HAL_Driver/Src/stm32f0xx_hal_dma.c ****   *         parameters in the DMA_InitTypeDef and initialize the associated handle.
 133:Drivers/STM32F0xx_HAL_Driver/Src/stm32f0xx_hal_dma.c ****   * @param  hdma Pointer to a DMA_HandleTypeDef structure that contains
 134:Drivers/STM32F0xx_HAL_Driver/Src/stm32f0xx_hal_dma.c ****   *               the configuration information for the specified DMA Channel.
 135:Drivers/STM32F0xx_HAL_Driver/Src/stm32f0xx_hal_dma.c ****   * @retval HAL status
 136:Drivers/STM32F0xx_HAL_Driver/Src/stm32f0xx_hal_dma.c ****   */
 137:Drivers/STM32F0xx_HAL_Driver/Src/stm32f0xx_hal_dma.c **** HAL_StatusTypeDef HAL_DMA_Init(DMA_HandleTypeDef *hdma)
 138:Drivers/STM32F0xx_HAL_Driver/Src/stm32f0xx_hal_dma.c **** {
 139:Drivers/STM32F0xx_HAL_Driver/Src/stm32f0xx_hal_dma.c ****   uint32_t tmp = 0U;
 140:Drivers/STM32F0xx_HAL_Driver/Src/stm32f0xx_hal_dma.c **** 
 141:Drivers/STM32F0xx_HAL_Driver/Src/stm32f0xx_hal_dma.c ****   /* Check the DMA handle allocation */
 142:Drivers/STM32F0xx_HAL_Driver/Src/stm32f0xx_hal_dma.c ****   if (NULL == hdma)
 143:Drivers/STM32F0xx_HAL_Driver/Src/stm32f0xx_hal_dma.c ****   {
 144:Drivers/STM32F0xx_HAL_Driver/Src/stm32f0xx_hal_dma.c ****     return HAL_ERROR;
 145:Drivers/STM32F0xx_HAL_Driver/Src/stm32f0xx_hal_dma.c ****   }
 146:Drivers/STM32F0xx_HAL_Driver/Src/stm32f0xx_hal_dma.c **** 
ARM GAS  /tmp/ccrbgVKC.s 			page 4


 147:Drivers/STM32F0xx_HAL_Driver/Src/stm32f0xx_hal_dma.c ****   /* Check the parameters */
 148:Drivers/STM32F0xx_HAL_Driver/Src/stm32f0xx_hal_dma.c ****   assert_param(IS_DMA_ALL_INSTANCE(hdma->Instance));
 149:Drivers/STM32F0xx_HAL_Driver/Src/stm32f0xx_hal_dma.c ****   assert_param(IS_DMA_DIRECTION(hdma->Init.Direction));
 150:Drivers/STM32F0xx_HAL_Driver/Src/stm32f0xx_hal_dma.c ****   assert_param(IS_DMA_PERIPHERAL_INC_STATE(hdma->Init.PeriphInc));
 151:Drivers/STM32F0xx_HAL_Driver/Src/stm32f0xx_hal_dma.c ****   assert_param(IS_DMA_MEMORY_INC_STATE(hdma->Init.MemInc));
 152:Drivers/STM32F0xx_HAL_Driver/Src/stm32f0xx_hal_dma.c ****   assert_param(IS_DMA_PERIPHERAL_DATA_SIZE(hdma->Init.PeriphDataAlignment));
 153:Drivers/STM32F0xx_HAL_Driver/Src/stm32f0xx_hal_dma.c ****   assert_param(IS_DMA_MEMORY_DATA_SIZE(hdma->Init.MemDataAlignment));
 154:Drivers/STM32F0xx_HAL_Driver/Src/stm32f0xx_hal_dma.c ****   assert_param(IS_DMA_MODE(hdma->Init.Mode));
 155:Drivers/STM32F0xx_HAL_Driver/Src/stm32f0xx_hal_dma.c ****   assert_param(IS_DMA_PRIORITY(hdma->Init.Priority));
 156:Drivers/STM32F0xx_HAL_Driver/Src/stm32f0xx_hal_dma.c **** 
 157:Drivers/STM32F0xx_HAL_Driver/Src/stm32f0xx_hal_dma.c ****   /* Change DMA peripheral state */
 158:Drivers/STM32F0xx_HAL_Driver/Src/stm32f0xx_hal_dma.c ****   hdma->State = HAL_DMA_STATE_BUSY;
 159:Drivers/STM32F0xx_HAL_Driver/Src/stm32f0xx_hal_dma.c **** 
 160:Drivers/STM32F0xx_HAL_Driver/Src/stm32f0xx_hal_dma.c ****   /* Get the CR register value */
 161:Drivers/STM32F0xx_HAL_Driver/Src/stm32f0xx_hal_dma.c ****   tmp = hdma->Instance->CCR;
 162:Drivers/STM32F0xx_HAL_Driver/Src/stm32f0xx_hal_dma.c **** 
 163:Drivers/STM32F0xx_HAL_Driver/Src/stm32f0xx_hal_dma.c ****   /* Clear PL, MSIZE, PSIZE, MINC, PINC, CIRC, DIR bits */
 164:Drivers/STM32F0xx_HAL_Driver/Src/stm32f0xx_hal_dma.c ****   tmp &= ((uint32_t)~(DMA_CCR_PL    | DMA_CCR_MSIZE  | DMA_CCR_PSIZE  | \
 165:Drivers/STM32F0xx_HAL_Driver/Src/stm32f0xx_hal_dma.c ****                       DMA_CCR_MINC  | DMA_CCR_PINC   | DMA_CCR_CIRC   | \
 166:Drivers/STM32F0xx_HAL_Driver/Src/stm32f0xx_hal_dma.c ****                       DMA_CCR_DIR));
 167:Drivers/STM32F0xx_HAL_Driver/Src/stm32f0xx_hal_dma.c **** 
 168:Drivers/STM32F0xx_HAL_Driver/Src/stm32f0xx_hal_dma.c ****   /* Prepare the DMA Channel configuration */
 169:Drivers/STM32F0xx_HAL_Driver/Src/stm32f0xx_hal_dma.c ****   tmp |=  hdma->Init.Direction        |
 170:Drivers/STM32F0xx_HAL_Driver/Src/stm32f0xx_hal_dma.c ****           hdma->Init.PeriphInc           | hdma->Init.MemInc           |
 171:Drivers/STM32F0xx_HAL_Driver/Src/stm32f0xx_hal_dma.c ****           hdma->Init.PeriphDataAlignment | hdma->Init.MemDataAlignment |
 172:Drivers/STM32F0xx_HAL_Driver/Src/stm32f0xx_hal_dma.c ****           hdma->Init.Mode                | hdma->Init.Priority;
 173:Drivers/STM32F0xx_HAL_Driver/Src/stm32f0xx_hal_dma.c **** 
 174:Drivers/STM32F0xx_HAL_Driver/Src/stm32f0xx_hal_dma.c ****   /* Write to DMA Channel CR register */
 175:Drivers/STM32F0xx_HAL_Driver/Src/stm32f0xx_hal_dma.c ****   hdma->Instance->CCR = tmp;
 176:Drivers/STM32F0xx_HAL_Driver/Src/stm32f0xx_hal_dma.c **** 
 177:Drivers/STM32F0xx_HAL_Driver/Src/stm32f0xx_hal_dma.c ****   /* Initialize DmaBaseAddress and ChannelIndex parameters used
 178:Drivers/STM32F0xx_HAL_Driver/Src/stm32f0xx_hal_dma.c ****      by HAL_DMA_IRQHandler() and HAL_DMA_PollForTransfer() */
 179:Drivers/STM32F0xx_HAL_Driver/Src/stm32f0xx_hal_dma.c ****   DMA_CalcBaseAndBitshift(hdma);
 180:Drivers/STM32F0xx_HAL_Driver/Src/stm32f0xx_hal_dma.c **** 
 181:Drivers/STM32F0xx_HAL_Driver/Src/stm32f0xx_hal_dma.c ****   /* Initialise the error code */
 182:Drivers/STM32F0xx_HAL_Driver/Src/stm32f0xx_hal_dma.c ****   hdma->ErrorCode = HAL_DMA_ERROR_NONE;
 183:Drivers/STM32F0xx_HAL_Driver/Src/stm32f0xx_hal_dma.c **** 
 184:Drivers/STM32F0xx_HAL_Driver/Src/stm32f0xx_hal_dma.c ****   /* Initialize the DMA state*/
 185:Drivers/STM32F0xx_HAL_Driver/Src/stm32f0xx_hal_dma.c ****   hdma->State = HAL_DMA_STATE_READY;
 186:Drivers/STM32F0xx_HAL_Driver/Src/stm32f0xx_hal_dma.c **** 
 187:Drivers/STM32F0xx_HAL_Driver/Src/stm32f0xx_hal_dma.c ****   /* Allocate lock resource and initialize it */
 188:Drivers/STM32F0xx_HAL_Driver/Src/stm32f0xx_hal_dma.c ****   hdma->Lock = HAL_UNLOCKED;
 189:Drivers/STM32F0xx_HAL_Driver/Src/stm32f0xx_hal_dma.c **** 
 190:Drivers/STM32F0xx_HAL_Driver/Src/stm32f0xx_hal_dma.c ****   return HAL_OK;
 191:Drivers/STM32F0xx_HAL_Driver/Src/stm32f0xx_hal_dma.c **** }
 192:Drivers/STM32F0xx_HAL_Driver/Src/stm32f0xx_hal_dma.c **** 
 193:Drivers/STM32F0xx_HAL_Driver/Src/stm32f0xx_hal_dma.c **** /**
 194:Drivers/STM32F0xx_HAL_Driver/Src/stm32f0xx_hal_dma.c ****   * @brief  DeInitialize the DMA peripheral
 195:Drivers/STM32F0xx_HAL_Driver/Src/stm32f0xx_hal_dma.c ****   * @param  hdma pointer to a DMA_HandleTypeDef structure that contains
 196:Drivers/STM32F0xx_HAL_Driver/Src/stm32f0xx_hal_dma.c ****   *               the configuration information for the specified DMA Channel.
 197:Drivers/STM32F0xx_HAL_Driver/Src/stm32f0xx_hal_dma.c ****   * @retval HAL status
 198:Drivers/STM32F0xx_HAL_Driver/Src/stm32f0xx_hal_dma.c ****   */
 199:Drivers/STM32F0xx_HAL_Driver/Src/stm32f0xx_hal_dma.c **** HAL_StatusTypeDef HAL_DMA_DeInit(DMA_HandleTypeDef *hdma)
 200:Drivers/STM32F0xx_HAL_Driver/Src/stm32f0xx_hal_dma.c **** {
 201:Drivers/STM32F0xx_HAL_Driver/Src/stm32f0xx_hal_dma.c ****   /* Check the DMA handle allocation */
 202:Drivers/STM32F0xx_HAL_Driver/Src/stm32f0xx_hal_dma.c ****   if (NULL == hdma)
 203:Drivers/STM32F0xx_HAL_Driver/Src/stm32f0xx_hal_dma.c ****   {
ARM GAS  /tmp/ccrbgVKC.s 			page 5


 204:Drivers/STM32F0xx_HAL_Driver/Src/stm32f0xx_hal_dma.c ****     return HAL_ERROR;
 205:Drivers/STM32F0xx_HAL_Driver/Src/stm32f0xx_hal_dma.c ****   }
 206:Drivers/STM32F0xx_HAL_Driver/Src/stm32f0xx_hal_dma.c **** 
 207:Drivers/STM32F0xx_HAL_Driver/Src/stm32f0xx_hal_dma.c ****   /* Check the parameters */
 208:Drivers/STM32F0xx_HAL_Driver/Src/stm32f0xx_hal_dma.c ****   assert_param(IS_DMA_ALL_INSTANCE(hdma->Instance));
 209:Drivers/STM32F0xx_HAL_Driver/Src/stm32f0xx_hal_dma.c **** 
 210:Drivers/STM32F0xx_HAL_Driver/Src/stm32f0xx_hal_dma.c ****   /* Disable the selected DMA Channelx */
 211:Drivers/STM32F0xx_HAL_Driver/Src/stm32f0xx_hal_dma.c ****   hdma->Instance->CCR &= ~DMA_CCR_EN;
 212:Drivers/STM32F0xx_HAL_Driver/Src/stm32f0xx_hal_dma.c **** 
 213:Drivers/STM32F0xx_HAL_Driver/Src/stm32f0xx_hal_dma.c ****   /* Reset DMA Channel control register */
 214:Drivers/STM32F0xx_HAL_Driver/Src/stm32f0xx_hal_dma.c ****   hdma->Instance->CCR  = 0U;
 215:Drivers/STM32F0xx_HAL_Driver/Src/stm32f0xx_hal_dma.c **** 
 216:Drivers/STM32F0xx_HAL_Driver/Src/stm32f0xx_hal_dma.c ****   /* Reset DMA Channel Number of Data to Transfer register */
 217:Drivers/STM32F0xx_HAL_Driver/Src/stm32f0xx_hal_dma.c ****   hdma->Instance->CNDTR = 0U;
 218:Drivers/STM32F0xx_HAL_Driver/Src/stm32f0xx_hal_dma.c **** 
 219:Drivers/STM32F0xx_HAL_Driver/Src/stm32f0xx_hal_dma.c ****   /* Reset DMA Channel peripheral address register */
 220:Drivers/STM32F0xx_HAL_Driver/Src/stm32f0xx_hal_dma.c ****   hdma->Instance->CPAR  = 0U;
 221:Drivers/STM32F0xx_HAL_Driver/Src/stm32f0xx_hal_dma.c **** 
 222:Drivers/STM32F0xx_HAL_Driver/Src/stm32f0xx_hal_dma.c ****   /* Reset DMA Channel memory address register */
 223:Drivers/STM32F0xx_HAL_Driver/Src/stm32f0xx_hal_dma.c ****   hdma->Instance->CMAR = 0U;
 224:Drivers/STM32F0xx_HAL_Driver/Src/stm32f0xx_hal_dma.c **** 
 225:Drivers/STM32F0xx_HAL_Driver/Src/stm32f0xx_hal_dma.c ****   /* Get DMA Base Address */
 226:Drivers/STM32F0xx_HAL_Driver/Src/stm32f0xx_hal_dma.c ****   DMA_CalcBaseAndBitshift(hdma);
 227:Drivers/STM32F0xx_HAL_Driver/Src/stm32f0xx_hal_dma.c **** 
 228:Drivers/STM32F0xx_HAL_Driver/Src/stm32f0xx_hal_dma.c ****   /* Clear all flags */
 229:Drivers/STM32F0xx_HAL_Driver/Src/stm32f0xx_hal_dma.c ****   hdma->DmaBaseAddress->IFCR = DMA_FLAG_GL1 << hdma->ChannelIndex;
 230:Drivers/STM32F0xx_HAL_Driver/Src/stm32f0xx_hal_dma.c **** 
 231:Drivers/STM32F0xx_HAL_Driver/Src/stm32f0xx_hal_dma.c ****   /* Clean callbacks */
 232:Drivers/STM32F0xx_HAL_Driver/Src/stm32f0xx_hal_dma.c ****   hdma->XferCpltCallback = NULL;
 233:Drivers/STM32F0xx_HAL_Driver/Src/stm32f0xx_hal_dma.c ****   hdma->XferHalfCpltCallback = NULL;
 234:Drivers/STM32F0xx_HAL_Driver/Src/stm32f0xx_hal_dma.c ****   hdma->XferErrorCallback = NULL;
 235:Drivers/STM32F0xx_HAL_Driver/Src/stm32f0xx_hal_dma.c ****   hdma->XferAbortCallback = NULL;
 236:Drivers/STM32F0xx_HAL_Driver/Src/stm32f0xx_hal_dma.c **** 
 237:Drivers/STM32F0xx_HAL_Driver/Src/stm32f0xx_hal_dma.c ****   /* Reset the error code */
 238:Drivers/STM32F0xx_HAL_Driver/Src/stm32f0xx_hal_dma.c ****   hdma->ErrorCode = HAL_DMA_ERROR_NONE;
 239:Drivers/STM32F0xx_HAL_Driver/Src/stm32f0xx_hal_dma.c **** 
 240:Drivers/STM32F0xx_HAL_Driver/Src/stm32f0xx_hal_dma.c ****   /* Reset the DMA state */
 241:Drivers/STM32F0xx_HAL_Driver/Src/stm32f0xx_hal_dma.c ****   hdma->State = HAL_DMA_STATE_RESET;
 242:Drivers/STM32F0xx_HAL_Driver/Src/stm32f0xx_hal_dma.c **** 
 243:Drivers/STM32F0xx_HAL_Driver/Src/stm32f0xx_hal_dma.c ****   /* Release Lock */
 244:Drivers/STM32F0xx_HAL_Driver/Src/stm32f0xx_hal_dma.c ****   __HAL_UNLOCK(hdma);
 245:Drivers/STM32F0xx_HAL_Driver/Src/stm32f0xx_hal_dma.c **** 
 246:Drivers/STM32F0xx_HAL_Driver/Src/stm32f0xx_hal_dma.c ****   return HAL_OK;
 247:Drivers/STM32F0xx_HAL_Driver/Src/stm32f0xx_hal_dma.c **** }
 248:Drivers/STM32F0xx_HAL_Driver/Src/stm32f0xx_hal_dma.c **** 
 249:Drivers/STM32F0xx_HAL_Driver/Src/stm32f0xx_hal_dma.c **** /**
 250:Drivers/STM32F0xx_HAL_Driver/Src/stm32f0xx_hal_dma.c ****   * @}
 251:Drivers/STM32F0xx_HAL_Driver/Src/stm32f0xx_hal_dma.c ****   */
 252:Drivers/STM32F0xx_HAL_Driver/Src/stm32f0xx_hal_dma.c **** 
 253:Drivers/STM32F0xx_HAL_Driver/Src/stm32f0xx_hal_dma.c **** /** @defgroup DMA_Exported_Functions_Group2 Input and Output operation functions
 254:Drivers/STM32F0xx_HAL_Driver/Src/stm32f0xx_hal_dma.c ****  *  @brief   I/O operation functions
 255:Drivers/STM32F0xx_HAL_Driver/Src/stm32f0xx_hal_dma.c ****  *
 256:Drivers/STM32F0xx_HAL_Driver/Src/stm32f0xx_hal_dma.c **** @verbatim
 257:Drivers/STM32F0xx_HAL_Driver/Src/stm32f0xx_hal_dma.c ****  ===============================================================================
 258:Drivers/STM32F0xx_HAL_Driver/Src/stm32f0xx_hal_dma.c ****                       #####  IO operation functions  #####
 259:Drivers/STM32F0xx_HAL_Driver/Src/stm32f0xx_hal_dma.c ****  ===============================================================================
 260:Drivers/STM32F0xx_HAL_Driver/Src/stm32f0xx_hal_dma.c ****     [..]  This section provides functions allowing to:
ARM GAS  /tmp/ccrbgVKC.s 			page 6


 261:Drivers/STM32F0xx_HAL_Driver/Src/stm32f0xx_hal_dma.c ****       (+) Configure the source, destination address and data length and Start DMA transfer
 262:Drivers/STM32F0xx_HAL_Driver/Src/stm32f0xx_hal_dma.c ****       (+) Configure the source, destination address and data length and
 263:Drivers/STM32F0xx_HAL_Driver/Src/stm32f0xx_hal_dma.c ****           Start DMA transfer with interrupt
 264:Drivers/STM32F0xx_HAL_Driver/Src/stm32f0xx_hal_dma.c ****       (+) Abort DMA transfer
 265:Drivers/STM32F0xx_HAL_Driver/Src/stm32f0xx_hal_dma.c ****       (+) Poll for transfer complete
 266:Drivers/STM32F0xx_HAL_Driver/Src/stm32f0xx_hal_dma.c ****       (+) Handle DMA interrupt request
 267:Drivers/STM32F0xx_HAL_Driver/Src/stm32f0xx_hal_dma.c **** 
 268:Drivers/STM32F0xx_HAL_Driver/Src/stm32f0xx_hal_dma.c **** @endverbatim
 269:Drivers/STM32F0xx_HAL_Driver/Src/stm32f0xx_hal_dma.c ****   * @{
 270:Drivers/STM32F0xx_HAL_Driver/Src/stm32f0xx_hal_dma.c ****   */
 271:Drivers/STM32F0xx_HAL_Driver/Src/stm32f0xx_hal_dma.c **** 
 272:Drivers/STM32F0xx_HAL_Driver/Src/stm32f0xx_hal_dma.c **** /**
 273:Drivers/STM32F0xx_HAL_Driver/Src/stm32f0xx_hal_dma.c ****   * @brief  Start the DMA Transfer.
 274:Drivers/STM32F0xx_HAL_Driver/Src/stm32f0xx_hal_dma.c ****   * @param  hdma pointer to a DMA_HandleTypeDef structure that contains
 275:Drivers/STM32F0xx_HAL_Driver/Src/stm32f0xx_hal_dma.c ****   *              the configuration information for the specified DMA Channel.
 276:Drivers/STM32F0xx_HAL_Driver/Src/stm32f0xx_hal_dma.c ****   * @param  SrcAddress The source memory Buffer address
 277:Drivers/STM32F0xx_HAL_Driver/Src/stm32f0xx_hal_dma.c ****   * @param  DstAddress The destination memory Buffer address
 278:Drivers/STM32F0xx_HAL_Driver/Src/stm32f0xx_hal_dma.c ****   * @param  DataLength The length of data to be transferred from source to destination
 279:Drivers/STM32F0xx_HAL_Driver/Src/stm32f0xx_hal_dma.c ****   * @retval HAL status
 280:Drivers/STM32F0xx_HAL_Driver/Src/stm32f0xx_hal_dma.c ****   */
 281:Drivers/STM32F0xx_HAL_Driver/Src/stm32f0xx_hal_dma.c **** HAL_StatusTypeDef HAL_DMA_Start(DMA_HandleTypeDef *hdma, uint32_t SrcAddress, uint32_t DstAddress, 
 282:Drivers/STM32F0xx_HAL_Driver/Src/stm32f0xx_hal_dma.c **** {
 283:Drivers/STM32F0xx_HAL_Driver/Src/stm32f0xx_hal_dma.c ****   HAL_StatusTypeDef status = HAL_OK;
 284:Drivers/STM32F0xx_HAL_Driver/Src/stm32f0xx_hal_dma.c **** 
 285:Drivers/STM32F0xx_HAL_Driver/Src/stm32f0xx_hal_dma.c ****   /* Check the parameters */
 286:Drivers/STM32F0xx_HAL_Driver/Src/stm32f0xx_hal_dma.c ****   assert_param(IS_DMA_BUFFER_SIZE(DataLength));
 287:Drivers/STM32F0xx_HAL_Driver/Src/stm32f0xx_hal_dma.c **** 
 288:Drivers/STM32F0xx_HAL_Driver/Src/stm32f0xx_hal_dma.c ****   /* Process locked */
 289:Drivers/STM32F0xx_HAL_Driver/Src/stm32f0xx_hal_dma.c ****   __HAL_LOCK(hdma);
 290:Drivers/STM32F0xx_HAL_Driver/Src/stm32f0xx_hal_dma.c **** 
 291:Drivers/STM32F0xx_HAL_Driver/Src/stm32f0xx_hal_dma.c ****   if (HAL_DMA_STATE_READY == hdma->State)
 292:Drivers/STM32F0xx_HAL_Driver/Src/stm32f0xx_hal_dma.c ****   {
 293:Drivers/STM32F0xx_HAL_Driver/Src/stm32f0xx_hal_dma.c ****     /* Change DMA peripheral state */
 294:Drivers/STM32F0xx_HAL_Driver/Src/stm32f0xx_hal_dma.c ****     hdma->State = HAL_DMA_STATE_BUSY;
 295:Drivers/STM32F0xx_HAL_Driver/Src/stm32f0xx_hal_dma.c **** 
 296:Drivers/STM32F0xx_HAL_Driver/Src/stm32f0xx_hal_dma.c ****     hdma->ErrorCode = HAL_DMA_ERROR_NONE;
 297:Drivers/STM32F0xx_HAL_Driver/Src/stm32f0xx_hal_dma.c **** 
 298:Drivers/STM32F0xx_HAL_Driver/Src/stm32f0xx_hal_dma.c ****     /* Disable the peripheral */
 299:Drivers/STM32F0xx_HAL_Driver/Src/stm32f0xx_hal_dma.c ****     hdma->Instance->CCR &= ~DMA_CCR_EN;
 300:Drivers/STM32F0xx_HAL_Driver/Src/stm32f0xx_hal_dma.c **** 
 301:Drivers/STM32F0xx_HAL_Driver/Src/stm32f0xx_hal_dma.c ****     /* Configure the source, destination address and the data length */
 302:Drivers/STM32F0xx_HAL_Driver/Src/stm32f0xx_hal_dma.c ****     DMA_SetConfig(hdma, SrcAddress, DstAddress, DataLength);
 303:Drivers/STM32F0xx_HAL_Driver/Src/stm32f0xx_hal_dma.c **** 
 304:Drivers/STM32F0xx_HAL_Driver/Src/stm32f0xx_hal_dma.c ****     /* Enable the Peripheral */
 305:Drivers/STM32F0xx_HAL_Driver/Src/stm32f0xx_hal_dma.c ****     hdma->Instance->CCR |= DMA_CCR_EN;
 306:Drivers/STM32F0xx_HAL_Driver/Src/stm32f0xx_hal_dma.c ****   }
 307:Drivers/STM32F0xx_HAL_Driver/Src/stm32f0xx_hal_dma.c ****   else
 308:Drivers/STM32F0xx_HAL_Driver/Src/stm32f0xx_hal_dma.c ****   {
 309:Drivers/STM32F0xx_HAL_Driver/Src/stm32f0xx_hal_dma.c ****     /* Process Unlocked */
 310:Drivers/STM32F0xx_HAL_Driver/Src/stm32f0xx_hal_dma.c ****     __HAL_UNLOCK(hdma);
 311:Drivers/STM32F0xx_HAL_Driver/Src/stm32f0xx_hal_dma.c **** 
 312:Drivers/STM32F0xx_HAL_Driver/Src/stm32f0xx_hal_dma.c ****     /* Remain BUSY */
 313:Drivers/STM32F0xx_HAL_Driver/Src/stm32f0xx_hal_dma.c ****     status = HAL_BUSY;
 314:Drivers/STM32F0xx_HAL_Driver/Src/stm32f0xx_hal_dma.c ****   }
 315:Drivers/STM32F0xx_HAL_Driver/Src/stm32f0xx_hal_dma.c **** 
 316:Drivers/STM32F0xx_HAL_Driver/Src/stm32f0xx_hal_dma.c ****   return status;
 317:Drivers/STM32F0xx_HAL_Driver/Src/stm32f0xx_hal_dma.c **** }
ARM GAS  /tmp/ccrbgVKC.s 			page 7


 318:Drivers/STM32F0xx_HAL_Driver/Src/stm32f0xx_hal_dma.c **** 
 319:Drivers/STM32F0xx_HAL_Driver/Src/stm32f0xx_hal_dma.c **** /**
 320:Drivers/STM32F0xx_HAL_Driver/Src/stm32f0xx_hal_dma.c ****   * @brief  Start the DMA Transfer with interrupt enabled.
 321:Drivers/STM32F0xx_HAL_Driver/Src/stm32f0xx_hal_dma.c ****   * @param  hdma       pointer to a DMA_HandleTypeDef structure that contains
 322:Drivers/STM32F0xx_HAL_Driver/Src/stm32f0xx_hal_dma.c ****   *                     the configuration information for the specified DMA Channel.
 323:Drivers/STM32F0xx_HAL_Driver/Src/stm32f0xx_hal_dma.c ****   * @param  SrcAddress The source memory Buffer address
 324:Drivers/STM32F0xx_HAL_Driver/Src/stm32f0xx_hal_dma.c ****   * @param  DstAddress The destination memory Buffer address
 325:Drivers/STM32F0xx_HAL_Driver/Src/stm32f0xx_hal_dma.c ****   * @param  DataLength The length of data to be transferred from source to destination
 326:Drivers/STM32F0xx_HAL_Driver/Src/stm32f0xx_hal_dma.c ****   * @retval HAL status
 327:Drivers/STM32F0xx_HAL_Driver/Src/stm32f0xx_hal_dma.c ****   */
 328:Drivers/STM32F0xx_HAL_Driver/Src/stm32f0xx_hal_dma.c **** HAL_StatusTypeDef HAL_DMA_Start_IT(DMA_HandleTypeDef *hdma, uint32_t SrcAddress, uint32_t DstAddres
 329:Drivers/STM32F0xx_HAL_Driver/Src/stm32f0xx_hal_dma.c **** {
 330:Drivers/STM32F0xx_HAL_Driver/Src/stm32f0xx_hal_dma.c ****   HAL_StatusTypeDef status = HAL_OK;
 331:Drivers/STM32F0xx_HAL_Driver/Src/stm32f0xx_hal_dma.c **** 
 332:Drivers/STM32F0xx_HAL_Driver/Src/stm32f0xx_hal_dma.c ****   /* Check the parameters */
 333:Drivers/STM32F0xx_HAL_Driver/Src/stm32f0xx_hal_dma.c ****   assert_param(IS_DMA_BUFFER_SIZE(DataLength));
 334:Drivers/STM32F0xx_HAL_Driver/Src/stm32f0xx_hal_dma.c **** 
 335:Drivers/STM32F0xx_HAL_Driver/Src/stm32f0xx_hal_dma.c ****   /* Process locked */
 336:Drivers/STM32F0xx_HAL_Driver/Src/stm32f0xx_hal_dma.c ****   __HAL_LOCK(hdma);
 337:Drivers/STM32F0xx_HAL_Driver/Src/stm32f0xx_hal_dma.c **** 
 338:Drivers/STM32F0xx_HAL_Driver/Src/stm32f0xx_hal_dma.c ****   if (HAL_DMA_STATE_READY == hdma->State)
 339:Drivers/STM32F0xx_HAL_Driver/Src/stm32f0xx_hal_dma.c ****   {
 340:Drivers/STM32F0xx_HAL_Driver/Src/stm32f0xx_hal_dma.c ****     /* Change DMA peripheral state */
 341:Drivers/STM32F0xx_HAL_Driver/Src/stm32f0xx_hal_dma.c ****     hdma->State = HAL_DMA_STATE_BUSY;
 342:Drivers/STM32F0xx_HAL_Driver/Src/stm32f0xx_hal_dma.c **** 
 343:Drivers/STM32F0xx_HAL_Driver/Src/stm32f0xx_hal_dma.c ****     hdma->ErrorCode = HAL_DMA_ERROR_NONE;
 344:Drivers/STM32F0xx_HAL_Driver/Src/stm32f0xx_hal_dma.c **** 
 345:Drivers/STM32F0xx_HAL_Driver/Src/stm32f0xx_hal_dma.c ****     /* Disable the peripheral */
 346:Drivers/STM32F0xx_HAL_Driver/Src/stm32f0xx_hal_dma.c ****     hdma->Instance->CCR &= ~DMA_CCR_EN;
 347:Drivers/STM32F0xx_HAL_Driver/Src/stm32f0xx_hal_dma.c **** 
 348:Drivers/STM32F0xx_HAL_Driver/Src/stm32f0xx_hal_dma.c ****     /* Configure the source, destination address and the data length */
 349:Drivers/STM32F0xx_HAL_Driver/Src/stm32f0xx_hal_dma.c ****     DMA_SetConfig(hdma, SrcAddress, DstAddress, DataLength);
 350:Drivers/STM32F0xx_HAL_Driver/Src/stm32f0xx_hal_dma.c **** 
 351:Drivers/STM32F0xx_HAL_Driver/Src/stm32f0xx_hal_dma.c ****     /* Enable the transfer complete, & transfer error interrupts */
 352:Drivers/STM32F0xx_HAL_Driver/Src/stm32f0xx_hal_dma.c ****     /* Half transfer interrupt is optional: enable it only if associated callback is available */
 353:Drivers/STM32F0xx_HAL_Driver/Src/stm32f0xx_hal_dma.c ****     if (NULL != hdma->XferHalfCpltCallback)
 354:Drivers/STM32F0xx_HAL_Driver/Src/stm32f0xx_hal_dma.c ****     {
 355:Drivers/STM32F0xx_HAL_Driver/Src/stm32f0xx_hal_dma.c ****       hdma->Instance->CCR |= (DMA_IT_TC | DMA_IT_HT | DMA_IT_TE);
 356:Drivers/STM32F0xx_HAL_Driver/Src/stm32f0xx_hal_dma.c ****     }
 357:Drivers/STM32F0xx_HAL_Driver/Src/stm32f0xx_hal_dma.c ****     else
 358:Drivers/STM32F0xx_HAL_Driver/Src/stm32f0xx_hal_dma.c ****     {
 359:Drivers/STM32F0xx_HAL_Driver/Src/stm32f0xx_hal_dma.c ****       hdma->Instance->CCR |= (DMA_IT_TC | DMA_IT_TE);
 360:Drivers/STM32F0xx_HAL_Driver/Src/stm32f0xx_hal_dma.c ****       hdma->Instance->CCR &= ~DMA_IT_HT;
 361:Drivers/STM32F0xx_HAL_Driver/Src/stm32f0xx_hal_dma.c ****     }
 362:Drivers/STM32F0xx_HAL_Driver/Src/stm32f0xx_hal_dma.c **** 
 363:Drivers/STM32F0xx_HAL_Driver/Src/stm32f0xx_hal_dma.c ****     /* Enable the Peripheral */
 364:Drivers/STM32F0xx_HAL_Driver/Src/stm32f0xx_hal_dma.c ****     hdma->Instance->CCR |= DMA_CCR_EN;
 365:Drivers/STM32F0xx_HAL_Driver/Src/stm32f0xx_hal_dma.c ****   }
 366:Drivers/STM32F0xx_HAL_Driver/Src/stm32f0xx_hal_dma.c ****   else
 367:Drivers/STM32F0xx_HAL_Driver/Src/stm32f0xx_hal_dma.c ****   {
 368:Drivers/STM32F0xx_HAL_Driver/Src/stm32f0xx_hal_dma.c ****     /* Process Unlocked */
 369:Drivers/STM32F0xx_HAL_Driver/Src/stm32f0xx_hal_dma.c ****     __HAL_UNLOCK(hdma);
 370:Drivers/STM32F0xx_HAL_Driver/Src/stm32f0xx_hal_dma.c **** 
 371:Drivers/STM32F0xx_HAL_Driver/Src/stm32f0xx_hal_dma.c ****     /* Remain BUSY */
 372:Drivers/STM32F0xx_HAL_Driver/Src/stm32f0xx_hal_dma.c ****     status = HAL_BUSY;
 373:Drivers/STM32F0xx_HAL_Driver/Src/stm32f0xx_hal_dma.c ****   }
 374:Drivers/STM32F0xx_HAL_Driver/Src/stm32f0xx_hal_dma.c **** 
ARM GAS  /tmp/ccrbgVKC.s 			page 8


 375:Drivers/STM32F0xx_HAL_Driver/Src/stm32f0xx_hal_dma.c ****   return status;
 376:Drivers/STM32F0xx_HAL_Driver/Src/stm32f0xx_hal_dma.c **** }
 377:Drivers/STM32F0xx_HAL_Driver/Src/stm32f0xx_hal_dma.c **** 
 378:Drivers/STM32F0xx_HAL_Driver/Src/stm32f0xx_hal_dma.c **** /**
 379:Drivers/STM32F0xx_HAL_Driver/Src/stm32f0xx_hal_dma.c ****   * @brief  Abort the DMA Transfer.
 380:Drivers/STM32F0xx_HAL_Driver/Src/stm32f0xx_hal_dma.c ****   * @param  hdma  pointer to a DMA_HandleTypeDef structure that contains
 381:Drivers/STM32F0xx_HAL_Driver/Src/stm32f0xx_hal_dma.c ****   *               the configuration information for the specified DMA Channel.
 382:Drivers/STM32F0xx_HAL_Driver/Src/stm32f0xx_hal_dma.c ****   * @retval HAL status
 383:Drivers/STM32F0xx_HAL_Driver/Src/stm32f0xx_hal_dma.c ****   */
 384:Drivers/STM32F0xx_HAL_Driver/Src/stm32f0xx_hal_dma.c **** HAL_StatusTypeDef HAL_DMA_Abort(DMA_HandleTypeDef *hdma)
 385:Drivers/STM32F0xx_HAL_Driver/Src/stm32f0xx_hal_dma.c **** {
 386:Drivers/STM32F0xx_HAL_Driver/Src/stm32f0xx_hal_dma.c ****   if (hdma->State != HAL_DMA_STATE_BUSY)
 387:Drivers/STM32F0xx_HAL_Driver/Src/stm32f0xx_hal_dma.c ****   {
 388:Drivers/STM32F0xx_HAL_Driver/Src/stm32f0xx_hal_dma.c ****     /* no transfer ongoing */
 389:Drivers/STM32F0xx_HAL_Driver/Src/stm32f0xx_hal_dma.c ****     hdma->ErrorCode = HAL_DMA_ERROR_NO_XFER;
 390:Drivers/STM32F0xx_HAL_Driver/Src/stm32f0xx_hal_dma.c **** 
 391:Drivers/STM32F0xx_HAL_Driver/Src/stm32f0xx_hal_dma.c ****     /* Process Unlocked */
 392:Drivers/STM32F0xx_HAL_Driver/Src/stm32f0xx_hal_dma.c ****     __HAL_UNLOCK(hdma);
 393:Drivers/STM32F0xx_HAL_Driver/Src/stm32f0xx_hal_dma.c **** 
 394:Drivers/STM32F0xx_HAL_Driver/Src/stm32f0xx_hal_dma.c ****     return HAL_ERROR;
 395:Drivers/STM32F0xx_HAL_Driver/Src/stm32f0xx_hal_dma.c ****   }
 396:Drivers/STM32F0xx_HAL_Driver/Src/stm32f0xx_hal_dma.c ****   else
 397:Drivers/STM32F0xx_HAL_Driver/Src/stm32f0xx_hal_dma.c ****   {
 398:Drivers/STM32F0xx_HAL_Driver/Src/stm32f0xx_hal_dma.c ****     /* Disable DMA IT */
 399:Drivers/STM32F0xx_HAL_Driver/Src/stm32f0xx_hal_dma.c ****     hdma->Instance->CCR &= ~(DMA_IT_TC | DMA_IT_HT | DMA_IT_TE);
 400:Drivers/STM32F0xx_HAL_Driver/Src/stm32f0xx_hal_dma.c **** 
 401:Drivers/STM32F0xx_HAL_Driver/Src/stm32f0xx_hal_dma.c ****     /* Disable the channel */
 402:Drivers/STM32F0xx_HAL_Driver/Src/stm32f0xx_hal_dma.c ****     hdma->Instance->CCR &= ~DMA_CCR_EN;
 403:Drivers/STM32F0xx_HAL_Driver/Src/stm32f0xx_hal_dma.c **** 
 404:Drivers/STM32F0xx_HAL_Driver/Src/stm32f0xx_hal_dma.c ****     /* Clear all flags */
 405:Drivers/STM32F0xx_HAL_Driver/Src/stm32f0xx_hal_dma.c ****     hdma->DmaBaseAddress->IFCR = (DMA_FLAG_GL1 << hdma->ChannelIndex);
 406:Drivers/STM32F0xx_HAL_Driver/Src/stm32f0xx_hal_dma.c ****   }
 407:Drivers/STM32F0xx_HAL_Driver/Src/stm32f0xx_hal_dma.c ****   /* Change the DMA state*/
 408:Drivers/STM32F0xx_HAL_Driver/Src/stm32f0xx_hal_dma.c ****   hdma->State = HAL_DMA_STATE_READY;
 409:Drivers/STM32F0xx_HAL_Driver/Src/stm32f0xx_hal_dma.c **** 
 410:Drivers/STM32F0xx_HAL_Driver/Src/stm32f0xx_hal_dma.c ****   /* Process Unlocked */
 411:Drivers/STM32F0xx_HAL_Driver/Src/stm32f0xx_hal_dma.c ****   __HAL_UNLOCK(hdma);
 412:Drivers/STM32F0xx_HAL_Driver/Src/stm32f0xx_hal_dma.c **** 
 413:Drivers/STM32F0xx_HAL_Driver/Src/stm32f0xx_hal_dma.c ****   return HAL_OK;
 414:Drivers/STM32F0xx_HAL_Driver/Src/stm32f0xx_hal_dma.c **** }
 415:Drivers/STM32F0xx_HAL_Driver/Src/stm32f0xx_hal_dma.c **** 
 416:Drivers/STM32F0xx_HAL_Driver/Src/stm32f0xx_hal_dma.c **** /**
 417:Drivers/STM32F0xx_HAL_Driver/Src/stm32f0xx_hal_dma.c ****   * @brief  Abort the DMA Transfer in Interrupt mode.
 418:Drivers/STM32F0xx_HAL_Driver/Src/stm32f0xx_hal_dma.c ****   * @param  hdma  pointer to a DMA_HandleTypeDef structure that contains
 419:Drivers/STM32F0xx_HAL_Driver/Src/stm32f0xx_hal_dma.c ****   *               the configuration information for the specified DMA Stream.
 420:Drivers/STM32F0xx_HAL_Driver/Src/stm32f0xx_hal_dma.c ****   * @retval HAL status
 421:Drivers/STM32F0xx_HAL_Driver/Src/stm32f0xx_hal_dma.c ****   */
 422:Drivers/STM32F0xx_HAL_Driver/Src/stm32f0xx_hal_dma.c **** HAL_StatusTypeDef HAL_DMA_Abort_IT(DMA_HandleTypeDef *hdma)
 423:Drivers/STM32F0xx_HAL_Driver/Src/stm32f0xx_hal_dma.c **** {
 424:Drivers/STM32F0xx_HAL_Driver/Src/stm32f0xx_hal_dma.c ****   HAL_StatusTypeDef status = HAL_OK;
 425:Drivers/STM32F0xx_HAL_Driver/Src/stm32f0xx_hal_dma.c **** 
 426:Drivers/STM32F0xx_HAL_Driver/Src/stm32f0xx_hal_dma.c ****   if (HAL_DMA_STATE_BUSY != hdma->State)
 427:Drivers/STM32F0xx_HAL_Driver/Src/stm32f0xx_hal_dma.c ****   {
 428:Drivers/STM32F0xx_HAL_Driver/Src/stm32f0xx_hal_dma.c ****     /* no transfer ongoing */
 429:Drivers/STM32F0xx_HAL_Driver/Src/stm32f0xx_hal_dma.c ****     hdma->ErrorCode = HAL_DMA_ERROR_NO_XFER;
 430:Drivers/STM32F0xx_HAL_Driver/Src/stm32f0xx_hal_dma.c **** 
 431:Drivers/STM32F0xx_HAL_Driver/Src/stm32f0xx_hal_dma.c ****     status = HAL_ERROR;
ARM GAS  /tmp/ccrbgVKC.s 			page 9


 432:Drivers/STM32F0xx_HAL_Driver/Src/stm32f0xx_hal_dma.c ****   }
 433:Drivers/STM32F0xx_HAL_Driver/Src/stm32f0xx_hal_dma.c ****   else
 434:Drivers/STM32F0xx_HAL_Driver/Src/stm32f0xx_hal_dma.c ****   {
 435:Drivers/STM32F0xx_HAL_Driver/Src/stm32f0xx_hal_dma.c **** 
 436:Drivers/STM32F0xx_HAL_Driver/Src/stm32f0xx_hal_dma.c ****     /* Disable DMA IT */
 437:Drivers/STM32F0xx_HAL_Driver/Src/stm32f0xx_hal_dma.c ****     hdma->Instance->CCR &= ~(DMA_IT_TC | DMA_IT_HT | DMA_IT_TE);
 438:Drivers/STM32F0xx_HAL_Driver/Src/stm32f0xx_hal_dma.c **** 
 439:Drivers/STM32F0xx_HAL_Driver/Src/stm32f0xx_hal_dma.c ****     /* Disable the channel */
 440:Drivers/STM32F0xx_HAL_Driver/Src/stm32f0xx_hal_dma.c ****     hdma->Instance->CCR &= ~DMA_CCR_EN;
 441:Drivers/STM32F0xx_HAL_Driver/Src/stm32f0xx_hal_dma.c **** 
 442:Drivers/STM32F0xx_HAL_Driver/Src/stm32f0xx_hal_dma.c ****     /* Clear all flags */
 443:Drivers/STM32F0xx_HAL_Driver/Src/stm32f0xx_hal_dma.c ****     hdma->DmaBaseAddress->IFCR = DMA_FLAG_GL1 << hdma->ChannelIndex;
 444:Drivers/STM32F0xx_HAL_Driver/Src/stm32f0xx_hal_dma.c **** 
 445:Drivers/STM32F0xx_HAL_Driver/Src/stm32f0xx_hal_dma.c ****     /* Change the DMA state */
 446:Drivers/STM32F0xx_HAL_Driver/Src/stm32f0xx_hal_dma.c ****     hdma->State = HAL_DMA_STATE_READY;
 447:Drivers/STM32F0xx_HAL_Driver/Src/stm32f0xx_hal_dma.c **** 
 448:Drivers/STM32F0xx_HAL_Driver/Src/stm32f0xx_hal_dma.c ****     /* Process Unlocked */
 449:Drivers/STM32F0xx_HAL_Driver/Src/stm32f0xx_hal_dma.c ****     __HAL_UNLOCK(hdma);
 450:Drivers/STM32F0xx_HAL_Driver/Src/stm32f0xx_hal_dma.c **** 
 451:Drivers/STM32F0xx_HAL_Driver/Src/stm32f0xx_hal_dma.c ****     /* Call User Abort callback */
 452:Drivers/STM32F0xx_HAL_Driver/Src/stm32f0xx_hal_dma.c ****     if (hdma->XferAbortCallback != NULL)
 453:Drivers/STM32F0xx_HAL_Driver/Src/stm32f0xx_hal_dma.c ****     {
 454:Drivers/STM32F0xx_HAL_Driver/Src/stm32f0xx_hal_dma.c ****       hdma->XferAbortCallback(hdma);
 455:Drivers/STM32F0xx_HAL_Driver/Src/stm32f0xx_hal_dma.c ****     }
 456:Drivers/STM32F0xx_HAL_Driver/Src/stm32f0xx_hal_dma.c ****   }
 457:Drivers/STM32F0xx_HAL_Driver/Src/stm32f0xx_hal_dma.c ****   return status;
 458:Drivers/STM32F0xx_HAL_Driver/Src/stm32f0xx_hal_dma.c **** }
 459:Drivers/STM32F0xx_HAL_Driver/Src/stm32f0xx_hal_dma.c **** 
 460:Drivers/STM32F0xx_HAL_Driver/Src/stm32f0xx_hal_dma.c **** /**
 461:Drivers/STM32F0xx_HAL_Driver/Src/stm32f0xx_hal_dma.c ****   * @brief  Polling for transfer complete.
 462:Drivers/STM32F0xx_HAL_Driver/Src/stm32f0xx_hal_dma.c ****   * @param  hdma    pointer to a DMA_HandleTypeDef structure that contains
 463:Drivers/STM32F0xx_HAL_Driver/Src/stm32f0xx_hal_dma.c ****   *                  the configuration information for the specified DMA Channel.
 464:Drivers/STM32F0xx_HAL_Driver/Src/stm32f0xx_hal_dma.c ****   * @param  CompleteLevel Specifies the DMA level complete.
 465:Drivers/STM32F0xx_HAL_Driver/Src/stm32f0xx_hal_dma.c ****   * @param  Timeout       Timeout duration.
 466:Drivers/STM32F0xx_HAL_Driver/Src/stm32f0xx_hal_dma.c ****   * @retval HAL status
 467:Drivers/STM32F0xx_HAL_Driver/Src/stm32f0xx_hal_dma.c ****   */
 468:Drivers/STM32F0xx_HAL_Driver/Src/stm32f0xx_hal_dma.c **** HAL_StatusTypeDef HAL_DMA_PollForTransfer(DMA_HandleTypeDef *hdma, uint32_t CompleteLevel, uint32_t
 469:Drivers/STM32F0xx_HAL_Driver/Src/stm32f0xx_hal_dma.c **** {
 470:Drivers/STM32F0xx_HAL_Driver/Src/stm32f0xx_hal_dma.c ****   uint32_t temp;
 471:Drivers/STM32F0xx_HAL_Driver/Src/stm32f0xx_hal_dma.c ****   uint32_t tickstart = 0U;
 472:Drivers/STM32F0xx_HAL_Driver/Src/stm32f0xx_hal_dma.c **** 
 473:Drivers/STM32F0xx_HAL_Driver/Src/stm32f0xx_hal_dma.c ****   if (HAL_DMA_STATE_BUSY != hdma->State)
 474:Drivers/STM32F0xx_HAL_Driver/Src/stm32f0xx_hal_dma.c ****   {
 475:Drivers/STM32F0xx_HAL_Driver/Src/stm32f0xx_hal_dma.c ****     /* no transfer ongoing */
 476:Drivers/STM32F0xx_HAL_Driver/Src/stm32f0xx_hal_dma.c ****     hdma->ErrorCode = HAL_DMA_ERROR_NO_XFER;
 477:Drivers/STM32F0xx_HAL_Driver/Src/stm32f0xx_hal_dma.c ****     __HAL_UNLOCK(hdma);
 478:Drivers/STM32F0xx_HAL_Driver/Src/stm32f0xx_hal_dma.c ****     return HAL_ERROR;
 479:Drivers/STM32F0xx_HAL_Driver/Src/stm32f0xx_hal_dma.c ****   }
 480:Drivers/STM32F0xx_HAL_Driver/Src/stm32f0xx_hal_dma.c **** 
 481:Drivers/STM32F0xx_HAL_Driver/Src/stm32f0xx_hal_dma.c ****   /* Polling mode not supported in circular mode */
 482:Drivers/STM32F0xx_HAL_Driver/Src/stm32f0xx_hal_dma.c ****   if (RESET != (hdma->Instance->CCR & DMA_CCR_CIRC))
 483:Drivers/STM32F0xx_HAL_Driver/Src/stm32f0xx_hal_dma.c ****   {
 484:Drivers/STM32F0xx_HAL_Driver/Src/stm32f0xx_hal_dma.c ****     hdma->ErrorCode = HAL_DMA_ERROR_NOT_SUPPORTED;
 485:Drivers/STM32F0xx_HAL_Driver/Src/stm32f0xx_hal_dma.c ****     return HAL_ERROR;
 486:Drivers/STM32F0xx_HAL_Driver/Src/stm32f0xx_hal_dma.c ****   }
 487:Drivers/STM32F0xx_HAL_Driver/Src/stm32f0xx_hal_dma.c **** 
 488:Drivers/STM32F0xx_HAL_Driver/Src/stm32f0xx_hal_dma.c ****   /* Get the level transfer complete flag */
ARM GAS  /tmp/ccrbgVKC.s 			page 10


 489:Drivers/STM32F0xx_HAL_Driver/Src/stm32f0xx_hal_dma.c ****   if (HAL_DMA_FULL_TRANSFER == CompleteLevel)
 490:Drivers/STM32F0xx_HAL_Driver/Src/stm32f0xx_hal_dma.c ****   {
 491:Drivers/STM32F0xx_HAL_Driver/Src/stm32f0xx_hal_dma.c ****     /* Transfer Complete flag */
 492:Drivers/STM32F0xx_HAL_Driver/Src/stm32f0xx_hal_dma.c ****     temp = DMA_FLAG_TC1 << hdma->ChannelIndex;
 493:Drivers/STM32F0xx_HAL_Driver/Src/stm32f0xx_hal_dma.c ****   }
 494:Drivers/STM32F0xx_HAL_Driver/Src/stm32f0xx_hal_dma.c ****   else
 495:Drivers/STM32F0xx_HAL_Driver/Src/stm32f0xx_hal_dma.c ****   {
 496:Drivers/STM32F0xx_HAL_Driver/Src/stm32f0xx_hal_dma.c ****     /* Half Transfer Complete flag */
 497:Drivers/STM32F0xx_HAL_Driver/Src/stm32f0xx_hal_dma.c ****     temp = DMA_FLAG_HT1 << hdma->ChannelIndex;
 498:Drivers/STM32F0xx_HAL_Driver/Src/stm32f0xx_hal_dma.c ****   }
 499:Drivers/STM32F0xx_HAL_Driver/Src/stm32f0xx_hal_dma.c **** 
 500:Drivers/STM32F0xx_HAL_Driver/Src/stm32f0xx_hal_dma.c ****   /* Get tick */
 501:Drivers/STM32F0xx_HAL_Driver/Src/stm32f0xx_hal_dma.c ****   tickstart = HAL_GetTick();
 502:Drivers/STM32F0xx_HAL_Driver/Src/stm32f0xx_hal_dma.c **** 
 503:Drivers/STM32F0xx_HAL_Driver/Src/stm32f0xx_hal_dma.c ****   while (RESET == (hdma->DmaBaseAddress->ISR & temp))
 504:Drivers/STM32F0xx_HAL_Driver/Src/stm32f0xx_hal_dma.c ****   {
 505:Drivers/STM32F0xx_HAL_Driver/Src/stm32f0xx_hal_dma.c ****     if (RESET != (hdma->DmaBaseAddress->ISR & (DMA_FLAG_TE1 << hdma->ChannelIndex)))
 506:Drivers/STM32F0xx_HAL_Driver/Src/stm32f0xx_hal_dma.c ****     {
 507:Drivers/STM32F0xx_HAL_Driver/Src/stm32f0xx_hal_dma.c ****       /* When a DMA transfer error occurs */
 508:Drivers/STM32F0xx_HAL_Driver/Src/stm32f0xx_hal_dma.c ****       /* A hardware clear of its EN bits is performed */
 509:Drivers/STM32F0xx_HAL_Driver/Src/stm32f0xx_hal_dma.c ****       /* Clear all flags */
 510:Drivers/STM32F0xx_HAL_Driver/Src/stm32f0xx_hal_dma.c ****       hdma->DmaBaseAddress->IFCR = DMA_FLAG_GL1 << hdma->ChannelIndex;
 511:Drivers/STM32F0xx_HAL_Driver/Src/stm32f0xx_hal_dma.c **** 
 512:Drivers/STM32F0xx_HAL_Driver/Src/stm32f0xx_hal_dma.c ****       /* Update error code */
 513:Drivers/STM32F0xx_HAL_Driver/Src/stm32f0xx_hal_dma.c ****       hdma->ErrorCode = HAL_DMA_ERROR_TE;
 514:Drivers/STM32F0xx_HAL_Driver/Src/stm32f0xx_hal_dma.c **** 
 515:Drivers/STM32F0xx_HAL_Driver/Src/stm32f0xx_hal_dma.c ****       /* Change the DMA state */
 516:Drivers/STM32F0xx_HAL_Driver/Src/stm32f0xx_hal_dma.c ****       hdma->State = HAL_DMA_STATE_READY;
 517:Drivers/STM32F0xx_HAL_Driver/Src/stm32f0xx_hal_dma.c **** 
 518:Drivers/STM32F0xx_HAL_Driver/Src/stm32f0xx_hal_dma.c ****       /* Process Unlocked */
 519:Drivers/STM32F0xx_HAL_Driver/Src/stm32f0xx_hal_dma.c ****       __HAL_UNLOCK(hdma);
 520:Drivers/STM32F0xx_HAL_Driver/Src/stm32f0xx_hal_dma.c **** 
 521:Drivers/STM32F0xx_HAL_Driver/Src/stm32f0xx_hal_dma.c ****       return HAL_ERROR;
 522:Drivers/STM32F0xx_HAL_Driver/Src/stm32f0xx_hal_dma.c ****     }
 523:Drivers/STM32F0xx_HAL_Driver/Src/stm32f0xx_hal_dma.c ****     /* Check for the Timeout */
 524:Drivers/STM32F0xx_HAL_Driver/Src/stm32f0xx_hal_dma.c ****     if (Timeout != HAL_MAX_DELAY)
 525:Drivers/STM32F0xx_HAL_Driver/Src/stm32f0xx_hal_dma.c ****     {
 526:Drivers/STM32F0xx_HAL_Driver/Src/stm32f0xx_hal_dma.c ****       if ((Timeout == 0U) || ((HAL_GetTick() - tickstart) > Timeout))
 527:Drivers/STM32F0xx_HAL_Driver/Src/stm32f0xx_hal_dma.c ****       {
 528:Drivers/STM32F0xx_HAL_Driver/Src/stm32f0xx_hal_dma.c ****         /* Update error code */
 529:Drivers/STM32F0xx_HAL_Driver/Src/stm32f0xx_hal_dma.c ****         hdma->ErrorCode = HAL_DMA_ERROR_TIMEOUT;
 530:Drivers/STM32F0xx_HAL_Driver/Src/stm32f0xx_hal_dma.c **** 
 531:Drivers/STM32F0xx_HAL_Driver/Src/stm32f0xx_hal_dma.c ****         /* Change the DMA state */
 532:Drivers/STM32F0xx_HAL_Driver/Src/stm32f0xx_hal_dma.c ****         hdma->State = HAL_DMA_STATE_READY;
 533:Drivers/STM32F0xx_HAL_Driver/Src/stm32f0xx_hal_dma.c **** 
 534:Drivers/STM32F0xx_HAL_Driver/Src/stm32f0xx_hal_dma.c ****         /* Process Unlocked */
 535:Drivers/STM32F0xx_HAL_Driver/Src/stm32f0xx_hal_dma.c ****         __HAL_UNLOCK(hdma);
 536:Drivers/STM32F0xx_HAL_Driver/Src/stm32f0xx_hal_dma.c **** 
 537:Drivers/STM32F0xx_HAL_Driver/Src/stm32f0xx_hal_dma.c ****         return HAL_ERROR;
 538:Drivers/STM32F0xx_HAL_Driver/Src/stm32f0xx_hal_dma.c ****       }
 539:Drivers/STM32F0xx_HAL_Driver/Src/stm32f0xx_hal_dma.c ****     }
 540:Drivers/STM32F0xx_HAL_Driver/Src/stm32f0xx_hal_dma.c ****   }
 541:Drivers/STM32F0xx_HAL_Driver/Src/stm32f0xx_hal_dma.c **** 
 542:Drivers/STM32F0xx_HAL_Driver/Src/stm32f0xx_hal_dma.c ****   if (HAL_DMA_FULL_TRANSFER == CompleteLevel)
 543:Drivers/STM32F0xx_HAL_Driver/Src/stm32f0xx_hal_dma.c ****   {
 544:Drivers/STM32F0xx_HAL_Driver/Src/stm32f0xx_hal_dma.c ****     /* Clear the transfer complete flag */
 545:Drivers/STM32F0xx_HAL_Driver/Src/stm32f0xx_hal_dma.c ****     hdma->DmaBaseAddress->IFCR = DMA_FLAG_TC1 << hdma->ChannelIndex;
ARM GAS  /tmp/ccrbgVKC.s 			page 11


 546:Drivers/STM32F0xx_HAL_Driver/Src/stm32f0xx_hal_dma.c **** 
 547:Drivers/STM32F0xx_HAL_Driver/Src/stm32f0xx_hal_dma.c ****     /* The selected Channelx EN bit is cleared (DMA is disabled and
 548:Drivers/STM32F0xx_HAL_Driver/Src/stm32f0xx_hal_dma.c ****     all transfers are complete) */
 549:Drivers/STM32F0xx_HAL_Driver/Src/stm32f0xx_hal_dma.c ****     hdma->State = HAL_DMA_STATE_READY;
 550:Drivers/STM32F0xx_HAL_Driver/Src/stm32f0xx_hal_dma.c ****   }
 551:Drivers/STM32F0xx_HAL_Driver/Src/stm32f0xx_hal_dma.c ****   else
 552:Drivers/STM32F0xx_HAL_Driver/Src/stm32f0xx_hal_dma.c ****   {
 553:Drivers/STM32F0xx_HAL_Driver/Src/stm32f0xx_hal_dma.c ****     /* Clear the half transfer complete flag */
 554:Drivers/STM32F0xx_HAL_Driver/Src/stm32f0xx_hal_dma.c ****     hdma->DmaBaseAddress->IFCR = DMA_FLAG_HT1 << hdma->ChannelIndex;
 555:Drivers/STM32F0xx_HAL_Driver/Src/stm32f0xx_hal_dma.c ****   }
 556:Drivers/STM32F0xx_HAL_Driver/Src/stm32f0xx_hal_dma.c **** 
 557:Drivers/STM32F0xx_HAL_Driver/Src/stm32f0xx_hal_dma.c ****   /* Process unlocked */
 558:Drivers/STM32F0xx_HAL_Driver/Src/stm32f0xx_hal_dma.c ****   __HAL_UNLOCK(hdma);
 559:Drivers/STM32F0xx_HAL_Driver/Src/stm32f0xx_hal_dma.c **** 
 560:Drivers/STM32F0xx_HAL_Driver/Src/stm32f0xx_hal_dma.c ****   return HAL_OK;
 561:Drivers/STM32F0xx_HAL_Driver/Src/stm32f0xx_hal_dma.c **** }
 562:Drivers/STM32F0xx_HAL_Driver/Src/stm32f0xx_hal_dma.c **** 
 563:Drivers/STM32F0xx_HAL_Driver/Src/stm32f0xx_hal_dma.c **** /**
 564:Drivers/STM32F0xx_HAL_Driver/Src/stm32f0xx_hal_dma.c ****   * @brief  Handle DMA interrupt request.
 565:Drivers/STM32F0xx_HAL_Driver/Src/stm32f0xx_hal_dma.c ****   * @param  hdma pointer to a DMA_HandleTypeDef structure that contains
 566:Drivers/STM32F0xx_HAL_Driver/Src/stm32f0xx_hal_dma.c ****   *               the configuration information for the specified DMA Channel.
 567:Drivers/STM32F0xx_HAL_Driver/Src/stm32f0xx_hal_dma.c ****   * @retval None
 568:Drivers/STM32F0xx_HAL_Driver/Src/stm32f0xx_hal_dma.c ****   */
 569:Drivers/STM32F0xx_HAL_Driver/Src/stm32f0xx_hal_dma.c **** void HAL_DMA_IRQHandler(DMA_HandleTypeDef *hdma)
 570:Drivers/STM32F0xx_HAL_Driver/Src/stm32f0xx_hal_dma.c **** {
 571:Drivers/STM32F0xx_HAL_Driver/Src/stm32f0xx_hal_dma.c ****   uint32_t flag_it = hdma->DmaBaseAddress->ISR;
 572:Drivers/STM32F0xx_HAL_Driver/Src/stm32f0xx_hal_dma.c ****   uint32_t source_it = hdma->Instance->CCR;
 573:Drivers/STM32F0xx_HAL_Driver/Src/stm32f0xx_hal_dma.c **** 
 574:Drivers/STM32F0xx_HAL_Driver/Src/stm32f0xx_hal_dma.c ****   /* Half Transfer Complete Interrupt management ******************************/
 575:Drivers/STM32F0xx_HAL_Driver/Src/stm32f0xx_hal_dma.c ****   if ((RESET != (flag_it & (DMA_FLAG_HT1 << hdma->ChannelIndex))) && (RESET != (source_it & DMA_IT_
 576:Drivers/STM32F0xx_HAL_Driver/Src/stm32f0xx_hal_dma.c ****   {
 577:Drivers/STM32F0xx_HAL_Driver/Src/stm32f0xx_hal_dma.c ****     /* Disable the half transfer interrupt if the DMA mode is not CIRCULAR */
 578:Drivers/STM32F0xx_HAL_Driver/Src/stm32f0xx_hal_dma.c ****     if ((hdma->Instance->CCR & DMA_CCR_CIRC) == 0U)
 579:Drivers/STM32F0xx_HAL_Driver/Src/stm32f0xx_hal_dma.c ****     {
 580:Drivers/STM32F0xx_HAL_Driver/Src/stm32f0xx_hal_dma.c ****       /* Disable the half transfer interrupt */
 581:Drivers/STM32F0xx_HAL_Driver/Src/stm32f0xx_hal_dma.c ****       hdma->Instance->CCR &= ~DMA_IT_HT;
 582:Drivers/STM32F0xx_HAL_Driver/Src/stm32f0xx_hal_dma.c ****     }
 583:Drivers/STM32F0xx_HAL_Driver/Src/stm32f0xx_hal_dma.c **** 
 584:Drivers/STM32F0xx_HAL_Driver/Src/stm32f0xx_hal_dma.c ****     /* Clear the half transfer complete flag */
 585:Drivers/STM32F0xx_HAL_Driver/Src/stm32f0xx_hal_dma.c ****     hdma->DmaBaseAddress->IFCR = DMA_FLAG_HT1 << hdma->ChannelIndex;
 586:Drivers/STM32F0xx_HAL_Driver/Src/stm32f0xx_hal_dma.c **** 
 587:Drivers/STM32F0xx_HAL_Driver/Src/stm32f0xx_hal_dma.c ****     /* DMA peripheral state is not updated in Half Transfer */
 588:Drivers/STM32F0xx_HAL_Driver/Src/stm32f0xx_hal_dma.c ****     /* State is updated only in Transfer Complete case */
 589:Drivers/STM32F0xx_HAL_Driver/Src/stm32f0xx_hal_dma.c **** 
 590:Drivers/STM32F0xx_HAL_Driver/Src/stm32f0xx_hal_dma.c ****     if (hdma->XferHalfCpltCallback != NULL)
 591:Drivers/STM32F0xx_HAL_Driver/Src/stm32f0xx_hal_dma.c ****     {
 592:Drivers/STM32F0xx_HAL_Driver/Src/stm32f0xx_hal_dma.c ****       /* Half transfer callback */
 593:Drivers/STM32F0xx_HAL_Driver/Src/stm32f0xx_hal_dma.c ****       hdma->XferHalfCpltCallback(hdma);
 594:Drivers/STM32F0xx_HAL_Driver/Src/stm32f0xx_hal_dma.c ****     }
 595:Drivers/STM32F0xx_HAL_Driver/Src/stm32f0xx_hal_dma.c ****   }
 596:Drivers/STM32F0xx_HAL_Driver/Src/stm32f0xx_hal_dma.c **** 
 597:Drivers/STM32F0xx_HAL_Driver/Src/stm32f0xx_hal_dma.c ****   /* Transfer Complete Interrupt management ***********************************/
 598:Drivers/STM32F0xx_HAL_Driver/Src/stm32f0xx_hal_dma.c ****   else if ((RESET != (flag_it & (DMA_FLAG_TC1 << hdma->ChannelIndex))) && (RESET != (source_it & DM
 599:Drivers/STM32F0xx_HAL_Driver/Src/stm32f0xx_hal_dma.c ****   {
 600:Drivers/STM32F0xx_HAL_Driver/Src/stm32f0xx_hal_dma.c ****     if ((hdma->Instance->CCR & DMA_CCR_CIRC) == 0U)
 601:Drivers/STM32F0xx_HAL_Driver/Src/stm32f0xx_hal_dma.c ****     {
 602:Drivers/STM32F0xx_HAL_Driver/Src/stm32f0xx_hal_dma.c ****       /* Disable the transfer complete  & transfer error interrupts */
ARM GAS  /tmp/ccrbgVKC.s 			page 12


 603:Drivers/STM32F0xx_HAL_Driver/Src/stm32f0xx_hal_dma.c ****       /* if the DMA mode is not CIRCULAR */
 604:Drivers/STM32F0xx_HAL_Driver/Src/stm32f0xx_hal_dma.c ****       hdma->Instance->CCR &= ~(DMA_IT_TC | DMA_IT_TE);
 605:Drivers/STM32F0xx_HAL_Driver/Src/stm32f0xx_hal_dma.c **** 
 606:Drivers/STM32F0xx_HAL_Driver/Src/stm32f0xx_hal_dma.c ****       /* Change the DMA state */
 607:Drivers/STM32F0xx_HAL_Driver/Src/stm32f0xx_hal_dma.c ****       hdma->State = HAL_DMA_STATE_READY;
 608:Drivers/STM32F0xx_HAL_Driver/Src/stm32f0xx_hal_dma.c ****     }
 609:Drivers/STM32F0xx_HAL_Driver/Src/stm32f0xx_hal_dma.c **** 
 610:Drivers/STM32F0xx_HAL_Driver/Src/stm32f0xx_hal_dma.c ****     /* Clear the transfer complete flag */
 611:Drivers/STM32F0xx_HAL_Driver/Src/stm32f0xx_hal_dma.c ****     hdma->DmaBaseAddress->IFCR = DMA_FLAG_TC1 << hdma->ChannelIndex;
 612:Drivers/STM32F0xx_HAL_Driver/Src/stm32f0xx_hal_dma.c **** 
 613:Drivers/STM32F0xx_HAL_Driver/Src/stm32f0xx_hal_dma.c ****     /* Process Unlocked */
 614:Drivers/STM32F0xx_HAL_Driver/Src/stm32f0xx_hal_dma.c ****     __HAL_UNLOCK(hdma);
 615:Drivers/STM32F0xx_HAL_Driver/Src/stm32f0xx_hal_dma.c **** 
 616:Drivers/STM32F0xx_HAL_Driver/Src/stm32f0xx_hal_dma.c ****     if (hdma->XferCpltCallback != NULL)
 617:Drivers/STM32F0xx_HAL_Driver/Src/stm32f0xx_hal_dma.c ****     {
 618:Drivers/STM32F0xx_HAL_Driver/Src/stm32f0xx_hal_dma.c ****       /* Transfer complete callback */
 619:Drivers/STM32F0xx_HAL_Driver/Src/stm32f0xx_hal_dma.c ****       hdma->XferCpltCallback(hdma);
 620:Drivers/STM32F0xx_HAL_Driver/Src/stm32f0xx_hal_dma.c ****     }
 621:Drivers/STM32F0xx_HAL_Driver/Src/stm32f0xx_hal_dma.c ****   }
 622:Drivers/STM32F0xx_HAL_Driver/Src/stm32f0xx_hal_dma.c **** 
 623:Drivers/STM32F0xx_HAL_Driver/Src/stm32f0xx_hal_dma.c ****   /* Transfer Error Interrupt management ***************************************/
 624:Drivers/STM32F0xx_HAL_Driver/Src/stm32f0xx_hal_dma.c ****   else if ((RESET != (flag_it & (DMA_FLAG_TE1 << hdma->ChannelIndex))) && (RESET != (source_it & DM
 625:Drivers/STM32F0xx_HAL_Driver/Src/stm32f0xx_hal_dma.c ****   {
 626:Drivers/STM32F0xx_HAL_Driver/Src/stm32f0xx_hal_dma.c ****     /* When a DMA transfer error occurs */
 627:Drivers/STM32F0xx_HAL_Driver/Src/stm32f0xx_hal_dma.c ****     /* A hardware clear of its EN bits is performed */
 628:Drivers/STM32F0xx_HAL_Driver/Src/stm32f0xx_hal_dma.c ****     /* Then, disable all DMA interrupts */
 629:Drivers/STM32F0xx_HAL_Driver/Src/stm32f0xx_hal_dma.c ****     hdma->Instance->CCR &= ~(DMA_IT_TC | DMA_IT_HT | DMA_IT_TE);
 630:Drivers/STM32F0xx_HAL_Driver/Src/stm32f0xx_hal_dma.c **** 
 631:Drivers/STM32F0xx_HAL_Driver/Src/stm32f0xx_hal_dma.c ****     /* Clear all flags */
 632:Drivers/STM32F0xx_HAL_Driver/Src/stm32f0xx_hal_dma.c ****     hdma->DmaBaseAddress->IFCR = DMA_FLAG_GL1 << hdma->ChannelIndex;
 633:Drivers/STM32F0xx_HAL_Driver/Src/stm32f0xx_hal_dma.c **** 
 634:Drivers/STM32F0xx_HAL_Driver/Src/stm32f0xx_hal_dma.c ****     /* Update error code */
 635:Drivers/STM32F0xx_HAL_Driver/Src/stm32f0xx_hal_dma.c ****     hdma->ErrorCode = HAL_DMA_ERROR_TE;
 636:Drivers/STM32F0xx_HAL_Driver/Src/stm32f0xx_hal_dma.c **** 
 637:Drivers/STM32F0xx_HAL_Driver/Src/stm32f0xx_hal_dma.c ****     /* Change the DMA state */
 638:Drivers/STM32F0xx_HAL_Driver/Src/stm32f0xx_hal_dma.c ****     hdma->State = HAL_DMA_STATE_READY;
 639:Drivers/STM32F0xx_HAL_Driver/Src/stm32f0xx_hal_dma.c **** 
 640:Drivers/STM32F0xx_HAL_Driver/Src/stm32f0xx_hal_dma.c ****     /* Process Unlocked */
 641:Drivers/STM32F0xx_HAL_Driver/Src/stm32f0xx_hal_dma.c ****     __HAL_UNLOCK(hdma);
 642:Drivers/STM32F0xx_HAL_Driver/Src/stm32f0xx_hal_dma.c **** 
 643:Drivers/STM32F0xx_HAL_Driver/Src/stm32f0xx_hal_dma.c ****     if (hdma->XferErrorCallback != NULL)
 644:Drivers/STM32F0xx_HAL_Driver/Src/stm32f0xx_hal_dma.c ****     {
 645:Drivers/STM32F0xx_HAL_Driver/Src/stm32f0xx_hal_dma.c ****       /* Transfer error callback */
 646:Drivers/STM32F0xx_HAL_Driver/Src/stm32f0xx_hal_dma.c ****       hdma->XferErrorCallback(hdma);
 647:Drivers/STM32F0xx_HAL_Driver/Src/stm32f0xx_hal_dma.c ****     }
 648:Drivers/STM32F0xx_HAL_Driver/Src/stm32f0xx_hal_dma.c ****   }
 649:Drivers/STM32F0xx_HAL_Driver/Src/stm32f0xx_hal_dma.c **** }
 650:Drivers/STM32F0xx_HAL_Driver/Src/stm32f0xx_hal_dma.c **** 
 651:Drivers/STM32F0xx_HAL_Driver/Src/stm32f0xx_hal_dma.c **** /**
 652:Drivers/STM32F0xx_HAL_Driver/Src/stm32f0xx_hal_dma.c ****   * @brief  Register callbacks
 653:Drivers/STM32F0xx_HAL_Driver/Src/stm32f0xx_hal_dma.c ****   * @param  hdma                 pointer to a DMA_HandleTypeDef structure that contains
 654:Drivers/STM32F0xx_HAL_Driver/Src/stm32f0xx_hal_dma.c ****   *                               the configuration information for the specified DMA Stream.
 655:Drivers/STM32F0xx_HAL_Driver/Src/stm32f0xx_hal_dma.c ****   * @param  CallbackID           User Callback identifier
 656:Drivers/STM32F0xx_HAL_Driver/Src/stm32f0xx_hal_dma.c ****   *                               a HAL_DMA_CallbackIDTypeDef ENUM as parameter.
 657:Drivers/STM32F0xx_HAL_Driver/Src/stm32f0xx_hal_dma.c ****   * @param  pCallback            pointer to private callback function which has pointer to
 658:Drivers/STM32F0xx_HAL_Driver/Src/stm32f0xx_hal_dma.c ****   *                               a DMA_HandleTypeDef structure as parameter.
 659:Drivers/STM32F0xx_HAL_Driver/Src/stm32f0xx_hal_dma.c ****   * @retval HAL status
ARM GAS  /tmp/ccrbgVKC.s 			page 13


 660:Drivers/STM32F0xx_HAL_Driver/Src/stm32f0xx_hal_dma.c ****   */
 661:Drivers/STM32F0xx_HAL_Driver/Src/stm32f0xx_hal_dma.c **** HAL_StatusTypeDef HAL_DMA_RegisterCallback(DMA_HandleTypeDef *hdma, HAL_DMA_CallbackIDTypeDef Callb
 662:Drivers/STM32F0xx_HAL_Driver/Src/stm32f0xx_hal_dma.c **** {
 663:Drivers/STM32F0xx_HAL_Driver/Src/stm32f0xx_hal_dma.c ****   HAL_StatusTypeDef status = HAL_OK;
 664:Drivers/STM32F0xx_HAL_Driver/Src/stm32f0xx_hal_dma.c **** 
 665:Drivers/STM32F0xx_HAL_Driver/Src/stm32f0xx_hal_dma.c ****   /* Process locked */
 666:Drivers/STM32F0xx_HAL_Driver/Src/stm32f0xx_hal_dma.c ****   __HAL_LOCK(hdma);
 667:Drivers/STM32F0xx_HAL_Driver/Src/stm32f0xx_hal_dma.c **** 
 668:Drivers/STM32F0xx_HAL_Driver/Src/stm32f0xx_hal_dma.c ****   if (HAL_DMA_STATE_READY == hdma->State)
 669:Drivers/STM32F0xx_HAL_Driver/Src/stm32f0xx_hal_dma.c ****   {
 670:Drivers/STM32F0xx_HAL_Driver/Src/stm32f0xx_hal_dma.c ****     switch (CallbackID)
 671:Drivers/STM32F0xx_HAL_Driver/Src/stm32f0xx_hal_dma.c ****     {
 672:Drivers/STM32F0xx_HAL_Driver/Src/stm32f0xx_hal_dma.c ****       case  HAL_DMA_XFER_CPLT_CB_ID:
 673:Drivers/STM32F0xx_HAL_Driver/Src/stm32f0xx_hal_dma.c ****         hdma->XferCpltCallback = pCallback;
 674:Drivers/STM32F0xx_HAL_Driver/Src/stm32f0xx_hal_dma.c ****         break;
 675:Drivers/STM32F0xx_HAL_Driver/Src/stm32f0xx_hal_dma.c **** 
 676:Drivers/STM32F0xx_HAL_Driver/Src/stm32f0xx_hal_dma.c ****       case  HAL_DMA_XFER_HALFCPLT_CB_ID:
 677:Drivers/STM32F0xx_HAL_Driver/Src/stm32f0xx_hal_dma.c ****         hdma->XferHalfCpltCallback = pCallback;
 678:Drivers/STM32F0xx_HAL_Driver/Src/stm32f0xx_hal_dma.c ****         break;
 679:Drivers/STM32F0xx_HAL_Driver/Src/stm32f0xx_hal_dma.c **** 
 680:Drivers/STM32F0xx_HAL_Driver/Src/stm32f0xx_hal_dma.c ****       case  HAL_DMA_XFER_ERROR_CB_ID:
 681:Drivers/STM32F0xx_HAL_Driver/Src/stm32f0xx_hal_dma.c ****         hdma->XferErrorCallback = pCallback;
 682:Drivers/STM32F0xx_HAL_Driver/Src/stm32f0xx_hal_dma.c ****         break;
 683:Drivers/STM32F0xx_HAL_Driver/Src/stm32f0xx_hal_dma.c **** 
 684:Drivers/STM32F0xx_HAL_Driver/Src/stm32f0xx_hal_dma.c ****       case  HAL_DMA_XFER_ABORT_CB_ID:
 685:Drivers/STM32F0xx_HAL_Driver/Src/stm32f0xx_hal_dma.c ****         hdma->XferAbortCallback = pCallback;
 686:Drivers/STM32F0xx_HAL_Driver/Src/stm32f0xx_hal_dma.c ****         break;
 687:Drivers/STM32F0xx_HAL_Driver/Src/stm32f0xx_hal_dma.c **** 
 688:Drivers/STM32F0xx_HAL_Driver/Src/stm32f0xx_hal_dma.c ****       default:
 689:Drivers/STM32F0xx_HAL_Driver/Src/stm32f0xx_hal_dma.c ****         status = HAL_ERROR;
 690:Drivers/STM32F0xx_HAL_Driver/Src/stm32f0xx_hal_dma.c ****         break;
 691:Drivers/STM32F0xx_HAL_Driver/Src/stm32f0xx_hal_dma.c ****     }
 692:Drivers/STM32F0xx_HAL_Driver/Src/stm32f0xx_hal_dma.c ****   }
 693:Drivers/STM32F0xx_HAL_Driver/Src/stm32f0xx_hal_dma.c ****   else
 694:Drivers/STM32F0xx_HAL_Driver/Src/stm32f0xx_hal_dma.c ****   {
 695:Drivers/STM32F0xx_HAL_Driver/Src/stm32f0xx_hal_dma.c ****     status = HAL_ERROR;
 696:Drivers/STM32F0xx_HAL_Driver/Src/stm32f0xx_hal_dma.c ****   }
 697:Drivers/STM32F0xx_HAL_Driver/Src/stm32f0xx_hal_dma.c **** 
 698:Drivers/STM32F0xx_HAL_Driver/Src/stm32f0xx_hal_dma.c ****   /* Release Lock */
 699:Drivers/STM32F0xx_HAL_Driver/Src/stm32f0xx_hal_dma.c ****   __HAL_UNLOCK(hdma);
 700:Drivers/STM32F0xx_HAL_Driver/Src/stm32f0xx_hal_dma.c **** 
 701:Drivers/STM32F0xx_HAL_Driver/Src/stm32f0xx_hal_dma.c ****   return status;
 702:Drivers/STM32F0xx_HAL_Driver/Src/stm32f0xx_hal_dma.c **** }
 703:Drivers/STM32F0xx_HAL_Driver/Src/stm32f0xx_hal_dma.c **** 
 704:Drivers/STM32F0xx_HAL_Driver/Src/stm32f0xx_hal_dma.c **** /**
 705:Drivers/STM32F0xx_HAL_Driver/Src/stm32f0xx_hal_dma.c ****   * @brief  UnRegister callbacks
 706:Drivers/STM32F0xx_HAL_Driver/Src/stm32f0xx_hal_dma.c ****   * @param  hdma                 pointer to a DMA_HandleTypeDef structure that contains
 707:Drivers/STM32F0xx_HAL_Driver/Src/stm32f0xx_hal_dma.c ****   *                               the configuration information for the specified DMA Stream.
 708:Drivers/STM32F0xx_HAL_Driver/Src/stm32f0xx_hal_dma.c ****   * @param  CallbackID           User Callback identifier
 709:Drivers/STM32F0xx_HAL_Driver/Src/stm32f0xx_hal_dma.c ****   *                               a HAL_DMA_CallbackIDTypeDef ENUM as parameter.
 710:Drivers/STM32F0xx_HAL_Driver/Src/stm32f0xx_hal_dma.c ****   * @retval HAL status
 711:Drivers/STM32F0xx_HAL_Driver/Src/stm32f0xx_hal_dma.c ****   */
 712:Drivers/STM32F0xx_HAL_Driver/Src/stm32f0xx_hal_dma.c **** HAL_StatusTypeDef HAL_DMA_UnRegisterCallback(DMA_HandleTypeDef *hdma, HAL_DMA_CallbackIDTypeDef Cal
 713:Drivers/STM32F0xx_HAL_Driver/Src/stm32f0xx_hal_dma.c **** {
 714:Drivers/STM32F0xx_HAL_Driver/Src/stm32f0xx_hal_dma.c ****   HAL_StatusTypeDef status = HAL_OK;
 715:Drivers/STM32F0xx_HAL_Driver/Src/stm32f0xx_hal_dma.c **** 
 716:Drivers/STM32F0xx_HAL_Driver/Src/stm32f0xx_hal_dma.c ****   /* Process locked */
ARM GAS  /tmp/ccrbgVKC.s 			page 14


 717:Drivers/STM32F0xx_HAL_Driver/Src/stm32f0xx_hal_dma.c ****   __HAL_LOCK(hdma);
 718:Drivers/STM32F0xx_HAL_Driver/Src/stm32f0xx_hal_dma.c **** 
 719:Drivers/STM32F0xx_HAL_Driver/Src/stm32f0xx_hal_dma.c ****   if (HAL_DMA_STATE_READY == hdma->State)
 720:Drivers/STM32F0xx_HAL_Driver/Src/stm32f0xx_hal_dma.c ****   {
 721:Drivers/STM32F0xx_HAL_Driver/Src/stm32f0xx_hal_dma.c ****     switch (CallbackID)
 722:Drivers/STM32F0xx_HAL_Driver/Src/stm32f0xx_hal_dma.c ****     {
 723:Drivers/STM32F0xx_HAL_Driver/Src/stm32f0xx_hal_dma.c ****       case  HAL_DMA_XFER_CPLT_CB_ID:
 724:Drivers/STM32F0xx_HAL_Driver/Src/stm32f0xx_hal_dma.c ****         hdma->XferCpltCallback = NULL;
 725:Drivers/STM32F0xx_HAL_Driver/Src/stm32f0xx_hal_dma.c ****         break;
 726:Drivers/STM32F0xx_HAL_Driver/Src/stm32f0xx_hal_dma.c **** 
 727:Drivers/STM32F0xx_HAL_Driver/Src/stm32f0xx_hal_dma.c ****       case  HAL_DMA_XFER_HALFCPLT_CB_ID:
 728:Drivers/STM32F0xx_HAL_Driver/Src/stm32f0xx_hal_dma.c ****         hdma->XferHalfCpltCallback = NULL;
 729:Drivers/STM32F0xx_HAL_Driver/Src/stm32f0xx_hal_dma.c ****         break;
 730:Drivers/STM32F0xx_HAL_Driver/Src/stm32f0xx_hal_dma.c **** 
 731:Drivers/STM32F0xx_HAL_Driver/Src/stm32f0xx_hal_dma.c ****       case  HAL_DMA_XFER_ERROR_CB_ID:
 732:Drivers/STM32F0xx_HAL_Driver/Src/stm32f0xx_hal_dma.c ****         hdma->XferErrorCallback = NULL;
 733:Drivers/STM32F0xx_HAL_Driver/Src/stm32f0xx_hal_dma.c ****         break;
 734:Drivers/STM32F0xx_HAL_Driver/Src/stm32f0xx_hal_dma.c **** 
 735:Drivers/STM32F0xx_HAL_Driver/Src/stm32f0xx_hal_dma.c ****       case  HAL_DMA_XFER_ABORT_CB_ID:
 736:Drivers/STM32F0xx_HAL_Driver/Src/stm32f0xx_hal_dma.c ****         hdma->XferAbortCallback = NULL;
 737:Drivers/STM32F0xx_HAL_Driver/Src/stm32f0xx_hal_dma.c ****         break;
 738:Drivers/STM32F0xx_HAL_Driver/Src/stm32f0xx_hal_dma.c **** 
 739:Drivers/STM32F0xx_HAL_Driver/Src/stm32f0xx_hal_dma.c ****       case   HAL_DMA_XFER_ALL_CB_ID:
 740:Drivers/STM32F0xx_HAL_Driver/Src/stm32f0xx_hal_dma.c ****         hdma->XferCpltCallback = NULL;
 741:Drivers/STM32F0xx_HAL_Driver/Src/stm32f0xx_hal_dma.c ****         hdma->XferHalfCpltCallback = NULL;
 742:Drivers/STM32F0xx_HAL_Driver/Src/stm32f0xx_hal_dma.c ****         hdma->XferErrorCallback = NULL;
 743:Drivers/STM32F0xx_HAL_Driver/Src/stm32f0xx_hal_dma.c ****         hdma->XferAbortCallback = NULL;
 744:Drivers/STM32F0xx_HAL_Driver/Src/stm32f0xx_hal_dma.c ****         break;
 745:Drivers/STM32F0xx_HAL_Driver/Src/stm32f0xx_hal_dma.c **** 
 746:Drivers/STM32F0xx_HAL_Driver/Src/stm32f0xx_hal_dma.c ****       default:
 747:Drivers/STM32F0xx_HAL_Driver/Src/stm32f0xx_hal_dma.c ****         status = HAL_ERROR;
 748:Drivers/STM32F0xx_HAL_Driver/Src/stm32f0xx_hal_dma.c ****         break;
 749:Drivers/STM32F0xx_HAL_Driver/Src/stm32f0xx_hal_dma.c ****     }
 750:Drivers/STM32F0xx_HAL_Driver/Src/stm32f0xx_hal_dma.c ****   }
 751:Drivers/STM32F0xx_HAL_Driver/Src/stm32f0xx_hal_dma.c ****   else
 752:Drivers/STM32F0xx_HAL_Driver/Src/stm32f0xx_hal_dma.c ****   {
 753:Drivers/STM32F0xx_HAL_Driver/Src/stm32f0xx_hal_dma.c ****     status = HAL_ERROR;
 754:Drivers/STM32F0xx_HAL_Driver/Src/stm32f0xx_hal_dma.c ****   }
 755:Drivers/STM32F0xx_HAL_Driver/Src/stm32f0xx_hal_dma.c **** 
 756:Drivers/STM32F0xx_HAL_Driver/Src/stm32f0xx_hal_dma.c ****   /* Release Lock */
 757:Drivers/STM32F0xx_HAL_Driver/Src/stm32f0xx_hal_dma.c ****   __HAL_UNLOCK(hdma);
 758:Drivers/STM32F0xx_HAL_Driver/Src/stm32f0xx_hal_dma.c **** 
 759:Drivers/STM32F0xx_HAL_Driver/Src/stm32f0xx_hal_dma.c ****   return status;
 760:Drivers/STM32F0xx_HAL_Driver/Src/stm32f0xx_hal_dma.c **** }
 761:Drivers/STM32F0xx_HAL_Driver/Src/stm32f0xx_hal_dma.c **** 
 762:Drivers/STM32F0xx_HAL_Driver/Src/stm32f0xx_hal_dma.c **** /**
 763:Drivers/STM32F0xx_HAL_Driver/Src/stm32f0xx_hal_dma.c ****   * @}
 764:Drivers/STM32F0xx_HAL_Driver/Src/stm32f0xx_hal_dma.c ****   */
 765:Drivers/STM32F0xx_HAL_Driver/Src/stm32f0xx_hal_dma.c **** 
 766:Drivers/STM32F0xx_HAL_Driver/Src/stm32f0xx_hal_dma.c **** /** @defgroup DMA_Exported_Functions_Group3 Peripheral State functions
 767:Drivers/STM32F0xx_HAL_Driver/Src/stm32f0xx_hal_dma.c ****  *  @brief    Peripheral State functions
 768:Drivers/STM32F0xx_HAL_Driver/Src/stm32f0xx_hal_dma.c ****  *
 769:Drivers/STM32F0xx_HAL_Driver/Src/stm32f0xx_hal_dma.c **** @verbatim
 770:Drivers/STM32F0xx_HAL_Driver/Src/stm32f0xx_hal_dma.c ****  ===============================================================================
 771:Drivers/STM32F0xx_HAL_Driver/Src/stm32f0xx_hal_dma.c ****                     ##### State and Errors functions #####
 772:Drivers/STM32F0xx_HAL_Driver/Src/stm32f0xx_hal_dma.c ****  ===============================================================================
 773:Drivers/STM32F0xx_HAL_Driver/Src/stm32f0xx_hal_dma.c ****     [..]
ARM GAS  /tmp/ccrbgVKC.s 			page 15


 774:Drivers/STM32F0xx_HAL_Driver/Src/stm32f0xx_hal_dma.c ****     This subsection provides functions allowing to
 775:Drivers/STM32F0xx_HAL_Driver/Src/stm32f0xx_hal_dma.c ****       (+) Check the DMA state
 776:Drivers/STM32F0xx_HAL_Driver/Src/stm32f0xx_hal_dma.c ****       (+) Get error code
 777:Drivers/STM32F0xx_HAL_Driver/Src/stm32f0xx_hal_dma.c **** 
 778:Drivers/STM32F0xx_HAL_Driver/Src/stm32f0xx_hal_dma.c **** @endverbatim
 779:Drivers/STM32F0xx_HAL_Driver/Src/stm32f0xx_hal_dma.c ****   * @{
 780:Drivers/STM32F0xx_HAL_Driver/Src/stm32f0xx_hal_dma.c ****   */
 781:Drivers/STM32F0xx_HAL_Driver/Src/stm32f0xx_hal_dma.c **** 
 782:Drivers/STM32F0xx_HAL_Driver/Src/stm32f0xx_hal_dma.c **** /**
 783:Drivers/STM32F0xx_HAL_Driver/Src/stm32f0xx_hal_dma.c ****   * @brief  Returns the DMA state.
 784:Drivers/STM32F0xx_HAL_Driver/Src/stm32f0xx_hal_dma.c ****   * @param  hdma pointer to a DMA_HandleTypeDef structure that contains
 785:Drivers/STM32F0xx_HAL_Driver/Src/stm32f0xx_hal_dma.c ****   *               the configuration information for the specified DMA Channel.
 786:Drivers/STM32F0xx_HAL_Driver/Src/stm32f0xx_hal_dma.c ****   * @retval HAL state
 787:Drivers/STM32F0xx_HAL_Driver/Src/stm32f0xx_hal_dma.c ****   */
 788:Drivers/STM32F0xx_HAL_Driver/Src/stm32f0xx_hal_dma.c **** HAL_DMA_StateTypeDef HAL_DMA_GetState(DMA_HandleTypeDef *hdma)
 789:Drivers/STM32F0xx_HAL_Driver/Src/stm32f0xx_hal_dma.c **** {
 790:Drivers/STM32F0xx_HAL_Driver/Src/stm32f0xx_hal_dma.c ****   return hdma->State;
 791:Drivers/STM32F0xx_HAL_Driver/Src/stm32f0xx_hal_dma.c **** }
 792:Drivers/STM32F0xx_HAL_Driver/Src/stm32f0xx_hal_dma.c **** 
 793:Drivers/STM32F0xx_HAL_Driver/Src/stm32f0xx_hal_dma.c **** /**
 794:Drivers/STM32F0xx_HAL_Driver/Src/stm32f0xx_hal_dma.c ****   * @brief  Return the DMA error code
 795:Drivers/STM32F0xx_HAL_Driver/Src/stm32f0xx_hal_dma.c ****   * @param  hdma pointer to a DMA_HandleTypeDef structure that contains
 796:Drivers/STM32F0xx_HAL_Driver/Src/stm32f0xx_hal_dma.c ****   *              the configuration information for the specified DMA Channel.
 797:Drivers/STM32F0xx_HAL_Driver/Src/stm32f0xx_hal_dma.c ****   * @retval DMA Error Code
 798:Drivers/STM32F0xx_HAL_Driver/Src/stm32f0xx_hal_dma.c ****   */
 799:Drivers/STM32F0xx_HAL_Driver/Src/stm32f0xx_hal_dma.c **** uint32_t HAL_DMA_GetError(DMA_HandleTypeDef *hdma)
 800:Drivers/STM32F0xx_HAL_Driver/Src/stm32f0xx_hal_dma.c **** {
 801:Drivers/STM32F0xx_HAL_Driver/Src/stm32f0xx_hal_dma.c ****   return hdma->ErrorCode;
 802:Drivers/STM32F0xx_HAL_Driver/Src/stm32f0xx_hal_dma.c **** }
 803:Drivers/STM32F0xx_HAL_Driver/Src/stm32f0xx_hal_dma.c **** 
 804:Drivers/STM32F0xx_HAL_Driver/Src/stm32f0xx_hal_dma.c **** /**
 805:Drivers/STM32F0xx_HAL_Driver/Src/stm32f0xx_hal_dma.c ****   * @}
 806:Drivers/STM32F0xx_HAL_Driver/Src/stm32f0xx_hal_dma.c ****   */
 807:Drivers/STM32F0xx_HAL_Driver/Src/stm32f0xx_hal_dma.c **** 
 808:Drivers/STM32F0xx_HAL_Driver/Src/stm32f0xx_hal_dma.c **** /**
 809:Drivers/STM32F0xx_HAL_Driver/Src/stm32f0xx_hal_dma.c ****   * @}
 810:Drivers/STM32F0xx_HAL_Driver/Src/stm32f0xx_hal_dma.c ****   */
 811:Drivers/STM32F0xx_HAL_Driver/Src/stm32f0xx_hal_dma.c **** 
 812:Drivers/STM32F0xx_HAL_Driver/Src/stm32f0xx_hal_dma.c **** /** @addtogroup DMA_Private_Functions
 813:Drivers/STM32F0xx_HAL_Driver/Src/stm32f0xx_hal_dma.c ****   * @{
 814:Drivers/STM32F0xx_HAL_Driver/Src/stm32f0xx_hal_dma.c ****   */
 815:Drivers/STM32F0xx_HAL_Driver/Src/stm32f0xx_hal_dma.c **** 
 816:Drivers/STM32F0xx_HAL_Driver/Src/stm32f0xx_hal_dma.c **** /**
 817:Drivers/STM32F0xx_HAL_Driver/Src/stm32f0xx_hal_dma.c ****   * @brief  Set the DMA Transfer parameters.
 818:Drivers/STM32F0xx_HAL_Driver/Src/stm32f0xx_hal_dma.c ****   * @param  hdma       pointer to a DMA_HandleTypeDef structure that contains
 819:Drivers/STM32F0xx_HAL_Driver/Src/stm32f0xx_hal_dma.c ****   *                     the configuration information for the specified DMA Channel.
 820:Drivers/STM32F0xx_HAL_Driver/Src/stm32f0xx_hal_dma.c ****   * @param  SrcAddress The source memory Buffer address
 821:Drivers/STM32F0xx_HAL_Driver/Src/stm32f0xx_hal_dma.c ****   * @param  DstAddress The destination memory Buffer address
 822:Drivers/STM32F0xx_HAL_Driver/Src/stm32f0xx_hal_dma.c ****   * @param  DataLength The length of data to be transferred from source to destination
 823:Drivers/STM32F0xx_HAL_Driver/Src/stm32f0xx_hal_dma.c ****   * @retval HAL status
 824:Drivers/STM32F0xx_HAL_Driver/Src/stm32f0xx_hal_dma.c ****   */
 825:Drivers/STM32F0xx_HAL_Driver/Src/stm32f0xx_hal_dma.c **** static void DMA_SetConfig(DMA_HandleTypeDef *hdma, uint32_t SrcAddress, uint32_t DstAddress, uint32
 826:Drivers/STM32F0xx_HAL_Driver/Src/stm32f0xx_hal_dma.c **** {
  27              		.loc 1 826 1 view -0
  28              		.cfi_startproc
  29              		@ args = 0, pretend = 0, frame = 0
  30              		@ frame_needed = 0, uses_anonymous_args = 0
ARM GAS  /tmp/ccrbgVKC.s 			page 16


  31              		.loc 1 826 1 is_stmt 0 view .LVU1
  32 0000 70B5     		push	{r4, r5, r6, lr}
  33              	.LCFI0:
  34              		.cfi_def_cfa_offset 16
  35              		.cfi_offset 4, -16
  36              		.cfi_offset 5, -12
  37              		.cfi_offset 6, -8
  38              		.cfi_offset 14, -4
 827:Drivers/STM32F0xx_HAL_Driver/Src/stm32f0xx_hal_dma.c ****   /* Clear all flags */
 828:Drivers/STM32F0xx_HAL_Driver/Src/stm32f0xx_hal_dma.c ****   hdma->DmaBaseAddress->IFCR  = (DMA_FLAG_GL1 << hdma->ChannelIndex);
  39              		.loc 1 828 3 is_stmt 1 view .LVU2
  40              		.loc 1 828 54 is_stmt 0 view .LVU3
  41 0002 066C     		ldr	r6, [r0, #64]
  42              		.loc 1 828 7 view .LVU4
  43 0004 C56B     		ldr	r5, [r0, #60]
  44              		.loc 1 828 47 view .LVU5
  45 0006 0124     		movs	r4, #1
  46 0008 B440     		lsls	r4, r4, r6
  47              		.loc 1 828 31 view .LVU6
  48 000a 6C60     		str	r4, [r5, #4]
 829:Drivers/STM32F0xx_HAL_Driver/Src/stm32f0xx_hal_dma.c **** 
 830:Drivers/STM32F0xx_HAL_Driver/Src/stm32f0xx_hal_dma.c ****   /* Configure DMA Channel data length */
 831:Drivers/STM32F0xx_HAL_Driver/Src/stm32f0xx_hal_dma.c ****   hdma->Instance->CNDTR = DataLength;
  49              		.loc 1 831 3 is_stmt 1 view .LVU7
  50              		.loc 1 831 7 is_stmt 0 view .LVU8
  51 000c 0468     		ldr	r4, [r0]
  52              		.loc 1 831 25 view .LVU9
  53 000e 6360     		str	r3, [r4, #4]
 832:Drivers/STM32F0xx_HAL_Driver/Src/stm32f0xx_hal_dma.c **** 
 833:Drivers/STM32F0xx_HAL_Driver/Src/stm32f0xx_hal_dma.c ****   /* Memory to Peripheral */
 834:Drivers/STM32F0xx_HAL_Driver/Src/stm32f0xx_hal_dma.c ****   if ((hdma->Init.Direction) == DMA_MEMORY_TO_PERIPH)
  54              		.loc 1 834 3 is_stmt 1 view .LVU10
  55              		.loc 1 834 18 is_stmt 0 view .LVU11
  56 0010 4368     		ldr	r3, [r0, #4]
  57              	.LVL1:
  58              		.loc 1 834 6 view .LVU12
  59 0012 102B     		cmp	r3, #16
  60 0014 04D0     		beq	.L4
 835:Drivers/STM32F0xx_HAL_Driver/Src/stm32f0xx_hal_dma.c ****   {
 836:Drivers/STM32F0xx_HAL_Driver/Src/stm32f0xx_hal_dma.c ****     /* Configure DMA Channel destination address */
 837:Drivers/STM32F0xx_HAL_Driver/Src/stm32f0xx_hal_dma.c ****     hdma->Instance->CPAR = DstAddress;
 838:Drivers/STM32F0xx_HAL_Driver/Src/stm32f0xx_hal_dma.c **** 
 839:Drivers/STM32F0xx_HAL_Driver/Src/stm32f0xx_hal_dma.c ****     /* Configure DMA Channel source address */
 840:Drivers/STM32F0xx_HAL_Driver/Src/stm32f0xx_hal_dma.c ****     hdma->Instance->CMAR = SrcAddress;
 841:Drivers/STM32F0xx_HAL_Driver/Src/stm32f0xx_hal_dma.c ****   }
 842:Drivers/STM32F0xx_HAL_Driver/Src/stm32f0xx_hal_dma.c ****   /* Peripheral to Memory */
 843:Drivers/STM32F0xx_HAL_Driver/Src/stm32f0xx_hal_dma.c ****   else
 844:Drivers/STM32F0xx_HAL_Driver/Src/stm32f0xx_hal_dma.c ****   {
 845:Drivers/STM32F0xx_HAL_Driver/Src/stm32f0xx_hal_dma.c ****     /* Configure DMA Channel source address */
 846:Drivers/STM32F0xx_HAL_Driver/Src/stm32f0xx_hal_dma.c ****     hdma->Instance->CPAR = SrcAddress;
  61              		.loc 1 846 5 is_stmt 1 view .LVU13
  62              		.loc 1 846 9 is_stmt 0 view .LVU14
  63 0016 0368     		ldr	r3, [r0]
  64              		.loc 1 846 26 view .LVU15
  65 0018 9960     		str	r1, [r3, #8]
  66              	.LVL2:
 847:Drivers/STM32F0xx_HAL_Driver/Src/stm32f0xx_hal_dma.c **** 
ARM GAS  /tmp/ccrbgVKC.s 			page 17


 848:Drivers/STM32F0xx_HAL_Driver/Src/stm32f0xx_hal_dma.c ****     /* Configure DMA Channel destination address */
 849:Drivers/STM32F0xx_HAL_Driver/Src/stm32f0xx_hal_dma.c ****     hdma->Instance->CMAR = DstAddress;
  67              		.loc 1 849 5 is_stmt 1 view .LVU16
  68              		.loc 1 849 9 is_stmt 0 view .LVU17
  69 001a 0368     		ldr	r3, [r0]
  70              		.loc 1 849 26 view .LVU18
  71 001c DA60     		str	r2, [r3, #12]
  72              	.L1:
 850:Drivers/STM32F0xx_HAL_Driver/Src/stm32f0xx_hal_dma.c ****   }
 851:Drivers/STM32F0xx_HAL_Driver/Src/stm32f0xx_hal_dma.c **** }
  73              		.loc 1 851 1 view .LVU19
  74              		@ sp needed
  75 001e 70BD     		pop	{r4, r5, r6, pc}
  76              	.LVL3:
  77              	.L4:
 837:Drivers/STM32F0xx_HAL_Driver/Src/stm32f0xx_hal_dma.c **** 
  78              		.loc 1 837 5 is_stmt 1 view .LVU20
 837:Drivers/STM32F0xx_HAL_Driver/Src/stm32f0xx_hal_dma.c **** 
  79              		.loc 1 837 9 is_stmt 0 view .LVU21
  80 0020 0368     		ldr	r3, [r0]
 837:Drivers/STM32F0xx_HAL_Driver/Src/stm32f0xx_hal_dma.c **** 
  81              		.loc 1 837 26 view .LVU22
  82 0022 9A60     		str	r2, [r3, #8]
  83              	.LVL4:
 840:Drivers/STM32F0xx_HAL_Driver/Src/stm32f0xx_hal_dma.c ****   }
  84              		.loc 1 840 5 is_stmt 1 view .LVU23
 840:Drivers/STM32F0xx_HAL_Driver/Src/stm32f0xx_hal_dma.c ****   }
  85              		.loc 1 840 9 is_stmt 0 view .LVU24
  86 0024 0368     		ldr	r3, [r0]
 840:Drivers/STM32F0xx_HAL_Driver/Src/stm32f0xx_hal_dma.c ****   }
  87              		.loc 1 840 26 view .LVU25
  88 0026 D960     		str	r1, [r3, #12]
  89 0028 F9E7     		b	.L1
  90              		.cfi_endproc
  91              	.LFE52:
  93              		.global	__aeabi_uidiv
  94              		.section	.text.DMA_CalcBaseAndBitshift,"ax",%progbits
  95              		.align	1
  96              		.syntax unified
  97              		.code	16
  98              		.thumb_func
 100              	DMA_CalcBaseAndBitshift:
 101              	.LVL5:
 102              	.LFB53:
 852:Drivers/STM32F0xx_HAL_Driver/Src/stm32f0xx_hal_dma.c **** 
 853:Drivers/STM32F0xx_HAL_Driver/Src/stm32f0xx_hal_dma.c **** /**
 854:Drivers/STM32F0xx_HAL_Driver/Src/stm32f0xx_hal_dma.c ****   * @brief  set the DMA base address and channel index depending on DMA instance
 855:Drivers/STM32F0xx_HAL_Driver/Src/stm32f0xx_hal_dma.c ****   * @param  hdma       pointer to a DMA_HandleTypeDef structure that contains
 856:Drivers/STM32F0xx_HAL_Driver/Src/stm32f0xx_hal_dma.c ****   *                     the configuration information for the specified DMA Stream.
 857:Drivers/STM32F0xx_HAL_Driver/Src/stm32f0xx_hal_dma.c ****   * @retval None
 858:Drivers/STM32F0xx_HAL_Driver/Src/stm32f0xx_hal_dma.c ****   */
 859:Drivers/STM32F0xx_HAL_Driver/Src/stm32f0xx_hal_dma.c **** static void DMA_CalcBaseAndBitshift(DMA_HandleTypeDef *hdma)
 860:Drivers/STM32F0xx_HAL_Driver/Src/stm32f0xx_hal_dma.c **** {
 103              		.loc 1 860 1 is_stmt 1 view -0
 104              		.cfi_startproc
 105              		@ args = 0, pretend = 0, frame = 0
 106              		@ frame_needed = 0, uses_anonymous_args = 0
ARM GAS  /tmp/ccrbgVKC.s 			page 18


 107              		.loc 1 860 1 is_stmt 0 view .LVU27
 108 0000 10B5     		push	{r4, lr}
 109              	.LCFI1:
 110              		.cfi_def_cfa_offset 8
 111              		.cfi_offset 4, -8
 112              		.cfi_offset 14, -4
 113 0002 0400     		movs	r4, r0
 861:Drivers/STM32F0xx_HAL_Driver/Src/stm32f0xx_hal_dma.c **** #if defined (DMA2)
 862:Drivers/STM32F0xx_HAL_Driver/Src/stm32f0xx_hal_dma.c ****   /* calculation of the channel index */
 863:Drivers/STM32F0xx_HAL_Driver/Src/stm32f0xx_hal_dma.c ****   if ((uint32_t)(hdma->Instance) < (uint32_t)(DMA2_Channel1))
 114              		.loc 1 863 3 is_stmt 1 view .LVU28
 115              		.loc 1 863 22 is_stmt 0 view .LVU29
 116 0004 0068     		ldr	r0, [r0]
 117              	.LVL6:
 118              		.loc 1 863 6 view .LVU30
 119 0006 0C4B     		ldr	r3, .L8
 120 0008 9842     		cmp	r0, r3
 121 000a 0AD8     		bhi	.L6
 864:Drivers/STM32F0xx_HAL_Driver/Src/stm32f0xx_hal_dma.c ****   {
 865:Drivers/STM32F0xx_HAL_Driver/Src/stm32f0xx_hal_dma.c ****     /* DMA1 */
 866:Drivers/STM32F0xx_HAL_Driver/Src/stm32f0xx_hal_dma.c ****     hdma->ChannelIndex = (((uint32_t)hdma->Instance - (uint32_t)DMA1_Channel1) / ((uint32_t)DMA1_Ch
 122              		.loc 1 866 5 is_stmt 1 view .LVU31
 123              		.loc 1 866 53 is_stmt 0 view .LVU32
 124 000c 0B4B     		ldr	r3, .L8+4
 125 000e 9C46     		mov	ip, r3
 126 0010 6044     		add	r0, r0, ip
 127              		.loc 1 866 80 view .LVU33
 128 0012 1421     		movs	r1, #20
 129 0014 FFF7FEFF 		bl	__aeabi_uidiv
 130              	.LVL7:
 131              		.loc 1 866 135 view .LVU34
 132 0018 8000     		lsls	r0, r0, #2
 133              		.loc 1 866 24 view .LVU35
 134 001a 2064     		str	r0, [r4, #64]
 867:Drivers/STM32F0xx_HAL_Driver/Src/stm32f0xx_hal_dma.c ****     hdma->DmaBaseAddress = DMA1;
 135              		.loc 1 867 5 is_stmt 1 view .LVU36
 136              		.loc 1 867 26 is_stmt 0 view .LVU37
 137 001c 084B     		ldr	r3, .L8+8
 138 001e E363     		str	r3, [r4, #60]
 139              	.L5:
 868:Drivers/STM32F0xx_HAL_Driver/Src/stm32f0xx_hal_dma.c ****   }
 869:Drivers/STM32F0xx_HAL_Driver/Src/stm32f0xx_hal_dma.c ****   else
 870:Drivers/STM32F0xx_HAL_Driver/Src/stm32f0xx_hal_dma.c ****   {
 871:Drivers/STM32F0xx_HAL_Driver/Src/stm32f0xx_hal_dma.c ****     /* DMA2 */
 872:Drivers/STM32F0xx_HAL_Driver/Src/stm32f0xx_hal_dma.c ****     hdma->ChannelIndex = (((uint32_t)hdma->Instance - (uint32_t)DMA2_Channel1) / ((uint32_t)DMA2_Ch
 873:Drivers/STM32F0xx_HAL_Driver/Src/stm32f0xx_hal_dma.c ****     hdma->DmaBaseAddress = DMA2;
 874:Drivers/STM32F0xx_HAL_Driver/Src/stm32f0xx_hal_dma.c ****   }
 875:Drivers/STM32F0xx_HAL_Driver/Src/stm32f0xx_hal_dma.c **** #else
 876:Drivers/STM32F0xx_HAL_Driver/Src/stm32f0xx_hal_dma.c ****   /* calculation of the channel index */
 877:Drivers/STM32F0xx_HAL_Driver/Src/stm32f0xx_hal_dma.c ****   /* DMA1 */
 878:Drivers/STM32F0xx_HAL_Driver/Src/stm32f0xx_hal_dma.c ****   hdma->ChannelIndex = (((uint32_t)hdma->Instance - (uint32_t)DMA1_Channel1) / ((uint32_t)DMA1_Chan
 879:Drivers/STM32F0xx_HAL_Driver/Src/stm32f0xx_hal_dma.c ****   hdma->DmaBaseAddress = DMA1;
 880:Drivers/STM32F0xx_HAL_Driver/Src/stm32f0xx_hal_dma.c **** #endif
 881:Drivers/STM32F0xx_HAL_Driver/Src/stm32f0xx_hal_dma.c **** }
 140              		.loc 1 881 1 view .LVU38
 141              		@ sp needed
 142              	.LVL8:
ARM GAS  /tmp/ccrbgVKC.s 			page 19


 143              		.loc 1 881 1 view .LVU39
 144 0020 10BD     		pop	{r4, pc}
 145              	.LVL9:
 146              	.L6:
 872:Drivers/STM32F0xx_HAL_Driver/Src/stm32f0xx_hal_dma.c ****     hdma->DmaBaseAddress = DMA2;
 147              		.loc 1 872 5 is_stmt 1 view .LVU40
 872:Drivers/STM32F0xx_HAL_Driver/Src/stm32f0xx_hal_dma.c ****     hdma->DmaBaseAddress = DMA2;
 148              		.loc 1 872 53 is_stmt 0 view .LVU41
 149 0022 084B     		ldr	r3, .L8+12
 150 0024 9C46     		mov	ip, r3
 151 0026 6044     		add	r0, r0, ip
 872:Drivers/STM32F0xx_HAL_Driver/Src/stm32f0xx_hal_dma.c ****     hdma->DmaBaseAddress = DMA2;
 152              		.loc 1 872 80 view .LVU42
 153 0028 1421     		movs	r1, #20
 154 002a FFF7FEFF 		bl	__aeabi_uidiv
 155              	.LVL10:
 872:Drivers/STM32F0xx_HAL_Driver/Src/stm32f0xx_hal_dma.c ****     hdma->DmaBaseAddress = DMA2;
 156              		.loc 1 872 135 view .LVU43
 157 002e 8000     		lsls	r0, r0, #2
 872:Drivers/STM32F0xx_HAL_Driver/Src/stm32f0xx_hal_dma.c ****     hdma->DmaBaseAddress = DMA2;
 158              		.loc 1 872 24 view .LVU44
 159 0030 2064     		str	r0, [r4, #64]
 873:Drivers/STM32F0xx_HAL_Driver/Src/stm32f0xx_hal_dma.c ****   }
 160              		.loc 1 873 5 is_stmt 1 view .LVU45
 873:Drivers/STM32F0xx_HAL_Driver/Src/stm32f0xx_hal_dma.c ****   }
 161              		.loc 1 873 26 is_stmt 0 view .LVU46
 162 0032 054B     		ldr	r3, .L8+16
 163 0034 E363     		str	r3, [r4, #60]
 164              		.loc 1 881 1 view .LVU47
 165 0036 F3E7     		b	.L5
 166              	.L9:
 167              		.align	2
 168              	.L8:
 169 0038 07040240 		.word	1073873927
 170 003c F8FFFDBF 		.word	-1073872904
 171 0040 00000240 		.word	1073872896
 172 0044 F8FBFDBF 		.word	-1073873928
 173 0048 00040240 		.word	1073873920
 174              		.cfi_endproc
 175              	.LFE53:
 177              		.section	.text.HAL_DMA_Init,"ax",%progbits
 178              		.align	1
 179              		.global	HAL_DMA_Init
 180              		.syntax unified
 181              		.code	16
 182              		.thumb_func
 184              	HAL_DMA_Init:
 185              	.LVL11:
 186              	.LFB40:
 138:Drivers/STM32F0xx_HAL_Driver/Src/stm32f0xx_hal_dma.c ****   uint32_t tmp = 0U;
 187              		.loc 1 138 1 is_stmt 1 view -0
 188              		.cfi_startproc
 189              		@ args = 0, pretend = 0, frame = 0
 190              		@ frame_needed = 0, uses_anonymous_args = 0
 138:Drivers/STM32F0xx_HAL_Driver/Src/stm32f0xx_hal_dma.c ****   uint32_t tmp = 0U;
 191              		.loc 1 138 1 is_stmt 0 view .LVU49
 192 0000 70B5     		push	{r4, r5, r6, lr}
ARM GAS  /tmp/ccrbgVKC.s 			page 20


 193              	.LCFI2:
 194              		.cfi_def_cfa_offset 16
 195              		.cfi_offset 4, -16
 196              		.cfi_offset 5, -12
 197              		.cfi_offset 6, -8
 198              		.cfi_offset 14, -4
 199 0002 041E     		subs	r4, r0, #0
 139:Drivers/STM32F0xx_HAL_Driver/Src/stm32f0xx_hal_dma.c **** 
 200              		.loc 1 139 3 is_stmt 1 view .LVU50
 201              	.LVL12:
 142:Drivers/STM32F0xx_HAL_Driver/Src/stm32f0xx_hal_dma.c ****   {
 202              		.loc 1 142 3 view .LVU51
 142:Drivers/STM32F0xx_HAL_Driver/Src/stm32f0xx_hal_dma.c ****   {
 203              		.loc 1 142 6 is_stmt 0 view .LVU52
 204 0004 20D0     		beq	.L12
 148:Drivers/STM32F0xx_HAL_Driver/Src/stm32f0xx_hal_dma.c ****   assert_param(IS_DMA_DIRECTION(hdma->Init.Direction));
 205              		.loc 1 148 3 is_stmt 1 view .LVU53
 149:Drivers/STM32F0xx_HAL_Driver/Src/stm32f0xx_hal_dma.c ****   assert_param(IS_DMA_PERIPHERAL_INC_STATE(hdma->Init.PeriphInc));
 206              		.loc 1 149 3 view .LVU54
 150:Drivers/STM32F0xx_HAL_Driver/Src/stm32f0xx_hal_dma.c ****   assert_param(IS_DMA_MEMORY_INC_STATE(hdma->Init.MemInc));
 207              		.loc 1 150 3 view .LVU55
 151:Drivers/STM32F0xx_HAL_Driver/Src/stm32f0xx_hal_dma.c ****   assert_param(IS_DMA_PERIPHERAL_DATA_SIZE(hdma->Init.PeriphDataAlignment));
 208              		.loc 1 151 3 view .LVU56
 152:Drivers/STM32F0xx_HAL_Driver/Src/stm32f0xx_hal_dma.c ****   assert_param(IS_DMA_MEMORY_DATA_SIZE(hdma->Init.MemDataAlignment));
 209              		.loc 1 152 3 view .LVU57
 153:Drivers/STM32F0xx_HAL_Driver/Src/stm32f0xx_hal_dma.c ****   assert_param(IS_DMA_MODE(hdma->Init.Mode));
 210              		.loc 1 153 3 view .LVU58
 154:Drivers/STM32F0xx_HAL_Driver/Src/stm32f0xx_hal_dma.c ****   assert_param(IS_DMA_PRIORITY(hdma->Init.Priority));
 211              		.loc 1 154 3 view .LVU59
 155:Drivers/STM32F0xx_HAL_Driver/Src/stm32f0xx_hal_dma.c **** 
 212              		.loc 1 155 3 view .LVU60
 158:Drivers/STM32F0xx_HAL_Driver/Src/stm32f0xx_hal_dma.c **** 
 213              		.loc 1 158 3 view .LVU61
 158:Drivers/STM32F0xx_HAL_Driver/Src/stm32f0xx_hal_dma.c **** 
 214              		.loc 1 158 15 is_stmt 0 view .LVU62
 215 0006 2125     		movs	r5, #33
 216 0008 0223     		movs	r3, #2
 217 000a 4355     		strb	r3, [r0, r5]
 161:Drivers/STM32F0xx_HAL_Driver/Src/stm32f0xx_hal_dma.c **** 
 218              		.loc 1 161 3 is_stmt 1 view .LVU63
 161:Drivers/STM32F0xx_HAL_Driver/Src/stm32f0xx_hal_dma.c **** 
 219              		.loc 1 161 13 is_stmt 0 view .LVU64
 220 000c 0168     		ldr	r1, [r0]
 161:Drivers/STM32F0xx_HAL_Driver/Src/stm32f0xx_hal_dma.c **** 
 221              		.loc 1 161 7 view .LVU65
 222 000e 0A68     		ldr	r2, [r1]
 223              	.LVL13:
 164:Drivers/STM32F0xx_HAL_Driver/Src/stm32f0xx_hal_dma.c ****                       DMA_CCR_MINC  | DMA_CCR_PINC   | DMA_CCR_CIRC   | \
 224              		.loc 1 164 3 is_stmt 1 view .LVU66
 164:Drivers/STM32F0xx_HAL_Driver/Src/stm32f0xx_hal_dma.c ****                       DMA_CCR_MINC  | DMA_CCR_PINC   | DMA_CCR_CIRC   | \
 225              		.loc 1 164 7 is_stmt 0 view .LVU67
 226 0010 0E4B     		ldr	r3, .L13
 227 0012 1A40     		ands	r2, r3
 228              	.LVL14:
 169:Drivers/STM32F0xx_HAL_Driver/Src/stm32f0xx_hal_dma.c ****           hdma->Init.PeriphInc           | hdma->Init.MemInc           |
 229              		.loc 1 169 3 is_stmt 1 view .LVU68
 169:Drivers/STM32F0xx_HAL_Driver/Src/stm32f0xx_hal_dma.c ****           hdma->Init.PeriphInc           | hdma->Init.MemInc           |
ARM GAS  /tmp/ccrbgVKC.s 			page 21


 230              		.loc 1 169 21 is_stmt 0 view .LVU69
 231 0014 4368     		ldr	r3, [r0, #4]
 170:Drivers/STM32F0xx_HAL_Driver/Src/stm32f0xx_hal_dma.c ****           hdma->Init.PeriphDataAlignment | hdma->Init.MemDataAlignment |
 232              		.loc 1 170 21 view .LVU70
 233 0016 8068     		ldr	r0, [r0, #8]
 234              	.LVL15:
 169:Drivers/STM32F0xx_HAL_Driver/Src/stm32f0xx_hal_dma.c ****           hdma->Init.PeriphInc           | hdma->Init.MemInc           |
 235              		.loc 1 169 39 view .LVU71
 236 0018 0343     		orrs	r3, r0
 170:Drivers/STM32F0xx_HAL_Driver/Src/stm32f0xx_hal_dma.c ****           hdma->Init.PeriphDataAlignment | hdma->Init.MemDataAlignment |
 237              		.loc 1 170 54 view .LVU72
 238 001a E068     		ldr	r0, [r4, #12]
 170:Drivers/STM32F0xx_HAL_Driver/Src/stm32f0xx_hal_dma.c ****           hdma->Init.PeriphDataAlignment | hdma->Init.MemDataAlignment |
 239              		.loc 1 170 42 view .LVU73
 240 001c 0343     		orrs	r3, r0
 171:Drivers/STM32F0xx_HAL_Driver/Src/stm32f0xx_hal_dma.c ****           hdma->Init.Mode                | hdma->Init.Priority;
 241              		.loc 1 171 21 view .LVU74
 242 001e 2069     		ldr	r0, [r4, #16]
 170:Drivers/STM32F0xx_HAL_Driver/Src/stm32f0xx_hal_dma.c ****           hdma->Init.PeriphDataAlignment | hdma->Init.MemDataAlignment |
 243              		.loc 1 170 72 view .LVU75
 244 0020 0343     		orrs	r3, r0
 171:Drivers/STM32F0xx_HAL_Driver/Src/stm32f0xx_hal_dma.c ****           hdma->Init.Mode                | hdma->Init.Priority;
 245              		.loc 1 171 54 view .LVU76
 246 0022 6069     		ldr	r0, [r4, #20]
 171:Drivers/STM32F0xx_HAL_Driver/Src/stm32f0xx_hal_dma.c ****           hdma->Init.Mode                | hdma->Init.Priority;
 247              		.loc 1 171 42 view .LVU77
 248 0024 0343     		orrs	r3, r0
 172:Drivers/STM32F0xx_HAL_Driver/Src/stm32f0xx_hal_dma.c **** 
 249              		.loc 1 172 21 view .LVU78
 250 0026 A069     		ldr	r0, [r4, #24]
 171:Drivers/STM32F0xx_HAL_Driver/Src/stm32f0xx_hal_dma.c ****           hdma->Init.Mode                | hdma->Init.Priority;
 251              		.loc 1 171 72 view .LVU79
 252 0028 0343     		orrs	r3, r0
 172:Drivers/STM32F0xx_HAL_Driver/Src/stm32f0xx_hal_dma.c **** 
 253              		.loc 1 172 54 view .LVU80
 254 002a E069     		ldr	r0, [r4, #28]
 172:Drivers/STM32F0xx_HAL_Driver/Src/stm32f0xx_hal_dma.c **** 
 255              		.loc 1 172 42 view .LVU81
 256 002c 0343     		orrs	r3, r0
 169:Drivers/STM32F0xx_HAL_Driver/Src/stm32f0xx_hal_dma.c ****           hdma->Init.PeriphInc           | hdma->Init.MemInc           |
 257              		.loc 1 169 7 view .LVU82
 258 002e 1343     		orrs	r3, r2
 259              	.LVL16:
 175:Drivers/STM32F0xx_HAL_Driver/Src/stm32f0xx_hal_dma.c **** 
 260              		.loc 1 175 3 is_stmt 1 view .LVU83
 175:Drivers/STM32F0xx_HAL_Driver/Src/stm32f0xx_hal_dma.c **** 
 261              		.loc 1 175 23 is_stmt 0 view .LVU84
 262 0030 0B60     		str	r3, [r1]
 179:Drivers/STM32F0xx_HAL_Driver/Src/stm32f0xx_hal_dma.c **** 
 263              		.loc 1 179 3 is_stmt 1 view .LVU85
 264 0032 2000     		movs	r0, r4
 265 0034 FFF7FEFF 		bl	DMA_CalcBaseAndBitshift
 266              	.LVL17:
 182:Drivers/STM32F0xx_HAL_Driver/Src/stm32f0xx_hal_dma.c **** 
 267              		.loc 1 182 3 view .LVU86
 182:Drivers/STM32F0xx_HAL_Driver/Src/stm32f0xx_hal_dma.c **** 
 268              		.loc 1 182 19 is_stmt 0 view .LVU87
ARM GAS  /tmp/ccrbgVKC.s 			page 22


 269 0038 0023     		movs	r3, #0
 270 003a A363     		str	r3, [r4, #56]
 185:Drivers/STM32F0xx_HAL_Driver/Src/stm32f0xx_hal_dma.c **** 
 271              		.loc 1 185 3 is_stmt 1 view .LVU88
 185:Drivers/STM32F0xx_HAL_Driver/Src/stm32f0xx_hal_dma.c **** 
 272              		.loc 1 185 15 is_stmt 0 view .LVU89
 273 003c 0122     		movs	r2, #1
 274 003e 6255     		strb	r2, [r4, r5]
 188:Drivers/STM32F0xx_HAL_Driver/Src/stm32f0xx_hal_dma.c **** 
 275              		.loc 1 188 3 is_stmt 1 view .LVU90
 188:Drivers/STM32F0xx_HAL_Driver/Src/stm32f0xx_hal_dma.c **** 
 276              		.loc 1 188 14 is_stmt 0 view .LVU91
 277 0040 1F32     		adds	r2, r2, #31
 278 0042 A354     		strb	r3, [r4, r2]
 190:Drivers/STM32F0xx_HAL_Driver/Src/stm32f0xx_hal_dma.c **** }
 279              		.loc 1 190 3 is_stmt 1 view .LVU92
 190:Drivers/STM32F0xx_HAL_Driver/Src/stm32f0xx_hal_dma.c **** }
 280              		.loc 1 190 10 is_stmt 0 view .LVU93
 281 0044 0020     		movs	r0, #0
 282              	.LVL18:
 283              	.L11:
 191:Drivers/STM32F0xx_HAL_Driver/Src/stm32f0xx_hal_dma.c **** 
 284              		.loc 1 191 1 view .LVU94
 285              		@ sp needed
 286              	.LVL19:
 191:Drivers/STM32F0xx_HAL_Driver/Src/stm32f0xx_hal_dma.c **** 
 287              		.loc 1 191 1 view .LVU95
 288 0046 70BD     		pop	{r4, r5, r6, pc}
 289              	.LVL20:
 290              	.L12:
 144:Drivers/STM32F0xx_HAL_Driver/Src/stm32f0xx_hal_dma.c ****   }
 291              		.loc 1 144 12 view .LVU96
 292 0048 0120     		movs	r0, #1
 293              	.LVL21:
 144:Drivers/STM32F0xx_HAL_Driver/Src/stm32f0xx_hal_dma.c ****   }
 294              		.loc 1 144 12 view .LVU97
 295 004a FCE7     		b	.L11
 296              	.L14:
 297              		.align	2
 298              	.L13:
 299 004c 0FC0FFFF 		.word	-16369
 300              		.cfi_endproc
 301              	.LFE40:
 303              		.section	.text.HAL_DMA_DeInit,"ax",%progbits
 304              		.align	1
 305              		.global	HAL_DMA_DeInit
 306              		.syntax unified
 307              		.code	16
 308              		.thumb_func
 310              	HAL_DMA_DeInit:
 311              	.LVL22:
 312              	.LFB41:
 200:Drivers/STM32F0xx_HAL_Driver/Src/stm32f0xx_hal_dma.c ****   /* Check the DMA handle allocation */
 313              		.loc 1 200 1 is_stmt 1 view -0
 314              		.cfi_startproc
 315              		@ args = 0, pretend = 0, frame = 0
 316              		@ frame_needed = 0, uses_anonymous_args = 0
ARM GAS  /tmp/ccrbgVKC.s 			page 23


 200:Drivers/STM32F0xx_HAL_Driver/Src/stm32f0xx_hal_dma.c ****   /* Check the DMA handle allocation */
 317              		.loc 1 200 1 is_stmt 0 view .LVU99
 318 0000 70B5     		push	{r4, r5, r6, lr}
 319              	.LCFI3:
 320              		.cfi_def_cfa_offset 16
 321              		.cfi_offset 4, -16
 322              		.cfi_offset 5, -12
 323              		.cfi_offset 6, -8
 324              		.cfi_offset 14, -4
 325 0002 041E     		subs	r4, r0, #0
 202:Drivers/STM32F0xx_HAL_Driver/Src/stm32f0xx_hal_dma.c ****   {
 326              		.loc 1 202 3 is_stmt 1 view .LVU100
 202:Drivers/STM32F0xx_HAL_Driver/Src/stm32f0xx_hal_dma.c ****   {
 327              		.loc 1 202 6 is_stmt 0 view .LVU101
 328 0004 1ED0     		beq	.L17
 208:Drivers/STM32F0xx_HAL_Driver/Src/stm32f0xx_hal_dma.c **** 
 329              		.loc 1 208 3 is_stmt 1 view .LVU102
 211:Drivers/STM32F0xx_HAL_Driver/Src/stm32f0xx_hal_dma.c **** 
 330              		.loc 1 211 3 view .LVU103
 211:Drivers/STM32F0xx_HAL_Driver/Src/stm32f0xx_hal_dma.c **** 
 331              		.loc 1 211 7 is_stmt 0 view .LVU104
 332 0006 0268     		ldr	r2, [r0]
 211:Drivers/STM32F0xx_HAL_Driver/Src/stm32f0xx_hal_dma.c **** 
 333              		.loc 1 211 17 view .LVU105
 334 0008 1368     		ldr	r3, [r2]
 211:Drivers/STM32F0xx_HAL_Driver/Src/stm32f0xx_hal_dma.c **** 
 335              		.loc 1 211 23 view .LVU106
 336 000a 0126     		movs	r6, #1
 337 000c B343     		bics	r3, r6
 338 000e 1360     		str	r3, [r2]
 214:Drivers/STM32F0xx_HAL_Driver/Src/stm32f0xx_hal_dma.c **** 
 339              		.loc 1 214 3 is_stmt 1 view .LVU107
 214:Drivers/STM32F0xx_HAL_Driver/Src/stm32f0xx_hal_dma.c **** 
 340              		.loc 1 214 7 is_stmt 0 view .LVU108
 341 0010 0368     		ldr	r3, [r0]
 214:Drivers/STM32F0xx_HAL_Driver/Src/stm32f0xx_hal_dma.c **** 
 342              		.loc 1 214 24 view .LVU109
 343 0012 0025     		movs	r5, #0
 344 0014 1D60     		str	r5, [r3]
 217:Drivers/STM32F0xx_HAL_Driver/Src/stm32f0xx_hal_dma.c **** 
 345              		.loc 1 217 3 is_stmt 1 view .LVU110
 217:Drivers/STM32F0xx_HAL_Driver/Src/stm32f0xx_hal_dma.c **** 
 346              		.loc 1 217 7 is_stmt 0 view .LVU111
 347 0016 0368     		ldr	r3, [r0]
 217:Drivers/STM32F0xx_HAL_Driver/Src/stm32f0xx_hal_dma.c **** 
 348              		.loc 1 217 25 view .LVU112
 349 0018 5D60     		str	r5, [r3, #4]
 220:Drivers/STM32F0xx_HAL_Driver/Src/stm32f0xx_hal_dma.c **** 
 350              		.loc 1 220 3 is_stmt 1 view .LVU113
 220:Drivers/STM32F0xx_HAL_Driver/Src/stm32f0xx_hal_dma.c **** 
 351              		.loc 1 220 7 is_stmt 0 view .LVU114
 352 001a 0368     		ldr	r3, [r0]
 220:Drivers/STM32F0xx_HAL_Driver/Src/stm32f0xx_hal_dma.c **** 
 353              		.loc 1 220 25 view .LVU115
 354 001c 9D60     		str	r5, [r3, #8]
 223:Drivers/STM32F0xx_HAL_Driver/Src/stm32f0xx_hal_dma.c **** 
 355              		.loc 1 223 3 is_stmt 1 view .LVU116
ARM GAS  /tmp/ccrbgVKC.s 			page 24


 223:Drivers/STM32F0xx_HAL_Driver/Src/stm32f0xx_hal_dma.c **** 
 356              		.loc 1 223 7 is_stmt 0 view .LVU117
 357 001e 0368     		ldr	r3, [r0]
 223:Drivers/STM32F0xx_HAL_Driver/Src/stm32f0xx_hal_dma.c **** 
 358              		.loc 1 223 24 view .LVU118
 359 0020 DD60     		str	r5, [r3, #12]
 226:Drivers/STM32F0xx_HAL_Driver/Src/stm32f0xx_hal_dma.c **** 
 360              		.loc 1 226 3 is_stmt 1 view .LVU119
 361 0022 FFF7FEFF 		bl	DMA_CalcBaseAndBitshift
 362              	.LVL23:
 229:Drivers/STM32F0xx_HAL_Driver/Src/stm32f0xx_hal_dma.c **** 
 363              		.loc 1 229 3 view .LVU120
 229:Drivers/STM32F0xx_HAL_Driver/Src/stm32f0xx_hal_dma.c **** 
 364              		.loc 1 229 52 is_stmt 0 view .LVU121
 365 0026 226C     		ldr	r2, [r4, #64]
 229:Drivers/STM32F0xx_HAL_Driver/Src/stm32f0xx_hal_dma.c **** 
 366              		.loc 1 229 7 view .LVU122
 367 0028 E36B     		ldr	r3, [r4, #60]
 229:Drivers/STM32F0xx_HAL_Driver/Src/stm32f0xx_hal_dma.c **** 
 368              		.loc 1 229 45 view .LVU123
 369 002a 9640     		lsls	r6, r6, r2
 229:Drivers/STM32F0xx_HAL_Driver/Src/stm32f0xx_hal_dma.c **** 
 370              		.loc 1 229 30 view .LVU124
 371 002c 5E60     		str	r6, [r3, #4]
 232:Drivers/STM32F0xx_HAL_Driver/Src/stm32f0xx_hal_dma.c ****   hdma->XferHalfCpltCallback = NULL;
 372              		.loc 1 232 3 is_stmt 1 view .LVU125
 232:Drivers/STM32F0xx_HAL_Driver/Src/stm32f0xx_hal_dma.c ****   hdma->XferHalfCpltCallback = NULL;
 373              		.loc 1 232 26 is_stmt 0 view .LVU126
 374 002e A562     		str	r5, [r4, #40]
 233:Drivers/STM32F0xx_HAL_Driver/Src/stm32f0xx_hal_dma.c ****   hdma->XferErrorCallback = NULL;
 375              		.loc 1 233 3 is_stmt 1 view .LVU127
 233:Drivers/STM32F0xx_HAL_Driver/Src/stm32f0xx_hal_dma.c ****   hdma->XferErrorCallback = NULL;
 376              		.loc 1 233 30 is_stmt 0 view .LVU128
 377 0030 E562     		str	r5, [r4, #44]
 234:Drivers/STM32F0xx_HAL_Driver/Src/stm32f0xx_hal_dma.c ****   hdma->XferAbortCallback = NULL;
 378              		.loc 1 234 3 is_stmt 1 view .LVU129
 234:Drivers/STM32F0xx_HAL_Driver/Src/stm32f0xx_hal_dma.c ****   hdma->XferAbortCallback = NULL;
 379              		.loc 1 234 27 is_stmt 0 view .LVU130
 380 0032 2563     		str	r5, [r4, #48]
 235:Drivers/STM32F0xx_HAL_Driver/Src/stm32f0xx_hal_dma.c **** 
 381              		.loc 1 235 3 is_stmt 1 view .LVU131
 235:Drivers/STM32F0xx_HAL_Driver/Src/stm32f0xx_hal_dma.c **** 
 382              		.loc 1 235 27 is_stmt 0 view .LVU132
 383 0034 6563     		str	r5, [r4, #52]
 238:Drivers/STM32F0xx_HAL_Driver/Src/stm32f0xx_hal_dma.c **** 
 384              		.loc 1 238 3 is_stmt 1 view .LVU133
 238:Drivers/STM32F0xx_HAL_Driver/Src/stm32f0xx_hal_dma.c **** 
 385              		.loc 1 238 19 is_stmt 0 view .LVU134
 386 0036 A563     		str	r5, [r4, #56]
 241:Drivers/STM32F0xx_HAL_Driver/Src/stm32f0xx_hal_dma.c **** 
 387              		.loc 1 241 3 is_stmt 1 view .LVU135
 241:Drivers/STM32F0xx_HAL_Driver/Src/stm32f0xx_hal_dma.c **** 
 388              		.loc 1 241 15 is_stmt 0 view .LVU136
 389 0038 2123     		movs	r3, #33
 390 003a E554     		strb	r5, [r4, r3]
 244:Drivers/STM32F0xx_HAL_Driver/Src/stm32f0xx_hal_dma.c **** 
 391              		.loc 1 244 3 is_stmt 1 view .LVU137
ARM GAS  /tmp/ccrbgVKC.s 			page 25


 244:Drivers/STM32F0xx_HAL_Driver/Src/stm32f0xx_hal_dma.c **** 
 392              		.loc 1 244 3 view .LVU138
 393 003c 013B     		subs	r3, r3, #1
 394 003e E554     		strb	r5, [r4, r3]
 244:Drivers/STM32F0xx_HAL_Driver/Src/stm32f0xx_hal_dma.c **** 
 395              		.loc 1 244 3 view .LVU139
 246:Drivers/STM32F0xx_HAL_Driver/Src/stm32f0xx_hal_dma.c **** }
 396              		.loc 1 246 3 view .LVU140
 246:Drivers/STM32F0xx_HAL_Driver/Src/stm32f0xx_hal_dma.c **** }
 397              		.loc 1 246 10 is_stmt 0 view .LVU141
 398 0040 0020     		movs	r0, #0
 399              	.L16:
 247:Drivers/STM32F0xx_HAL_Driver/Src/stm32f0xx_hal_dma.c **** 
 400              		.loc 1 247 1 view .LVU142
 401              		@ sp needed
 402              	.LVL24:
 247:Drivers/STM32F0xx_HAL_Driver/Src/stm32f0xx_hal_dma.c **** 
 403              		.loc 1 247 1 view .LVU143
 404 0042 70BD     		pop	{r4, r5, r6, pc}
 405              	.LVL25:
 406              	.L17:
 204:Drivers/STM32F0xx_HAL_Driver/Src/stm32f0xx_hal_dma.c ****   }
 407              		.loc 1 204 12 view .LVU144
 408 0044 0120     		movs	r0, #1
 409              	.LVL26:
 204:Drivers/STM32F0xx_HAL_Driver/Src/stm32f0xx_hal_dma.c ****   }
 410              		.loc 1 204 12 view .LVU145
 411 0046 FCE7     		b	.L16
 412              		.cfi_endproc
 413              	.LFE41:
 415              		.section	.text.HAL_DMA_Start,"ax",%progbits
 416              		.align	1
 417              		.global	HAL_DMA_Start
 418              		.syntax unified
 419              		.code	16
 420              		.thumb_func
 422              	HAL_DMA_Start:
 423              	.LVL27:
 424              	.LFB42:
 282:Drivers/STM32F0xx_HAL_Driver/Src/stm32f0xx_hal_dma.c ****   HAL_StatusTypeDef status = HAL_OK;
 425              		.loc 1 282 1 is_stmt 1 view -0
 426              		.cfi_startproc
 427              		@ args = 0, pretend = 0, frame = 0
 428              		@ frame_needed = 0, uses_anonymous_args = 0
 282:Drivers/STM32F0xx_HAL_Driver/Src/stm32f0xx_hal_dma.c ****   HAL_StatusTypeDef status = HAL_OK;
 429              		.loc 1 282 1 is_stmt 0 view .LVU147
 430 0000 70B5     		push	{r4, r5, r6, lr}
 431              	.LCFI4:
 432              		.cfi_def_cfa_offset 16
 433              		.cfi_offset 4, -16
 434              		.cfi_offset 5, -12
 435              		.cfi_offset 6, -8
 436              		.cfi_offset 14, -4
 437 0002 0400     		movs	r4, r0
 283:Drivers/STM32F0xx_HAL_Driver/Src/stm32f0xx_hal_dma.c **** 
 438              		.loc 1 283 3 is_stmt 1 view .LVU148
 439              	.LVL28:
ARM GAS  /tmp/ccrbgVKC.s 			page 26


 286:Drivers/STM32F0xx_HAL_Driver/Src/stm32f0xx_hal_dma.c **** 
 440              		.loc 1 286 3 view .LVU149
 289:Drivers/STM32F0xx_HAL_Driver/Src/stm32f0xx_hal_dma.c **** 
 441              		.loc 1 289 3 view .LVU150
 289:Drivers/STM32F0xx_HAL_Driver/Src/stm32f0xx_hal_dma.c **** 
 442              		.loc 1 289 3 view .LVU151
 443 0004 2020     		movs	r0, #32
 444              	.LVL29:
 289:Drivers/STM32F0xx_HAL_Driver/Src/stm32f0xx_hal_dma.c **** 
 445              		.loc 1 289 3 is_stmt 0 view .LVU152
 446 0006 205C     		ldrb	r0, [r4, r0]
 447 0008 0128     		cmp	r0, #1
 448 000a 1ED0     		beq	.L21
 289:Drivers/STM32F0xx_HAL_Driver/Src/stm32f0xx_hal_dma.c **** 
 449              		.loc 1 289 3 is_stmt 1 discriminator 2 view .LVU153
 450 000c 2020     		movs	r0, #32
 451 000e 0125     		movs	r5, #1
 452 0010 2554     		strb	r5, [r4, r0]
 289:Drivers/STM32F0xx_HAL_Driver/Src/stm32f0xx_hal_dma.c **** 
 453              		.loc 1 289 3 discriminator 2 view .LVU154
 291:Drivers/STM32F0xx_HAL_Driver/Src/stm32f0xx_hal_dma.c ****   {
 454              		.loc 1 291 3 view .LVU155
 291:Drivers/STM32F0xx_HAL_Driver/Src/stm32f0xx_hal_dma.c ****   {
 455              		.loc 1 291 34 is_stmt 0 view .LVU156
 456 0012 0130     		adds	r0, r0, #1
 457 0014 205C     		ldrb	r0, [r4, r0]
 291:Drivers/STM32F0xx_HAL_Driver/Src/stm32f0xx_hal_dma.c ****   {
 458              		.loc 1 291 6 view .LVU157
 459 0016 0128     		cmp	r0, #1
 460 0018 04D0     		beq	.L22
 310:Drivers/STM32F0xx_HAL_Driver/Src/stm32f0xx_hal_dma.c **** 
 461              		.loc 1 310 5 is_stmt 1 view .LVU158
 310:Drivers/STM32F0xx_HAL_Driver/Src/stm32f0xx_hal_dma.c **** 
 462              		.loc 1 310 5 view .LVU159
 463 001a 2023     		movs	r3, #32
 464              	.LVL30:
 310:Drivers/STM32F0xx_HAL_Driver/Src/stm32f0xx_hal_dma.c **** 
 465              		.loc 1 310 5 is_stmt 0 view .LVU160
 466 001c 0022     		movs	r2, #0
 467              	.LVL31:
 310:Drivers/STM32F0xx_HAL_Driver/Src/stm32f0xx_hal_dma.c **** 
 468              		.loc 1 310 5 view .LVU161
 469 001e E254     		strb	r2, [r4, r3]
 310:Drivers/STM32F0xx_HAL_Driver/Src/stm32f0xx_hal_dma.c **** 
 470              		.loc 1 310 5 is_stmt 1 view .LVU162
 313:Drivers/STM32F0xx_HAL_Driver/Src/stm32f0xx_hal_dma.c ****   }
 471              		.loc 1 313 5 view .LVU163
 472              	.LVL32:
 313:Drivers/STM32F0xx_HAL_Driver/Src/stm32f0xx_hal_dma.c ****   }
 473              		.loc 1 313 12 is_stmt 0 view .LVU164
 474 0020 0220     		movs	r0, #2
 475              	.LVL33:
 476              	.L19:
 317:Drivers/STM32F0xx_HAL_Driver/Src/stm32f0xx_hal_dma.c **** 
 477              		.loc 1 317 1 view .LVU165
 478              		@ sp needed
 479              	.LVL34:
ARM GAS  /tmp/ccrbgVKC.s 			page 27


 317:Drivers/STM32F0xx_HAL_Driver/Src/stm32f0xx_hal_dma.c **** 
 480              		.loc 1 317 1 view .LVU166
 481 0022 70BD     		pop	{r4, r5, r6, pc}
 482              	.LVL35:
 483              	.L22:
 294:Drivers/STM32F0xx_HAL_Driver/Src/stm32f0xx_hal_dma.c **** 
 484              		.loc 1 294 5 is_stmt 1 view .LVU167
 294:Drivers/STM32F0xx_HAL_Driver/Src/stm32f0xx_hal_dma.c **** 
 485              		.loc 1 294 17 is_stmt 0 view .LVU168
 486 0024 2030     		adds	r0, r0, #32
 487 0026 0135     		adds	r5, r5, #1
 488 0028 2554     		strb	r5, [r4, r0]
 296:Drivers/STM32F0xx_HAL_Driver/Src/stm32f0xx_hal_dma.c **** 
 489              		.loc 1 296 5 is_stmt 1 view .LVU169
 296:Drivers/STM32F0xx_HAL_Driver/Src/stm32f0xx_hal_dma.c **** 
 490              		.loc 1 296 21 is_stmt 0 view .LVU170
 491 002a 0020     		movs	r0, #0
 492 002c A063     		str	r0, [r4, #56]
 299:Drivers/STM32F0xx_HAL_Driver/Src/stm32f0xx_hal_dma.c **** 
 493              		.loc 1 299 5 is_stmt 1 view .LVU171
 299:Drivers/STM32F0xx_HAL_Driver/Src/stm32f0xx_hal_dma.c **** 
 494              		.loc 1 299 9 is_stmt 0 view .LVU172
 495 002e 2668     		ldr	r6, [r4]
 299:Drivers/STM32F0xx_HAL_Driver/Src/stm32f0xx_hal_dma.c **** 
 496              		.loc 1 299 19 view .LVU173
 497 0030 3068     		ldr	r0, [r6]
 299:Drivers/STM32F0xx_HAL_Driver/Src/stm32f0xx_hal_dma.c **** 
 498              		.loc 1 299 25 view .LVU174
 499 0032 013D     		subs	r5, r5, #1
 500 0034 A843     		bics	r0, r5
 501 0036 3060     		str	r0, [r6]
 302:Drivers/STM32F0xx_HAL_Driver/Src/stm32f0xx_hal_dma.c **** 
 502              		.loc 1 302 5 is_stmt 1 view .LVU175
 503 0038 2000     		movs	r0, r4
 504 003a FFF7FEFF 		bl	DMA_SetConfig
 505              	.LVL36:
 305:Drivers/STM32F0xx_HAL_Driver/Src/stm32f0xx_hal_dma.c ****   }
 506              		.loc 1 305 5 view .LVU176
 305:Drivers/STM32F0xx_HAL_Driver/Src/stm32f0xx_hal_dma.c ****   }
 507              		.loc 1 305 9 is_stmt 0 view .LVU177
 508 003e 2268     		ldr	r2, [r4]
 305:Drivers/STM32F0xx_HAL_Driver/Src/stm32f0xx_hal_dma.c ****   }
 509              		.loc 1 305 19 view .LVU178
 510 0040 1368     		ldr	r3, [r2]
 305:Drivers/STM32F0xx_HAL_Driver/Src/stm32f0xx_hal_dma.c ****   }
 511              		.loc 1 305 25 view .LVU179
 512 0042 2B43     		orrs	r3, r5
 513 0044 1360     		str	r3, [r2]
 283:Drivers/STM32F0xx_HAL_Driver/Src/stm32f0xx_hal_dma.c **** 
 514              		.loc 1 283 21 view .LVU180
 515 0046 0020     		movs	r0, #0
 516 0048 EBE7     		b	.L19
 517              	.LVL37:
 518              	.L21:
 289:Drivers/STM32F0xx_HAL_Driver/Src/stm32f0xx_hal_dma.c **** 
 519              		.loc 1 289 3 discriminator 1 view .LVU181
 520 004a 0220     		movs	r0, #2
ARM GAS  /tmp/ccrbgVKC.s 			page 28


 521 004c E9E7     		b	.L19
 522              		.cfi_endproc
 523              	.LFE42:
 525              		.section	.text.HAL_DMA_Start_IT,"ax",%progbits
 526              		.align	1
 527              		.global	HAL_DMA_Start_IT
 528              		.syntax unified
 529              		.code	16
 530              		.thumb_func
 532              	HAL_DMA_Start_IT:
 533              	.LVL38:
 534              	.LFB43:
 329:Drivers/STM32F0xx_HAL_Driver/Src/stm32f0xx_hal_dma.c ****   HAL_StatusTypeDef status = HAL_OK;
 535              		.loc 1 329 1 is_stmt 1 view -0
 536              		.cfi_startproc
 537              		@ args = 0, pretend = 0, frame = 0
 538              		@ frame_needed = 0, uses_anonymous_args = 0
 329:Drivers/STM32F0xx_HAL_Driver/Src/stm32f0xx_hal_dma.c ****   HAL_StatusTypeDef status = HAL_OK;
 539              		.loc 1 329 1 is_stmt 0 view .LVU183
 540 0000 70B5     		push	{r4, r5, r6, lr}
 541              	.LCFI5:
 542              		.cfi_def_cfa_offset 16
 543              		.cfi_offset 4, -16
 544              		.cfi_offset 5, -12
 545              		.cfi_offset 6, -8
 546              		.cfi_offset 14, -4
 547 0002 0400     		movs	r4, r0
 330:Drivers/STM32F0xx_HAL_Driver/Src/stm32f0xx_hal_dma.c **** 
 548              		.loc 1 330 3 is_stmt 1 view .LVU184
 549              	.LVL39:
 333:Drivers/STM32F0xx_HAL_Driver/Src/stm32f0xx_hal_dma.c **** 
 550              		.loc 1 333 3 view .LVU185
 336:Drivers/STM32F0xx_HAL_Driver/Src/stm32f0xx_hal_dma.c **** 
 551              		.loc 1 336 3 view .LVU186
 336:Drivers/STM32F0xx_HAL_Driver/Src/stm32f0xx_hal_dma.c **** 
 552              		.loc 1 336 3 view .LVU187
 553 0004 2020     		movs	r0, #32
 554              	.LVL40:
 336:Drivers/STM32F0xx_HAL_Driver/Src/stm32f0xx_hal_dma.c **** 
 555              		.loc 1 336 3 is_stmt 0 view .LVU188
 556 0006 205C     		ldrb	r0, [r4, r0]
 557 0008 0128     		cmp	r0, #1
 558 000a 32D0     		beq	.L28
 336:Drivers/STM32F0xx_HAL_Driver/Src/stm32f0xx_hal_dma.c **** 
 559              		.loc 1 336 3 is_stmt 1 discriminator 2 view .LVU189
 560 000c 2020     		movs	r0, #32
 561 000e 0125     		movs	r5, #1
 562 0010 2554     		strb	r5, [r4, r0]
 336:Drivers/STM32F0xx_HAL_Driver/Src/stm32f0xx_hal_dma.c **** 
 563              		.loc 1 336 3 discriminator 2 view .LVU190
 338:Drivers/STM32F0xx_HAL_Driver/Src/stm32f0xx_hal_dma.c ****   {
 564              		.loc 1 338 3 view .LVU191
 338:Drivers/STM32F0xx_HAL_Driver/Src/stm32f0xx_hal_dma.c ****   {
 565              		.loc 1 338 34 is_stmt 0 view .LVU192
 566 0012 0130     		adds	r0, r0, #1
 567 0014 205C     		ldrb	r0, [r4, r0]
 338:Drivers/STM32F0xx_HAL_Driver/Src/stm32f0xx_hal_dma.c ****   {
ARM GAS  /tmp/ccrbgVKC.s 			page 29


 568              		.loc 1 338 6 view .LVU193
 569 0016 0128     		cmp	r0, #1
 570 0018 04D0     		beq	.L29
 369:Drivers/STM32F0xx_HAL_Driver/Src/stm32f0xx_hal_dma.c **** 
 571              		.loc 1 369 5 is_stmt 1 view .LVU194
 369:Drivers/STM32F0xx_HAL_Driver/Src/stm32f0xx_hal_dma.c **** 
 572              		.loc 1 369 5 view .LVU195
 573 001a 2023     		movs	r3, #32
 574              	.LVL41:
 369:Drivers/STM32F0xx_HAL_Driver/Src/stm32f0xx_hal_dma.c **** 
 575              		.loc 1 369 5 is_stmt 0 view .LVU196
 576 001c 0022     		movs	r2, #0
 577              	.LVL42:
 369:Drivers/STM32F0xx_HAL_Driver/Src/stm32f0xx_hal_dma.c **** 
 578              		.loc 1 369 5 view .LVU197
 579 001e E254     		strb	r2, [r4, r3]
 369:Drivers/STM32F0xx_HAL_Driver/Src/stm32f0xx_hal_dma.c **** 
 580              		.loc 1 369 5 is_stmt 1 view .LVU198
 372:Drivers/STM32F0xx_HAL_Driver/Src/stm32f0xx_hal_dma.c ****   }
 581              		.loc 1 372 5 view .LVU199
 582              	.LVL43:
 372:Drivers/STM32F0xx_HAL_Driver/Src/stm32f0xx_hal_dma.c ****   }
 583              		.loc 1 372 12 is_stmt 0 view .LVU200
 584 0020 0220     		movs	r0, #2
 585              	.LVL44:
 586              	.L24:
 376:Drivers/STM32F0xx_HAL_Driver/Src/stm32f0xx_hal_dma.c **** 
 587              		.loc 1 376 1 view .LVU201
 588              		@ sp needed
 589              	.LVL45:
 376:Drivers/STM32F0xx_HAL_Driver/Src/stm32f0xx_hal_dma.c **** 
 590              		.loc 1 376 1 view .LVU202
 591 0022 70BD     		pop	{r4, r5, r6, pc}
 592              	.LVL46:
 593              	.L29:
 341:Drivers/STM32F0xx_HAL_Driver/Src/stm32f0xx_hal_dma.c **** 
 594              		.loc 1 341 5 is_stmt 1 view .LVU203
 341:Drivers/STM32F0xx_HAL_Driver/Src/stm32f0xx_hal_dma.c **** 
 595              		.loc 1 341 17 is_stmt 0 view .LVU204
 596 0024 2030     		adds	r0, r0, #32
 597 0026 0135     		adds	r5, r5, #1
 598 0028 2554     		strb	r5, [r4, r0]
 343:Drivers/STM32F0xx_HAL_Driver/Src/stm32f0xx_hal_dma.c **** 
 599              		.loc 1 343 5 is_stmt 1 view .LVU205
 343:Drivers/STM32F0xx_HAL_Driver/Src/stm32f0xx_hal_dma.c **** 
 600              		.loc 1 343 21 is_stmt 0 view .LVU206
 601 002a 0020     		movs	r0, #0
 602 002c A063     		str	r0, [r4, #56]
 346:Drivers/STM32F0xx_HAL_Driver/Src/stm32f0xx_hal_dma.c **** 
 603              		.loc 1 346 5 is_stmt 1 view .LVU207
 346:Drivers/STM32F0xx_HAL_Driver/Src/stm32f0xx_hal_dma.c **** 
 604              		.loc 1 346 9 is_stmt 0 view .LVU208
 605 002e 2568     		ldr	r5, [r4]
 346:Drivers/STM32F0xx_HAL_Driver/Src/stm32f0xx_hal_dma.c **** 
 606              		.loc 1 346 19 view .LVU209
 607 0030 2868     		ldr	r0, [r5]
 346:Drivers/STM32F0xx_HAL_Driver/Src/stm32f0xx_hal_dma.c **** 
ARM GAS  /tmp/ccrbgVKC.s 			page 30


 608              		.loc 1 346 25 view .LVU210
 609 0032 0126     		movs	r6, #1
 610 0034 B043     		bics	r0, r6
 611 0036 2860     		str	r0, [r5]
 349:Drivers/STM32F0xx_HAL_Driver/Src/stm32f0xx_hal_dma.c **** 
 612              		.loc 1 349 5 is_stmt 1 view .LVU211
 613 0038 2000     		movs	r0, r4
 614 003a FFF7FEFF 		bl	DMA_SetConfig
 615              	.LVL47:
 353:Drivers/STM32F0xx_HAL_Driver/Src/stm32f0xx_hal_dma.c ****     {
 616              		.loc 1 353 5 view .LVU212
 353:Drivers/STM32F0xx_HAL_Driver/Src/stm32f0xx_hal_dma.c ****     {
 617              		.loc 1 353 21 is_stmt 0 view .LVU213
 618 003e E36A     		ldr	r3, [r4, #44]
 353:Drivers/STM32F0xx_HAL_Driver/Src/stm32f0xx_hal_dma.c ****     {
 619              		.loc 1 353 8 view .LVU214
 620 0040 002B     		cmp	r3, #0
 621 0042 0BD0     		beq	.L26
 355:Drivers/STM32F0xx_HAL_Driver/Src/stm32f0xx_hal_dma.c ****     }
 622              		.loc 1 355 7 is_stmt 1 view .LVU215
 355:Drivers/STM32F0xx_HAL_Driver/Src/stm32f0xx_hal_dma.c ****     }
 623              		.loc 1 355 11 is_stmt 0 view .LVU216
 624 0044 2268     		ldr	r2, [r4]
 355:Drivers/STM32F0xx_HAL_Driver/Src/stm32f0xx_hal_dma.c ****     }
 625              		.loc 1 355 21 view .LVU217
 626 0046 1368     		ldr	r3, [r2]
 355:Drivers/STM32F0xx_HAL_Driver/Src/stm32f0xx_hal_dma.c ****     }
 627              		.loc 1 355 27 view .LVU218
 628 0048 0E21     		movs	r1, #14
 629 004a 0B43     		orrs	r3, r1
 630 004c 1360     		str	r3, [r2]
 631              	.L27:
 364:Drivers/STM32F0xx_HAL_Driver/Src/stm32f0xx_hal_dma.c ****   }
 632              		.loc 1 364 5 is_stmt 1 view .LVU219
 364:Drivers/STM32F0xx_HAL_Driver/Src/stm32f0xx_hal_dma.c ****   }
 633              		.loc 1 364 9 is_stmt 0 view .LVU220
 634 004e 2268     		ldr	r2, [r4]
 364:Drivers/STM32F0xx_HAL_Driver/Src/stm32f0xx_hal_dma.c ****   }
 635              		.loc 1 364 19 view .LVU221
 636 0050 1368     		ldr	r3, [r2]
 364:Drivers/STM32F0xx_HAL_Driver/Src/stm32f0xx_hal_dma.c ****   }
 637              		.loc 1 364 25 view .LVU222
 638 0052 0121     		movs	r1, #1
 639 0054 0B43     		orrs	r3, r1
 640 0056 1360     		str	r3, [r2]
 330:Drivers/STM32F0xx_HAL_Driver/Src/stm32f0xx_hal_dma.c **** 
 641              		.loc 1 330 21 view .LVU223
 642 0058 0020     		movs	r0, #0
 643 005a E2E7     		b	.L24
 644              	.L26:
 359:Drivers/STM32F0xx_HAL_Driver/Src/stm32f0xx_hal_dma.c ****       hdma->Instance->CCR &= ~DMA_IT_HT;
 645              		.loc 1 359 7 is_stmt 1 view .LVU224
 359:Drivers/STM32F0xx_HAL_Driver/Src/stm32f0xx_hal_dma.c ****       hdma->Instance->CCR &= ~DMA_IT_HT;
 646              		.loc 1 359 11 is_stmt 0 view .LVU225
 647 005c 2268     		ldr	r2, [r4]
 359:Drivers/STM32F0xx_HAL_Driver/Src/stm32f0xx_hal_dma.c ****       hdma->Instance->CCR &= ~DMA_IT_HT;
 648              		.loc 1 359 21 view .LVU226
ARM GAS  /tmp/ccrbgVKC.s 			page 31


 649 005e 1368     		ldr	r3, [r2]
 359:Drivers/STM32F0xx_HAL_Driver/Src/stm32f0xx_hal_dma.c ****       hdma->Instance->CCR &= ~DMA_IT_HT;
 650              		.loc 1 359 27 view .LVU227
 651 0060 0A21     		movs	r1, #10
 652 0062 0B43     		orrs	r3, r1
 653 0064 1360     		str	r3, [r2]
 360:Drivers/STM32F0xx_HAL_Driver/Src/stm32f0xx_hal_dma.c ****     }
 654              		.loc 1 360 7 is_stmt 1 view .LVU228
 360:Drivers/STM32F0xx_HAL_Driver/Src/stm32f0xx_hal_dma.c ****     }
 655              		.loc 1 360 11 is_stmt 0 view .LVU229
 656 0066 2268     		ldr	r2, [r4]
 360:Drivers/STM32F0xx_HAL_Driver/Src/stm32f0xx_hal_dma.c ****     }
 657              		.loc 1 360 21 view .LVU230
 658 0068 1368     		ldr	r3, [r2]
 360:Drivers/STM32F0xx_HAL_Driver/Src/stm32f0xx_hal_dma.c ****     }
 659              		.loc 1 360 27 view .LVU231
 660 006a 0639     		subs	r1, r1, #6
 661 006c 8B43     		bics	r3, r1
 662 006e 1360     		str	r3, [r2]
 663 0070 EDE7     		b	.L27
 664              	.LVL48:
 665              	.L28:
 336:Drivers/STM32F0xx_HAL_Driver/Src/stm32f0xx_hal_dma.c **** 
 666              		.loc 1 336 3 discriminator 1 view .LVU232
 667 0072 0220     		movs	r0, #2
 668 0074 D5E7     		b	.L24
 669              		.cfi_endproc
 670              	.LFE43:
 672              		.section	.text.HAL_DMA_Abort,"ax",%progbits
 673              		.align	1
 674              		.global	HAL_DMA_Abort
 675              		.syntax unified
 676              		.code	16
 677              		.thumb_func
 679              	HAL_DMA_Abort:
 680              	.LVL49:
 681              	.LFB44:
 385:Drivers/STM32F0xx_HAL_Driver/Src/stm32f0xx_hal_dma.c ****   if (hdma->State != HAL_DMA_STATE_BUSY)
 682              		.loc 1 385 1 is_stmt 1 view -0
 683              		.cfi_startproc
 684              		@ args = 0, pretend = 0, frame = 0
 685              		@ frame_needed = 0, uses_anonymous_args = 0
 385:Drivers/STM32F0xx_HAL_Driver/Src/stm32f0xx_hal_dma.c ****   if (hdma->State != HAL_DMA_STATE_BUSY)
 686              		.loc 1 385 1 is_stmt 0 view .LVU234
 687 0000 10B5     		push	{r4, lr}
 688              	.LCFI6:
 689              		.cfi_def_cfa_offset 8
 690              		.cfi_offset 4, -8
 691              		.cfi_offset 14, -4
 386:Drivers/STM32F0xx_HAL_Driver/Src/stm32f0xx_hal_dma.c ****   {
 692              		.loc 1 386 3 is_stmt 1 view .LVU235
 386:Drivers/STM32F0xx_HAL_Driver/Src/stm32f0xx_hal_dma.c ****   {
 693              		.loc 1 386 11 is_stmt 0 view .LVU236
 694 0002 2123     		movs	r3, #33
 695 0004 C35C     		ldrb	r3, [r0, r3]
 386:Drivers/STM32F0xx_HAL_Driver/Src/stm32f0xx_hal_dma.c ****   {
 696              		.loc 1 386 6 view .LVU237
ARM GAS  /tmp/ccrbgVKC.s 			page 32


 697 0006 022B     		cmp	r3, #2
 698 0008 06D0     		beq	.L31
 389:Drivers/STM32F0xx_HAL_Driver/Src/stm32f0xx_hal_dma.c **** 
 699              		.loc 1 389 5 is_stmt 1 view .LVU238
 389:Drivers/STM32F0xx_HAL_Driver/Src/stm32f0xx_hal_dma.c **** 
 700              		.loc 1 389 21 is_stmt 0 view .LVU239
 701 000a 0423     		movs	r3, #4
 702 000c 8363     		str	r3, [r0, #56]
 392:Drivers/STM32F0xx_HAL_Driver/Src/stm32f0xx_hal_dma.c **** 
 703              		.loc 1 392 5 is_stmt 1 view .LVU240
 392:Drivers/STM32F0xx_HAL_Driver/Src/stm32f0xx_hal_dma.c **** 
 704              		.loc 1 392 5 view .LVU241
 705 000e 1C33     		adds	r3, r3, #28
 706 0010 0022     		movs	r2, #0
 707 0012 C254     		strb	r2, [r0, r3]
 392:Drivers/STM32F0xx_HAL_Driver/Src/stm32f0xx_hal_dma.c **** 
 708              		.loc 1 392 5 view .LVU242
 394:Drivers/STM32F0xx_HAL_Driver/Src/stm32f0xx_hal_dma.c ****   }
 709              		.loc 1 394 5 view .LVU243
 394:Drivers/STM32F0xx_HAL_Driver/Src/stm32f0xx_hal_dma.c ****   }
 710              		.loc 1 394 12 is_stmt 0 view .LVU244
 711 0014 0120     		movs	r0, #1
 712              	.LVL50:
 713              	.L32:
 414:Drivers/STM32F0xx_HAL_Driver/Src/stm32f0xx_hal_dma.c **** 
 714              		.loc 1 414 1 view .LVU245
 715              		@ sp needed
 716 0016 10BD     		pop	{r4, pc}
 717              	.LVL51:
 718              	.L31:
 399:Drivers/STM32F0xx_HAL_Driver/Src/stm32f0xx_hal_dma.c **** 
 719              		.loc 1 399 5 is_stmt 1 view .LVU246
 399:Drivers/STM32F0xx_HAL_Driver/Src/stm32f0xx_hal_dma.c **** 
 720              		.loc 1 399 9 is_stmt 0 view .LVU247
 721 0018 0268     		ldr	r2, [r0]
 399:Drivers/STM32F0xx_HAL_Driver/Src/stm32f0xx_hal_dma.c **** 
 722              		.loc 1 399 19 view .LVU248
 723 001a 1368     		ldr	r3, [r2]
 399:Drivers/STM32F0xx_HAL_Driver/Src/stm32f0xx_hal_dma.c **** 
 724              		.loc 1 399 25 view .LVU249
 725 001c 0E21     		movs	r1, #14
 726 001e 8B43     		bics	r3, r1
 727 0020 1360     		str	r3, [r2]
 402:Drivers/STM32F0xx_HAL_Driver/Src/stm32f0xx_hal_dma.c **** 
 728              		.loc 1 402 5 is_stmt 1 view .LVU250
 402:Drivers/STM32F0xx_HAL_Driver/Src/stm32f0xx_hal_dma.c **** 
 729              		.loc 1 402 9 is_stmt 0 view .LVU251
 730 0022 0168     		ldr	r1, [r0]
 402:Drivers/STM32F0xx_HAL_Driver/Src/stm32f0xx_hal_dma.c **** 
 731              		.loc 1 402 19 view .LVU252
 732 0024 0A68     		ldr	r2, [r1]
 402:Drivers/STM32F0xx_HAL_Driver/Src/stm32f0xx_hal_dma.c **** 
 733              		.loc 1 402 25 view .LVU253
 734 0026 0123     		movs	r3, #1
 735 0028 9A43     		bics	r2, r3
 736 002a 0A60     		str	r2, [r1]
 405:Drivers/STM32F0xx_HAL_Driver/Src/stm32f0xx_hal_dma.c ****   }
ARM GAS  /tmp/ccrbgVKC.s 			page 33


 737              		.loc 1 405 5 is_stmt 1 view .LVU254
 405:Drivers/STM32F0xx_HAL_Driver/Src/stm32f0xx_hal_dma.c ****   }
 738              		.loc 1 405 55 is_stmt 0 view .LVU255
 739 002c 016C     		ldr	r1, [r0, #64]
 405:Drivers/STM32F0xx_HAL_Driver/Src/stm32f0xx_hal_dma.c ****   }
 740              		.loc 1 405 9 view .LVU256
 741 002e C26B     		ldr	r2, [r0, #60]
 405:Drivers/STM32F0xx_HAL_Driver/Src/stm32f0xx_hal_dma.c ****   }
 742              		.loc 1 405 48 view .LVU257
 743 0030 1C00     		movs	r4, r3
 744 0032 8C40     		lsls	r4, r4, r1
 405:Drivers/STM32F0xx_HAL_Driver/Src/stm32f0xx_hal_dma.c ****   }
 745              		.loc 1 405 32 view .LVU258
 746 0034 5460     		str	r4, [r2, #4]
 408:Drivers/STM32F0xx_HAL_Driver/Src/stm32f0xx_hal_dma.c **** 
 747              		.loc 1 408 3 is_stmt 1 view .LVU259
 408:Drivers/STM32F0xx_HAL_Driver/Src/stm32f0xx_hal_dma.c **** 
 748              		.loc 1 408 15 is_stmt 0 view .LVU260
 749 0036 2122     		movs	r2, #33
 750 0038 8354     		strb	r3, [r0, r2]
 411:Drivers/STM32F0xx_HAL_Driver/Src/stm32f0xx_hal_dma.c **** 
 751              		.loc 1 411 3 is_stmt 1 view .LVU261
 411:Drivers/STM32F0xx_HAL_Driver/Src/stm32f0xx_hal_dma.c **** 
 752              		.loc 1 411 3 view .LVU262
 753 003a 1F33     		adds	r3, r3, #31
 754 003c 0022     		movs	r2, #0
 755 003e C254     		strb	r2, [r0, r3]
 411:Drivers/STM32F0xx_HAL_Driver/Src/stm32f0xx_hal_dma.c **** 
 756              		.loc 1 411 3 view .LVU263
 413:Drivers/STM32F0xx_HAL_Driver/Src/stm32f0xx_hal_dma.c **** }
 757              		.loc 1 413 3 view .LVU264
 413:Drivers/STM32F0xx_HAL_Driver/Src/stm32f0xx_hal_dma.c **** }
 758              		.loc 1 413 10 is_stmt 0 view .LVU265
 759 0040 0020     		movs	r0, #0
 760              	.LVL52:
 413:Drivers/STM32F0xx_HAL_Driver/Src/stm32f0xx_hal_dma.c **** }
 761              		.loc 1 413 10 view .LVU266
 762 0042 E8E7     		b	.L32
 763              		.cfi_endproc
 764              	.LFE44:
 766              		.section	.text.HAL_DMA_Abort_IT,"ax",%progbits
 767              		.align	1
 768              		.global	HAL_DMA_Abort_IT
 769              		.syntax unified
 770              		.code	16
 771              		.thumb_func
 773              	HAL_DMA_Abort_IT:
 774              	.LVL53:
 775              	.LFB45:
 423:Drivers/STM32F0xx_HAL_Driver/Src/stm32f0xx_hal_dma.c ****   HAL_StatusTypeDef status = HAL_OK;
 776              		.loc 1 423 1 is_stmt 1 view -0
 777              		.cfi_startproc
 778              		@ args = 0, pretend = 0, frame = 0
 779              		@ frame_needed = 0, uses_anonymous_args = 0
 423:Drivers/STM32F0xx_HAL_Driver/Src/stm32f0xx_hal_dma.c ****   HAL_StatusTypeDef status = HAL_OK;
 780              		.loc 1 423 1 is_stmt 0 view .LVU268
 781 0000 10B5     		push	{r4, lr}
ARM GAS  /tmp/ccrbgVKC.s 			page 34


 782              	.LCFI7:
 783              		.cfi_def_cfa_offset 8
 784              		.cfi_offset 4, -8
 785              		.cfi_offset 14, -4
 424:Drivers/STM32F0xx_HAL_Driver/Src/stm32f0xx_hal_dma.c **** 
 786              		.loc 1 424 3 is_stmt 1 view .LVU269
 787              	.LVL54:
 426:Drivers/STM32F0xx_HAL_Driver/Src/stm32f0xx_hal_dma.c ****   {
 788              		.loc 1 426 3 view .LVU270
 426:Drivers/STM32F0xx_HAL_Driver/Src/stm32f0xx_hal_dma.c ****   {
 789              		.loc 1 426 33 is_stmt 0 view .LVU271
 790 0002 2123     		movs	r3, #33
 791 0004 C35C     		ldrb	r3, [r0, r3]
 426:Drivers/STM32F0xx_HAL_Driver/Src/stm32f0xx_hal_dma.c ****   {
 792              		.loc 1 426 6 view .LVU272
 793 0006 022B     		cmp	r3, #2
 794 0008 03D0     		beq	.L34
 429:Drivers/STM32F0xx_HAL_Driver/Src/stm32f0xx_hal_dma.c **** 
 795              		.loc 1 429 5 is_stmt 1 view .LVU273
 429:Drivers/STM32F0xx_HAL_Driver/Src/stm32f0xx_hal_dma.c **** 
 796              		.loc 1 429 21 is_stmt 0 view .LVU274
 797 000a 0423     		movs	r3, #4
 798 000c 8363     		str	r3, [r0, #56]
 431:Drivers/STM32F0xx_HAL_Driver/Src/stm32f0xx_hal_dma.c ****   }
 799              		.loc 1 431 5 is_stmt 1 view .LVU275
 800              	.LVL55:
 431:Drivers/STM32F0xx_HAL_Driver/Src/stm32f0xx_hal_dma.c ****   }
 801              		.loc 1 431 12 is_stmt 0 view .LVU276
 802 000e 0120     		movs	r0, #1
 803              	.LVL56:
 804              	.L35:
 457:Drivers/STM32F0xx_HAL_Driver/Src/stm32f0xx_hal_dma.c **** }
 805              		.loc 1 457 3 is_stmt 1 view .LVU277
 458:Drivers/STM32F0xx_HAL_Driver/Src/stm32f0xx_hal_dma.c **** 
 806              		.loc 1 458 1 is_stmt 0 view .LVU278
 807              		@ sp needed
 808 0010 10BD     		pop	{r4, pc}
 809              	.LVL57:
 810              	.L34:
 437:Drivers/STM32F0xx_HAL_Driver/Src/stm32f0xx_hal_dma.c **** 
 811              		.loc 1 437 5 is_stmt 1 view .LVU279
 437:Drivers/STM32F0xx_HAL_Driver/Src/stm32f0xx_hal_dma.c **** 
 812              		.loc 1 437 9 is_stmt 0 view .LVU280
 813 0012 0268     		ldr	r2, [r0]
 437:Drivers/STM32F0xx_HAL_Driver/Src/stm32f0xx_hal_dma.c **** 
 814              		.loc 1 437 19 view .LVU281
 815 0014 1368     		ldr	r3, [r2]
 437:Drivers/STM32F0xx_HAL_Driver/Src/stm32f0xx_hal_dma.c **** 
 816              		.loc 1 437 25 view .LVU282
 817 0016 0E21     		movs	r1, #14
 818 0018 8B43     		bics	r3, r1
 819 001a 1360     		str	r3, [r2]
 440:Drivers/STM32F0xx_HAL_Driver/Src/stm32f0xx_hal_dma.c **** 
 820              		.loc 1 440 5 is_stmt 1 view .LVU283
 440:Drivers/STM32F0xx_HAL_Driver/Src/stm32f0xx_hal_dma.c **** 
 821              		.loc 1 440 9 is_stmt 0 view .LVU284
 822 001c 0168     		ldr	r1, [r0]
ARM GAS  /tmp/ccrbgVKC.s 			page 35


 440:Drivers/STM32F0xx_HAL_Driver/Src/stm32f0xx_hal_dma.c **** 
 823              		.loc 1 440 19 view .LVU285
 824 001e 0A68     		ldr	r2, [r1]
 440:Drivers/STM32F0xx_HAL_Driver/Src/stm32f0xx_hal_dma.c **** 
 825              		.loc 1 440 25 view .LVU286
 826 0020 0123     		movs	r3, #1
 827 0022 9A43     		bics	r2, r3
 828 0024 0A60     		str	r2, [r1]
 443:Drivers/STM32F0xx_HAL_Driver/Src/stm32f0xx_hal_dma.c **** 
 829              		.loc 1 443 5 is_stmt 1 view .LVU287
 443:Drivers/STM32F0xx_HAL_Driver/Src/stm32f0xx_hal_dma.c **** 
 830              		.loc 1 443 54 is_stmt 0 view .LVU288
 831 0026 016C     		ldr	r1, [r0, #64]
 443:Drivers/STM32F0xx_HAL_Driver/Src/stm32f0xx_hal_dma.c **** 
 832              		.loc 1 443 9 view .LVU289
 833 0028 C26B     		ldr	r2, [r0, #60]
 443:Drivers/STM32F0xx_HAL_Driver/Src/stm32f0xx_hal_dma.c **** 
 834              		.loc 1 443 47 view .LVU290
 835 002a 1C00     		movs	r4, r3
 836 002c 8C40     		lsls	r4, r4, r1
 443:Drivers/STM32F0xx_HAL_Driver/Src/stm32f0xx_hal_dma.c **** 
 837              		.loc 1 443 32 view .LVU291
 838 002e 5460     		str	r4, [r2, #4]
 446:Drivers/STM32F0xx_HAL_Driver/Src/stm32f0xx_hal_dma.c **** 
 839              		.loc 1 446 5 is_stmt 1 view .LVU292
 446:Drivers/STM32F0xx_HAL_Driver/Src/stm32f0xx_hal_dma.c **** 
 840              		.loc 1 446 17 is_stmt 0 view .LVU293
 841 0030 2122     		movs	r2, #33
 842 0032 8354     		strb	r3, [r0, r2]
 449:Drivers/STM32F0xx_HAL_Driver/Src/stm32f0xx_hal_dma.c **** 
 843              		.loc 1 449 5 is_stmt 1 view .LVU294
 449:Drivers/STM32F0xx_HAL_Driver/Src/stm32f0xx_hal_dma.c **** 
 844              		.loc 1 449 5 view .LVU295
 845 0034 1F33     		adds	r3, r3, #31
 846 0036 0022     		movs	r2, #0
 847 0038 C254     		strb	r2, [r0, r3]
 449:Drivers/STM32F0xx_HAL_Driver/Src/stm32f0xx_hal_dma.c **** 
 848              		.loc 1 449 5 view .LVU296
 452:Drivers/STM32F0xx_HAL_Driver/Src/stm32f0xx_hal_dma.c ****     {
 849              		.loc 1 452 5 view .LVU297
 452:Drivers/STM32F0xx_HAL_Driver/Src/stm32f0xx_hal_dma.c ****     {
 850              		.loc 1 452 13 is_stmt 0 view .LVU298
 851 003a 436B     		ldr	r3, [r0, #52]
 452:Drivers/STM32F0xx_HAL_Driver/Src/stm32f0xx_hal_dma.c ****     {
 852              		.loc 1 452 8 view .LVU299
 853 003c 002B     		cmp	r3, #0
 854 003e 02D0     		beq	.L36
 454:Drivers/STM32F0xx_HAL_Driver/Src/stm32f0xx_hal_dma.c ****     }
 855              		.loc 1 454 7 is_stmt 1 view .LVU300
 856 0040 9847     		blx	r3
 857              	.LVL58:
 424:Drivers/STM32F0xx_HAL_Driver/Src/stm32f0xx_hal_dma.c **** 
 858              		.loc 1 424 21 is_stmt 0 view .LVU301
 859 0042 0020     		movs	r0, #0
 860 0044 E4E7     		b	.L35
 861              	.LVL59:
 862              	.L36:
ARM GAS  /tmp/ccrbgVKC.s 			page 36


 424:Drivers/STM32F0xx_HAL_Driver/Src/stm32f0xx_hal_dma.c **** 
 863              		.loc 1 424 21 view .LVU302
 864 0046 0020     		movs	r0, #0
 865              	.LVL60:
 424:Drivers/STM32F0xx_HAL_Driver/Src/stm32f0xx_hal_dma.c **** 
 866              		.loc 1 424 21 view .LVU303
 867 0048 E2E7     		b	.L35
 868              		.cfi_endproc
 869              	.LFE45:
 871              		.section	.text.HAL_DMA_PollForTransfer,"ax",%progbits
 872              		.align	1
 873              		.global	HAL_DMA_PollForTransfer
 874              		.syntax unified
 875              		.code	16
 876              		.thumb_func
 878              	HAL_DMA_PollForTransfer:
 879              	.LVL61:
 880              	.LFB46:
 469:Drivers/STM32F0xx_HAL_Driver/Src/stm32f0xx_hal_dma.c ****   uint32_t temp;
 881              		.loc 1 469 1 is_stmt 1 view -0
 882              		.cfi_startproc
 883              		@ args = 0, pretend = 0, frame = 8
 884              		@ frame_needed = 0, uses_anonymous_args = 0
 469:Drivers/STM32F0xx_HAL_Driver/Src/stm32f0xx_hal_dma.c ****   uint32_t temp;
 885              		.loc 1 469 1 is_stmt 0 view .LVU305
 886 0000 F0B5     		push	{r4, r5, r6, r7, lr}
 887              	.LCFI8:
 888              		.cfi_def_cfa_offset 20
 889              		.cfi_offset 4, -20
 890              		.cfi_offset 5, -16
 891              		.cfi_offset 6, -12
 892              		.cfi_offset 7, -8
 893              		.cfi_offset 14, -4
 894 0002 83B0     		sub	sp, sp, #12
 895              	.LCFI9:
 896              		.cfi_def_cfa_offset 32
 897 0004 0600     		movs	r6, r0
 898 0006 0C00     		movs	r4, r1
 899 0008 1700     		movs	r7, r2
 470:Drivers/STM32F0xx_HAL_Driver/Src/stm32f0xx_hal_dma.c ****   uint32_t tickstart = 0U;
 900              		.loc 1 470 3 is_stmt 1 view .LVU306
 471:Drivers/STM32F0xx_HAL_Driver/Src/stm32f0xx_hal_dma.c **** 
 901              		.loc 1 471 3 view .LVU307
 902              	.LVL62:
 473:Drivers/STM32F0xx_HAL_Driver/Src/stm32f0xx_hal_dma.c ****   {
 903              		.loc 1 473 3 view .LVU308
 473:Drivers/STM32F0xx_HAL_Driver/Src/stm32f0xx_hal_dma.c ****   {
 904              		.loc 1 473 33 is_stmt 0 view .LVU309
 905 000a 2123     		movs	r3, #33
 906 000c C35C     		ldrb	r3, [r0, r3]
 473:Drivers/STM32F0xx_HAL_Driver/Src/stm32f0xx_hal_dma.c ****   {
 907              		.loc 1 473 6 view .LVU310
 908 000e 022B     		cmp	r3, #2
 909 0010 07D0     		beq	.L38
 476:Drivers/STM32F0xx_HAL_Driver/Src/stm32f0xx_hal_dma.c ****     __HAL_UNLOCK(hdma);
 910              		.loc 1 476 5 is_stmt 1 view .LVU311
 476:Drivers/STM32F0xx_HAL_Driver/Src/stm32f0xx_hal_dma.c ****     __HAL_UNLOCK(hdma);
ARM GAS  /tmp/ccrbgVKC.s 			page 37


 911              		.loc 1 476 21 is_stmt 0 view .LVU312
 912 0012 0423     		movs	r3, #4
 913 0014 8363     		str	r3, [r0, #56]
 477:Drivers/STM32F0xx_HAL_Driver/Src/stm32f0xx_hal_dma.c ****     return HAL_ERROR;
 914              		.loc 1 477 5 is_stmt 1 view .LVU313
 477:Drivers/STM32F0xx_HAL_Driver/Src/stm32f0xx_hal_dma.c ****     return HAL_ERROR;
 915              		.loc 1 477 5 view .LVU314
 916 0016 1C33     		adds	r3, r3, #28
 917 0018 0022     		movs	r2, #0
 918              	.LVL63:
 477:Drivers/STM32F0xx_HAL_Driver/Src/stm32f0xx_hal_dma.c ****     return HAL_ERROR;
 919              		.loc 1 477 5 is_stmt 0 view .LVU315
 920 001a C254     		strb	r2, [r0, r3]
 477:Drivers/STM32F0xx_HAL_Driver/Src/stm32f0xx_hal_dma.c ****     return HAL_ERROR;
 921              		.loc 1 477 5 is_stmt 1 view .LVU316
 478:Drivers/STM32F0xx_HAL_Driver/Src/stm32f0xx_hal_dma.c ****   }
 922              		.loc 1 478 5 view .LVU317
 478:Drivers/STM32F0xx_HAL_Driver/Src/stm32f0xx_hal_dma.c ****   }
 923              		.loc 1 478 12 is_stmt 0 view .LVU318
 924 001c 0120     		movs	r0, #1
 925              	.LVL64:
 926              	.L39:
 561:Drivers/STM32F0xx_HAL_Driver/Src/stm32f0xx_hal_dma.c **** 
 927              		.loc 1 561 1 view .LVU319
 928 001e 03B0     		add	sp, sp, #12
 929              		@ sp needed
 930              	.LVL65:
 931              	.LVL66:
 932              	.LVL67:
 561:Drivers/STM32F0xx_HAL_Driver/Src/stm32f0xx_hal_dma.c **** 
 933              		.loc 1 561 1 view .LVU320
 934 0020 F0BD     		pop	{r4, r5, r6, r7, pc}
 935              	.LVL68:
 936              	.L38:
 482:Drivers/STM32F0xx_HAL_Driver/Src/stm32f0xx_hal_dma.c ****   {
 937              		.loc 1 482 3 is_stmt 1 view .LVU321
 482:Drivers/STM32F0xx_HAL_Driver/Src/stm32f0xx_hal_dma.c ****   {
 938              		.loc 1 482 21 is_stmt 0 view .LVU322
 939 0022 0368     		ldr	r3, [r0]
 482:Drivers/STM32F0xx_HAL_Driver/Src/stm32f0xx_hal_dma.c ****   {
 940              		.loc 1 482 31 view .LVU323
 941 0024 1B68     		ldr	r3, [r3]
 482:Drivers/STM32F0xx_HAL_Driver/Src/stm32f0xx_hal_dma.c ****   {
 942              		.loc 1 482 6 view .LVU324
 943 0026 9B06     		lsls	r3, r3, #26
 944 0028 24D4     		bmi	.L51
 489:Drivers/STM32F0xx_HAL_Driver/Src/stm32f0xx_hal_dma.c ****   {
 945              		.loc 1 489 3 is_stmt 1 view .LVU325
 489:Drivers/STM32F0xx_HAL_Driver/Src/stm32f0xx_hal_dma.c ****   {
 946              		.loc 1 489 6 is_stmt 0 view .LVU326
 947 002a 0029     		cmp	r1, #0
 948 002c 27D1     		bne	.L41
 492:Drivers/STM32F0xx_HAL_Driver/Src/stm32f0xx_hal_dma.c ****   }
 949              		.loc 1 492 5 is_stmt 1 view .LVU327
 492:Drivers/STM32F0xx_HAL_Driver/Src/stm32f0xx_hal_dma.c ****   }
 950              		.loc 1 492 32 is_stmt 0 view .LVU328
 951 002e 036C     		ldr	r3, [r0, #64]
ARM GAS  /tmp/ccrbgVKC.s 			page 38


 492:Drivers/STM32F0xx_HAL_Driver/Src/stm32f0xx_hal_dma.c ****   }
 952              		.loc 1 492 10 view .LVU329
 953 0030 0225     		movs	r5, #2
 954 0032 9D40     		lsls	r5, r5, r3
 955              	.LVL69:
 956              	.L42:
 501:Drivers/STM32F0xx_HAL_Driver/Src/stm32f0xx_hal_dma.c **** 
 957              		.loc 1 501 3 is_stmt 1 view .LVU330
 501:Drivers/STM32F0xx_HAL_Driver/Src/stm32f0xx_hal_dma.c **** 
 958              		.loc 1 501 15 is_stmt 0 view .LVU331
 959 0034 FFF7FEFF 		bl	HAL_GetTick
 960              	.LVL70:
 501:Drivers/STM32F0xx_HAL_Driver/Src/stm32f0xx_hal_dma.c **** 
 961              		.loc 1 501 15 view .LVU332
 962 0038 0190     		str	r0, [sp, #4]
 963              	.LVL71:
 503:Drivers/STM32F0xx_HAL_Driver/Src/stm32f0xx_hal_dma.c ****   {
 964              		.loc 1 503 3 is_stmt 1 view .LVU333
 965              	.L45:
 503:Drivers/STM32F0xx_HAL_Driver/Src/stm32f0xx_hal_dma.c ****   {
 966              		.loc 1 503 16 view .LVU334
 503:Drivers/STM32F0xx_HAL_Driver/Src/stm32f0xx_hal_dma.c ****   {
 967              		.loc 1 503 24 is_stmt 0 view .LVU335
 968 003a F16B     		ldr	r1, [r6, #60]
 503:Drivers/STM32F0xx_HAL_Driver/Src/stm32f0xx_hal_dma.c ****   {
 969              		.loc 1 503 40 view .LVU336
 970 003c 0B68     		ldr	r3, [r1]
 503:Drivers/STM32F0xx_HAL_Driver/Src/stm32f0xx_hal_dma.c ****   {
 971              		.loc 1 503 16 view .LVU337
 972 003e 1D42     		tst	r5, r3
 973 0040 2DD1     		bne	.L52
 505:Drivers/STM32F0xx_HAL_Driver/Src/stm32f0xx_hal_dma.c ****     {
 974              		.loc 1 505 5 is_stmt 1 view .LVU338
 505:Drivers/STM32F0xx_HAL_Driver/Src/stm32f0xx_hal_dma.c ****     {
 975              		.loc 1 505 39 is_stmt 0 view .LVU339
 976 0042 0868     		ldr	r0, [r1]
 505:Drivers/STM32F0xx_HAL_Driver/Src/stm32f0xx_hal_dma.c ****     {
 977              		.loc 1 505 68 view .LVU340
 978 0044 326C     		ldr	r2, [r6, #64]
 505:Drivers/STM32F0xx_HAL_Driver/Src/stm32f0xx_hal_dma.c ****     {
 979              		.loc 1 505 61 view .LVU341
 980 0046 0823     		movs	r3, #8
 981 0048 9340     		lsls	r3, r3, r2
 505:Drivers/STM32F0xx_HAL_Driver/Src/stm32f0xx_hal_dma.c ****     {
 982              		.loc 1 505 8 view .LVU342
 983 004a 0342     		tst	r3, r0
 984 004c 1BD1     		bne	.L53
 524:Drivers/STM32F0xx_HAL_Driver/Src/stm32f0xx_hal_dma.c ****     {
 985              		.loc 1 524 5 is_stmt 1 view .LVU343
 524:Drivers/STM32F0xx_HAL_Driver/Src/stm32f0xx_hal_dma.c ****     {
 986              		.loc 1 524 8 is_stmt 0 view .LVU344
 987 004e 7B1C     		adds	r3, r7, #1
 988 0050 F3D0     		beq	.L45
 526:Drivers/STM32F0xx_HAL_Driver/Src/stm32f0xx_hal_dma.c ****       {
 989              		.loc 1 526 7 is_stmt 1 view .LVU345
 526:Drivers/STM32F0xx_HAL_Driver/Src/stm32f0xx_hal_dma.c ****       {
 990              		.loc 1 526 10 is_stmt 0 view .LVU346
ARM GAS  /tmp/ccrbgVKC.s 			page 39


 991 0052 002F     		cmp	r7, #0
 992 0054 05D0     		beq	.L46
 526:Drivers/STM32F0xx_HAL_Driver/Src/stm32f0xx_hal_dma.c ****       {
 993              		.loc 1 526 32 discriminator 1 view .LVU347
 994 0056 FFF7FEFF 		bl	HAL_GetTick
 995              	.LVL72:
 526:Drivers/STM32F0xx_HAL_Driver/Src/stm32f0xx_hal_dma.c ****       {
 996              		.loc 1 526 46 discriminator 1 view .LVU348
 997 005a 019B     		ldr	r3, [sp, #4]
 998 005c C01A     		subs	r0, r0, r3
 526:Drivers/STM32F0xx_HAL_Driver/Src/stm32f0xx_hal_dma.c ****       {
 999              		.loc 1 526 27 discriminator 1 view .LVU349
 1000 005e B842     		cmp	r0, r7
 1001 0060 EBD9     		bls	.L45
 1002              	.L46:
 529:Drivers/STM32F0xx_HAL_Driver/Src/stm32f0xx_hal_dma.c **** 
 1003              		.loc 1 529 9 is_stmt 1 view .LVU350
 529:Drivers/STM32F0xx_HAL_Driver/Src/stm32f0xx_hal_dma.c **** 
 1004              		.loc 1 529 25 is_stmt 0 view .LVU351
 1005 0062 2023     		movs	r3, #32
 1006 0064 B363     		str	r3, [r6, #56]
 532:Drivers/STM32F0xx_HAL_Driver/Src/stm32f0xx_hal_dma.c **** 
 1007              		.loc 1 532 9 is_stmt 1 view .LVU352
 532:Drivers/STM32F0xx_HAL_Driver/Src/stm32f0xx_hal_dma.c **** 
 1008              		.loc 1 532 21 is_stmt 0 view .LVU353
 1009 0066 2122     		movs	r2, #33
 1010 0068 0121     		movs	r1, #1
 1011 006a B154     		strb	r1, [r6, r2]
 535:Drivers/STM32F0xx_HAL_Driver/Src/stm32f0xx_hal_dma.c **** 
 1012              		.loc 1 535 9 is_stmt 1 view .LVU354
 535:Drivers/STM32F0xx_HAL_Driver/Src/stm32f0xx_hal_dma.c **** 
 1013              		.loc 1 535 9 view .LVU355
 1014 006c 0022     		movs	r2, #0
 1015 006e F254     		strb	r2, [r6, r3]
 535:Drivers/STM32F0xx_HAL_Driver/Src/stm32f0xx_hal_dma.c **** 
 1016              		.loc 1 535 9 view .LVU356
 537:Drivers/STM32F0xx_HAL_Driver/Src/stm32f0xx_hal_dma.c ****       }
 1017              		.loc 1 537 9 view .LVU357
 537:Drivers/STM32F0xx_HAL_Driver/Src/stm32f0xx_hal_dma.c ****       }
 1018              		.loc 1 537 16 is_stmt 0 view .LVU358
 1019 0070 0120     		movs	r0, #1
 1020 0072 D4E7     		b	.L39
 1021              	.LVL73:
 1022              	.L51:
 484:Drivers/STM32F0xx_HAL_Driver/Src/stm32f0xx_hal_dma.c ****     return HAL_ERROR;
 1023              		.loc 1 484 5 is_stmt 1 view .LVU359
 484:Drivers/STM32F0xx_HAL_Driver/Src/stm32f0xx_hal_dma.c ****     return HAL_ERROR;
 1024              		.loc 1 484 21 is_stmt 0 view .LVU360
 1025 0074 8023     		movs	r3, #128
 1026 0076 5B00     		lsls	r3, r3, #1
 1027 0078 8363     		str	r3, [r0, #56]
 485:Drivers/STM32F0xx_HAL_Driver/Src/stm32f0xx_hal_dma.c ****   }
 1028              		.loc 1 485 5 is_stmt 1 view .LVU361
 485:Drivers/STM32F0xx_HAL_Driver/Src/stm32f0xx_hal_dma.c ****   }
 1029              		.loc 1 485 12 is_stmt 0 view .LVU362
 1030 007a 0120     		movs	r0, #1
 1031              	.LVL74:
ARM GAS  /tmp/ccrbgVKC.s 			page 40


 485:Drivers/STM32F0xx_HAL_Driver/Src/stm32f0xx_hal_dma.c ****   }
 1032              		.loc 1 485 12 view .LVU363
 1033 007c CFE7     		b	.L39
 1034              	.LVL75:
 1035              	.L41:
 497:Drivers/STM32F0xx_HAL_Driver/Src/stm32f0xx_hal_dma.c ****   }
 1036              		.loc 1 497 5 is_stmt 1 view .LVU364
 497:Drivers/STM32F0xx_HAL_Driver/Src/stm32f0xx_hal_dma.c ****   }
 1037              		.loc 1 497 32 is_stmt 0 view .LVU365
 1038 007e 036C     		ldr	r3, [r0, #64]
 497:Drivers/STM32F0xx_HAL_Driver/Src/stm32f0xx_hal_dma.c ****   }
 1039              		.loc 1 497 10 view .LVU366
 1040 0080 0425     		movs	r5, #4
 1041 0082 9D40     		lsls	r5, r5, r3
 1042              	.LVL76:
 497:Drivers/STM32F0xx_HAL_Driver/Src/stm32f0xx_hal_dma.c ****   }
 1043              		.loc 1 497 10 view .LVU367
 1044 0084 D6E7     		b	.L42
 1045              	.LVL77:
 1046              	.L53:
 510:Drivers/STM32F0xx_HAL_Driver/Src/stm32f0xx_hal_dma.c **** 
 1047              		.loc 1 510 7 is_stmt 1 view .LVU368
 510:Drivers/STM32F0xx_HAL_Driver/Src/stm32f0xx_hal_dma.c **** 
 1048              		.loc 1 510 49 is_stmt 0 view .LVU369
 1049 0086 0123     		movs	r3, #1
 1050 0088 1800     		movs	r0, r3
 1051 008a 9040     		lsls	r0, r0, r2
 510:Drivers/STM32F0xx_HAL_Driver/Src/stm32f0xx_hal_dma.c **** 
 1052              		.loc 1 510 34 view .LVU370
 1053 008c 4860     		str	r0, [r1, #4]
 513:Drivers/STM32F0xx_HAL_Driver/Src/stm32f0xx_hal_dma.c **** 
 1054              		.loc 1 513 7 is_stmt 1 view .LVU371
 513:Drivers/STM32F0xx_HAL_Driver/Src/stm32f0xx_hal_dma.c **** 
 1055              		.loc 1 513 23 is_stmt 0 view .LVU372
 1056 008e B363     		str	r3, [r6, #56]
 516:Drivers/STM32F0xx_HAL_Driver/Src/stm32f0xx_hal_dma.c **** 
 1057              		.loc 1 516 7 is_stmt 1 view .LVU373
 516:Drivers/STM32F0xx_HAL_Driver/Src/stm32f0xx_hal_dma.c **** 
 1058              		.loc 1 516 19 is_stmt 0 view .LVU374
 1059 0090 2122     		movs	r2, #33
 1060 0092 B354     		strb	r3, [r6, r2]
 519:Drivers/STM32F0xx_HAL_Driver/Src/stm32f0xx_hal_dma.c **** 
 1061              		.loc 1 519 7 is_stmt 1 view .LVU375
 519:Drivers/STM32F0xx_HAL_Driver/Src/stm32f0xx_hal_dma.c **** 
 1062              		.loc 1 519 7 view .LVU376
 1063 0094 1F33     		adds	r3, r3, #31
 1064 0096 0022     		movs	r2, #0
 1065 0098 F254     		strb	r2, [r6, r3]
 519:Drivers/STM32F0xx_HAL_Driver/Src/stm32f0xx_hal_dma.c **** 
 1066              		.loc 1 519 7 view .LVU377
 521:Drivers/STM32F0xx_HAL_Driver/Src/stm32f0xx_hal_dma.c ****     }
 1067              		.loc 1 521 7 view .LVU378
 521:Drivers/STM32F0xx_HAL_Driver/Src/stm32f0xx_hal_dma.c ****     }
 1068              		.loc 1 521 14 is_stmt 0 view .LVU379
 1069 009a 0120     		movs	r0, #1
 1070 009c BFE7     		b	.L39
 1071              	.L52:
ARM GAS  /tmp/ccrbgVKC.s 			page 41


 542:Drivers/STM32F0xx_HAL_Driver/Src/stm32f0xx_hal_dma.c ****   {
 1072              		.loc 1 542 3 is_stmt 1 view .LVU380
 542:Drivers/STM32F0xx_HAL_Driver/Src/stm32f0xx_hal_dma.c ****   {
 1073              		.loc 1 542 6 is_stmt 0 view .LVU381
 1074 009e 002C     		cmp	r4, #0
 1075 00a0 0BD1     		bne	.L48
 545:Drivers/STM32F0xx_HAL_Driver/Src/stm32f0xx_hal_dma.c **** 
 1076              		.loc 1 545 5 is_stmt 1 view .LVU382
 545:Drivers/STM32F0xx_HAL_Driver/Src/stm32f0xx_hal_dma.c **** 
 1077              		.loc 1 545 54 is_stmt 0 view .LVU383
 1078 00a2 326C     		ldr	r2, [r6, #64]
 545:Drivers/STM32F0xx_HAL_Driver/Src/stm32f0xx_hal_dma.c **** 
 1079              		.loc 1 545 47 view .LVU384
 1080 00a4 0223     		movs	r3, #2
 1081 00a6 9340     		lsls	r3, r3, r2
 545:Drivers/STM32F0xx_HAL_Driver/Src/stm32f0xx_hal_dma.c **** 
 1082              		.loc 1 545 32 view .LVU385
 1083 00a8 4B60     		str	r3, [r1, #4]
 549:Drivers/STM32F0xx_HAL_Driver/Src/stm32f0xx_hal_dma.c ****   }
 1084              		.loc 1 549 5 is_stmt 1 view .LVU386
 549:Drivers/STM32F0xx_HAL_Driver/Src/stm32f0xx_hal_dma.c ****   }
 1085              		.loc 1 549 17 is_stmt 0 view .LVU387
 1086 00aa 2123     		movs	r3, #33
 1087 00ac 0122     		movs	r2, #1
 1088 00ae F254     		strb	r2, [r6, r3]
 1089              	.L49:
 558:Drivers/STM32F0xx_HAL_Driver/Src/stm32f0xx_hal_dma.c **** 
 1090              		.loc 1 558 3 is_stmt 1 view .LVU388
 558:Drivers/STM32F0xx_HAL_Driver/Src/stm32f0xx_hal_dma.c **** 
 1091              		.loc 1 558 3 view .LVU389
 1092 00b0 2023     		movs	r3, #32
 1093 00b2 0022     		movs	r2, #0
 1094 00b4 F254     		strb	r2, [r6, r3]
 558:Drivers/STM32F0xx_HAL_Driver/Src/stm32f0xx_hal_dma.c **** 
 1095              		.loc 1 558 3 view .LVU390
 560:Drivers/STM32F0xx_HAL_Driver/Src/stm32f0xx_hal_dma.c **** }
 1096              		.loc 1 560 3 view .LVU391
 560:Drivers/STM32F0xx_HAL_Driver/Src/stm32f0xx_hal_dma.c **** }
 1097              		.loc 1 560 10 is_stmt 0 view .LVU392
 1098 00b6 0020     		movs	r0, #0
 1099 00b8 B1E7     		b	.L39
 1100              	.L48:
 554:Drivers/STM32F0xx_HAL_Driver/Src/stm32f0xx_hal_dma.c ****   }
 1101              		.loc 1 554 5 is_stmt 1 view .LVU393
 554:Drivers/STM32F0xx_HAL_Driver/Src/stm32f0xx_hal_dma.c ****   }
 1102              		.loc 1 554 54 is_stmt 0 view .LVU394
 1103 00ba 326C     		ldr	r2, [r6, #64]
 554:Drivers/STM32F0xx_HAL_Driver/Src/stm32f0xx_hal_dma.c ****   }
 1104              		.loc 1 554 47 view .LVU395
 1105 00bc 0423     		movs	r3, #4
 1106 00be 9340     		lsls	r3, r3, r2
 554:Drivers/STM32F0xx_HAL_Driver/Src/stm32f0xx_hal_dma.c ****   }
 1107              		.loc 1 554 32 view .LVU396
 1108 00c0 4B60     		str	r3, [r1, #4]
 1109 00c2 F5E7     		b	.L49
 1110              		.cfi_endproc
 1111              	.LFE46:
ARM GAS  /tmp/ccrbgVKC.s 			page 42


 1113              		.section	.text.HAL_DMA_IRQHandler,"ax",%progbits
 1114              		.align	1
 1115              		.global	HAL_DMA_IRQHandler
 1116              		.syntax unified
 1117              		.code	16
 1118              		.thumb_func
 1120              	HAL_DMA_IRQHandler:
 1121              	.LVL78:
 1122              	.LFB47:
 570:Drivers/STM32F0xx_HAL_Driver/Src/stm32f0xx_hal_dma.c ****   uint32_t flag_it = hdma->DmaBaseAddress->ISR;
 1123              		.loc 1 570 1 is_stmt 1 view -0
 1124              		.cfi_startproc
 1125              		@ args = 0, pretend = 0, frame = 0
 1126              		@ frame_needed = 0, uses_anonymous_args = 0
 570:Drivers/STM32F0xx_HAL_Driver/Src/stm32f0xx_hal_dma.c ****   uint32_t flag_it = hdma->DmaBaseAddress->ISR;
 1127              		.loc 1 570 1 is_stmt 0 view .LVU398
 1128 0000 70B5     		push	{r4, r5, r6, lr}
 1129              	.LCFI10:
 1130              		.cfi_def_cfa_offset 16
 1131              		.cfi_offset 4, -16
 1132              		.cfi_offset 5, -12
 1133              		.cfi_offset 6, -8
 1134              		.cfi_offset 14, -4
 571:Drivers/STM32F0xx_HAL_Driver/Src/stm32f0xx_hal_dma.c ****   uint32_t source_it = hdma->Instance->CCR;
 1135              		.loc 1 571 3 is_stmt 1 view .LVU399
 571:Drivers/STM32F0xx_HAL_Driver/Src/stm32f0xx_hal_dma.c ****   uint32_t source_it = hdma->Instance->CCR;
 1136              		.loc 1 571 26 is_stmt 0 view .LVU400
 1137 0002 C36B     		ldr	r3, [r0, #60]
 571:Drivers/STM32F0xx_HAL_Driver/Src/stm32f0xx_hal_dma.c ****   uint32_t source_it = hdma->Instance->CCR;
 1138              		.loc 1 571 12 view .LVU401
 1139 0004 1A68     		ldr	r2, [r3]
 1140              	.LVL79:
 572:Drivers/STM32F0xx_HAL_Driver/Src/stm32f0xx_hal_dma.c **** 
 1141              		.loc 1 572 3 is_stmt 1 view .LVU402
 572:Drivers/STM32F0xx_HAL_Driver/Src/stm32f0xx_hal_dma.c **** 
 1142              		.loc 1 572 28 is_stmt 0 view .LVU403
 1143 0006 0468     		ldr	r4, [r0]
 572:Drivers/STM32F0xx_HAL_Driver/Src/stm32f0xx_hal_dma.c **** 
 1144              		.loc 1 572 12 view .LVU404
 1145 0008 2568     		ldr	r5, [r4]
 1146              	.LVL80:
 575:Drivers/STM32F0xx_HAL_Driver/Src/stm32f0xx_hal_dma.c ****   {
 1147              		.loc 1 575 3 is_stmt 1 view .LVU405
 575:Drivers/STM32F0xx_HAL_Driver/Src/stm32f0xx_hal_dma.c ****   {
 1148              		.loc 1 575 49 is_stmt 0 view .LVU406
 1149 000a 016C     		ldr	r1, [r0, #64]
 575:Drivers/STM32F0xx_HAL_Driver/Src/stm32f0xx_hal_dma.c ****   {
 1150              		.loc 1 575 42 view .LVU407
 1151 000c 0423     		movs	r3, #4
 1152 000e 8B40     		lsls	r3, r3, r1
 575:Drivers/STM32F0xx_HAL_Driver/Src/stm32f0xx_hal_dma.c ****   {
 1153              		.loc 1 575 6 view .LVU408
 1154 0010 1A42     		tst	r2, r3
 1155 0012 12D0     		beq	.L55
 575:Drivers/STM32F0xx_HAL_Driver/Src/stm32f0xx_hal_dma.c ****   {
 1156              		.loc 1 575 67 discriminator 1 view .LVU409
 1157 0014 6B07     		lsls	r3, r5, #29
ARM GAS  /tmp/ccrbgVKC.s 			page 43


 1158 0016 10D5     		bpl	.L55
 578:Drivers/STM32F0xx_HAL_Driver/Src/stm32f0xx_hal_dma.c ****     {
 1159              		.loc 1 578 5 is_stmt 1 view .LVU410
 578:Drivers/STM32F0xx_HAL_Driver/Src/stm32f0xx_hal_dma.c ****     {
 1160              		.loc 1 578 24 is_stmt 0 view .LVU411
 1161 0018 2368     		ldr	r3, [r4]
 578:Drivers/STM32F0xx_HAL_Driver/Src/stm32f0xx_hal_dma.c ****     {
 1162              		.loc 1 578 8 view .LVU412
 1163 001a 9B06     		lsls	r3, r3, #26
 1164 001c 03D4     		bmi	.L56
 581:Drivers/STM32F0xx_HAL_Driver/Src/stm32f0xx_hal_dma.c ****     }
 1165              		.loc 1 581 7 is_stmt 1 view .LVU413
 581:Drivers/STM32F0xx_HAL_Driver/Src/stm32f0xx_hal_dma.c ****     }
 1166              		.loc 1 581 21 is_stmt 0 view .LVU414
 1167 001e 2368     		ldr	r3, [r4]
 581:Drivers/STM32F0xx_HAL_Driver/Src/stm32f0xx_hal_dma.c ****     }
 1168              		.loc 1 581 27 view .LVU415
 1169 0020 0422     		movs	r2, #4
 1170              	.LVL81:
 581:Drivers/STM32F0xx_HAL_Driver/Src/stm32f0xx_hal_dma.c ****     }
 1171              		.loc 1 581 27 view .LVU416
 1172 0022 9343     		bics	r3, r2
 1173 0024 2360     		str	r3, [r4]
 1174              	.L56:
 585:Drivers/STM32F0xx_HAL_Driver/Src/stm32f0xx_hal_dma.c **** 
 1175              		.loc 1 585 5 is_stmt 1 view .LVU417
 585:Drivers/STM32F0xx_HAL_Driver/Src/stm32f0xx_hal_dma.c **** 
 1176              		.loc 1 585 54 is_stmt 0 view .LVU418
 1177 0026 016C     		ldr	r1, [r0, #64]
 585:Drivers/STM32F0xx_HAL_Driver/Src/stm32f0xx_hal_dma.c **** 
 1178              		.loc 1 585 9 view .LVU419
 1179 0028 C26B     		ldr	r2, [r0, #60]
 585:Drivers/STM32F0xx_HAL_Driver/Src/stm32f0xx_hal_dma.c **** 
 1180              		.loc 1 585 47 view .LVU420
 1181 002a 0423     		movs	r3, #4
 1182 002c 8B40     		lsls	r3, r3, r1
 585:Drivers/STM32F0xx_HAL_Driver/Src/stm32f0xx_hal_dma.c **** 
 1183              		.loc 1 585 32 view .LVU421
 1184 002e 5360     		str	r3, [r2, #4]
 590:Drivers/STM32F0xx_HAL_Driver/Src/stm32f0xx_hal_dma.c ****     {
 1185              		.loc 1 590 5 is_stmt 1 view .LVU422
 590:Drivers/STM32F0xx_HAL_Driver/Src/stm32f0xx_hal_dma.c ****     {
 1186              		.loc 1 590 13 is_stmt 0 view .LVU423
 1187 0030 C36A     		ldr	r3, [r0, #44]
 590:Drivers/STM32F0xx_HAL_Driver/Src/stm32f0xx_hal_dma.c ****     {
 1188              		.loc 1 590 8 view .LVU424
 1189 0032 002B     		cmp	r3, #0
 1190 0034 00D0     		beq	.L54
 593:Drivers/STM32F0xx_HAL_Driver/Src/stm32f0xx_hal_dma.c ****     }
 1191              		.loc 1 593 7 is_stmt 1 view .LVU425
 1192 0036 9847     		blx	r3
 1193              	.LVL82:
 1194              	.L54:
 649:Drivers/STM32F0xx_HAL_Driver/Src/stm32f0xx_hal_dma.c **** 
 1195              		.loc 1 649 1 is_stmt 0 view .LVU426
 1196              		@ sp needed
 1197 0038 70BD     		pop	{r4, r5, r6, pc}
ARM GAS  /tmp/ccrbgVKC.s 			page 44


 1198              	.LVL83:
 1199              	.L55:
 598:Drivers/STM32F0xx_HAL_Driver/Src/stm32f0xx_hal_dma.c ****   {
 1200              		.loc 1 598 8 is_stmt 1 view .LVU427
 598:Drivers/STM32F0xx_HAL_Driver/Src/stm32f0xx_hal_dma.c ****   {
 1201              		.loc 1 598 47 is_stmt 0 view .LVU428
 1202 003a 0223     		movs	r3, #2
 1203 003c 8B40     		lsls	r3, r3, r1
 598:Drivers/STM32F0xx_HAL_Driver/Src/stm32f0xx_hal_dma.c ****   {
 1204              		.loc 1 598 11 view .LVU429
 1205 003e 1A42     		tst	r2, r3
 1206 0040 18D0     		beq	.L58
 598:Drivers/STM32F0xx_HAL_Driver/Src/stm32f0xx_hal_dma.c ****   {
 1207              		.loc 1 598 72 discriminator 1 view .LVU430
 1208 0042 AB07     		lsls	r3, r5, #30
 1209 0044 16D5     		bpl	.L58
 600:Drivers/STM32F0xx_HAL_Driver/Src/stm32f0xx_hal_dma.c ****     {
 1210              		.loc 1 600 5 is_stmt 1 view .LVU431
 600:Drivers/STM32F0xx_HAL_Driver/Src/stm32f0xx_hal_dma.c ****     {
 1211              		.loc 1 600 24 is_stmt 0 view .LVU432
 1212 0046 2368     		ldr	r3, [r4]
 600:Drivers/STM32F0xx_HAL_Driver/Src/stm32f0xx_hal_dma.c ****     {
 1213              		.loc 1 600 8 view .LVU433
 1214 0048 9B06     		lsls	r3, r3, #26
 1215 004a 06D4     		bmi	.L59
 604:Drivers/STM32F0xx_HAL_Driver/Src/stm32f0xx_hal_dma.c **** 
 1216              		.loc 1 604 7 is_stmt 1 view .LVU434
 604:Drivers/STM32F0xx_HAL_Driver/Src/stm32f0xx_hal_dma.c **** 
 1217              		.loc 1 604 21 is_stmt 0 view .LVU435
 1218 004c 2368     		ldr	r3, [r4]
 604:Drivers/STM32F0xx_HAL_Driver/Src/stm32f0xx_hal_dma.c **** 
 1219              		.loc 1 604 27 view .LVU436
 1220 004e 0A22     		movs	r2, #10
 1221              	.LVL84:
 604:Drivers/STM32F0xx_HAL_Driver/Src/stm32f0xx_hal_dma.c **** 
 1222              		.loc 1 604 27 view .LVU437
 1223 0050 9343     		bics	r3, r2
 1224 0052 2360     		str	r3, [r4]
 607:Drivers/STM32F0xx_HAL_Driver/Src/stm32f0xx_hal_dma.c ****     }
 1225              		.loc 1 607 7 is_stmt 1 view .LVU438
 607:Drivers/STM32F0xx_HAL_Driver/Src/stm32f0xx_hal_dma.c ****     }
 1226              		.loc 1 607 19 is_stmt 0 view .LVU439
 1227 0054 2123     		movs	r3, #33
 1228 0056 093A     		subs	r2, r2, #9
 1229 0058 C254     		strb	r2, [r0, r3]
 1230              	.L59:
 611:Drivers/STM32F0xx_HAL_Driver/Src/stm32f0xx_hal_dma.c **** 
 1231              		.loc 1 611 5 is_stmt 1 view .LVU440
 611:Drivers/STM32F0xx_HAL_Driver/Src/stm32f0xx_hal_dma.c **** 
 1232              		.loc 1 611 54 is_stmt 0 view .LVU441
 1233 005a 016C     		ldr	r1, [r0, #64]
 611:Drivers/STM32F0xx_HAL_Driver/Src/stm32f0xx_hal_dma.c **** 
 1234              		.loc 1 611 9 view .LVU442
 1235 005c C26B     		ldr	r2, [r0, #60]
 611:Drivers/STM32F0xx_HAL_Driver/Src/stm32f0xx_hal_dma.c **** 
 1236              		.loc 1 611 47 view .LVU443
 1237 005e 0223     		movs	r3, #2
ARM GAS  /tmp/ccrbgVKC.s 			page 45


 1238 0060 8B40     		lsls	r3, r3, r1
 611:Drivers/STM32F0xx_HAL_Driver/Src/stm32f0xx_hal_dma.c **** 
 1239              		.loc 1 611 32 view .LVU444
 1240 0062 5360     		str	r3, [r2, #4]
 614:Drivers/STM32F0xx_HAL_Driver/Src/stm32f0xx_hal_dma.c **** 
 1241              		.loc 1 614 5 is_stmt 1 view .LVU445
 614:Drivers/STM32F0xx_HAL_Driver/Src/stm32f0xx_hal_dma.c **** 
 1242              		.loc 1 614 5 view .LVU446
 1243 0064 2023     		movs	r3, #32
 1244 0066 0022     		movs	r2, #0
 1245 0068 C254     		strb	r2, [r0, r3]
 614:Drivers/STM32F0xx_HAL_Driver/Src/stm32f0xx_hal_dma.c **** 
 1246              		.loc 1 614 5 view .LVU447
 616:Drivers/STM32F0xx_HAL_Driver/Src/stm32f0xx_hal_dma.c ****     {
 1247              		.loc 1 616 5 view .LVU448
 616:Drivers/STM32F0xx_HAL_Driver/Src/stm32f0xx_hal_dma.c ****     {
 1248              		.loc 1 616 13 is_stmt 0 view .LVU449
 1249 006a 836A     		ldr	r3, [r0, #40]
 616:Drivers/STM32F0xx_HAL_Driver/Src/stm32f0xx_hal_dma.c ****     {
 1250              		.loc 1 616 8 view .LVU450
 1251 006c 002B     		cmp	r3, #0
 1252 006e E3D0     		beq	.L54
 619:Drivers/STM32F0xx_HAL_Driver/Src/stm32f0xx_hal_dma.c ****     }
 1253              		.loc 1 619 7 is_stmt 1 view .LVU451
 1254 0070 9847     		blx	r3
 1255              	.LVL85:
 619:Drivers/STM32F0xx_HAL_Driver/Src/stm32f0xx_hal_dma.c ****     }
 1256              		.loc 1 619 7 is_stmt 0 view .LVU452
 1257 0072 E1E7     		b	.L54
 1258              	.LVL86:
 1259              	.L58:
 624:Drivers/STM32F0xx_HAL_Driver/Src/stm32f0xx_hal_dma.c ****   {
 1260              		.loc 1 624 8 is_stmt 1 view .LVU453
 624:Drivers/STM32F0xx_HAL_Driver/Src/stm32f0xx_hal_dma.c ****   {
 1261              		.loc 1 624 47 is_stmt 0 view .LVU454
 1262 0074 0823     		movs	r3, #8
 1263 0076 8B40     		lsls	r3, r3, r1
 624:Drivers/STM32F0xx_HAL_Driver/Src/stm32f0xx_hal_dma.c ****   {
 1264              		.loc 1 624 11 view .LVU455
 1265 0078 1A42     		tst	r2, r3
 1266 007a DDD0     		beq	.L54
 624:Drivers/STM32F0xx_HAL_Driver/Src/stm32f0xx_hal_dma.c ****   {
 1267              		.loc 1 624 72 discriminator 1 view .LVU456
 1268 007c 2D07     		lsls	r5, r5, #28
 1269 007e DBD5     		bpl	.L54
 1270              	.LVL87:
 629:Drivers/STM32F0xx_HAL_Driver/Src/stm32f0xx_hal_dma.c **** 
 1271              		.loc 1 629 5 is_stmt 1 view .LVU457
 629:Drivers/STM32F0xx_HAL_Driver/Src/stm32f0xx_hal_dma.c **** 
 1272              		.loc 1 629 19 is_stmt 0 view .LVU458
 1273 0080 2368     		ldr	r3, [r4]
 629:Drivers/STM32F0xx_HAL_Driver/Src/stm32f0xx_hal_dma.c **** 
 1274              		.loc 1 629 25 view .LVU459
 1275 0082 0E22     		movs	r2, #14
 1276              	.LVL88:
 629:Drivers/STM32F0xx_HAL_Driver/Src/stm32f0xx_hal_dma.c **** 
 1277              		.loc 1 629 25 view .LVU460
ARM GAS  /tmp/ccrbgVKC.s 			page 46


 1278 0084 9343     		bics	r3, r2
 1279 0086 2360     		str	r3, [r4]
 632:Drivers/STM32F0xx_HAL_Driver/Src/stm32f0xx_hal_dma.c **** 
 1280              		.loc 1 632 5 is_stmt 1 view .LVU461
 632:Drivers/STM32F0xx_HAL_Driver/Src/stm32f0xx_hal_dma.c **** 
 1281              		.loc 1 632 54 is_stmt 0 view .LVU462
 1282 0088 016C     		ldr	r1, [r0, #64]
 632:Drivers/STM32F0xx_HAL_Driver/Src/stm32f0xx_hal_dma.c **** 
 1283              		.loc 1 632 9 view .LVU463
 1284 008a C26B     		ldr	r2, [r0, #60]
 632:Drivers/STM32F0xx_HAL_Driver/Src/stm32f0xx_hal_dma.c **** 
 1285              		.loc 1 632 47 view .LVU464
 1286 008c 0123     		movs	r3, #1
 1287 008e 1C00     		movs	r4, r3
 1288 0090 8C40     		lsls	r4, r4, r1
 632:Drivers/STM32F0xx_HAL_Driver/Src/stm32f0xx_hal_dma.c **** 
 1289              		.loc 1 632 32 view .LVU465
 1290 0092 5460     		str	r4, [r2, #4]
 635:Drivers/STM32F0xx_HAL_Driver/Src/stm32f0xx_hal_dma.c **** 
 1291              		.loc 1 635 5 is_stmt 1 view .LVU466
 635:Drivers/STM32F0xx_HAL_Driver/Src/stm32f0xx_hal_dma.c **** 
 1292              		.loc 1 635 21 is_stmt 0 view .LVU467
 1293 0094 8363     		str	r3, [r0, #56]
 638:Drivers/STM32F0xx_HAL_Driver/Src/stm32f0xx_hal_dma.c **** 
 1294              		.loc 1 638 5 is_stmt 1 view .LVU468
 638:Drivers/STM32F0xx_HAL_Driver/Src/stm32f0xx_hal_dma.c **** 
 1295              		.loc 1 638 17 is_stmt 0 view .LVU469
 1296 0096 2122     		movs	r2, #33
 1297 0098 8354     		strb	r3, [r0, r2]
 641:Drivers/STM32F0xx_HAL_Driver/Src/stm32f0xx_hal_dma.c **** 
 1298              		.loc 1 641 5 is_stmt 1 view .LVU470
 641:Drivers/STM32F0xx_HAL_Driver/Src/stm32f0xx_hal_dma.c **** 
 1299              		.loc 1 641 5 view .LVU471
 1300 009a 1F33     		adds	r3, r3, #31
 1301 009c 0022     		movs	r2, #0
 1302 009e C254     		strb	r2, [r0, r3]
 641:Drivers/STM32F0xx_HAL_Driver/Src/stm32f0xx_hal_dma.c **** 
 1303              		.loc 1 641 5 view .LVU472
 643:Drivers/STM32F0xx_HAL_Driver/Src/stm32f0xx_hal_dma.c ****     {
 1304              		.loc 1 643 5 view .LVU473
 643:Drivers/STM32F0xx_HAL_Driver/Src/stm32f0xx_hal_dma.c ****     {
 1305              		.loc 1 643 13 is_stmt 0 view .LVU474
 1306 00a0 036B     		ldr	r3, [r0, #48]
 643:Drivers/STM32F0xx_HAL_Driver/Src/stm32f0xx_hal_dma.c ****     {
 1307              		.loc 1 643 8 view .LVU475
 1308 00a2 002B     		cmp	r3, #0
 1309 00a4 C8D0     		beq	.L54
 646:Drivers/STM32F0xx_HAL_Driver/Src/stm32f0xx_hal_dma.c ****     }
 1310              		.loc 1 646 7 is_stmt 1 view .LVU476
 1311 00a6 9847     		blx	r3
 1312              	.LVL89:
 649:Drivers/STM32F0xx_HAL_Driver/Src/stm32f0xx_hal_dma.c **** 
 1313              		.loc 1 649 1 is_stmt 0 view .LVU477
 1314 00a8 C6E7     		b	.L54
 1315              		.cfi_endproc
 1316              	.LFE47:
 1318              		.section	.text.HAL_DMA_RegisterCallback,"ax",%progbits
ARM GAS  /tmp/ccrbgVKC.s 			page 47


 1319              		.align	1
 1320              		.global	HAL_DMA_RegisterCallback
 1321              		.syntax unified
 1322              		.code	16
 1323              		.thumb_func
 1325              	HAL_DMA_RegisterCallback:
 1326              	.LVL90:
 1327              	.LFB48:
 662:Drivers/STM32F0xx_HAL_Driver/Src/stm32f0xx_hal_dma.c ****   HAL_StatusTypeDef status = HAL_OK;
 1328              		.loc 1 662 1 is_stmt 1 view -0
 1329              		.cfi_startproc
 1330              		@ args = 0, pretend = 0, frame = 0
 1331              		@ frame_needed = 0, uses_anonymous_args = 0
 662:Drivers/STM32F0xx_HAL_Driver/Src/stm32f0xx_hal_dma.c ****   HAL_StatusTypeDef status = HAL_OK;
 1332              		.loc 1 662 1 is_stmt 0 view .LVU479
 1333 0000 10B5     		push	{r4, lr}
 1334              	.LCFI11:
 1335              		.cfi_def_cfa_offset 8
 1336              		.cfi_offset 4, -8
 1337              		.cfi_offset 14, -4
 1338 0002 0300     		movs	r3, r0
 663:Drivers/STM32F0xx_HAL_Driver/Src/stm32f0xx_hal_dma.c **** 
 1339              		.loc 1 663 3 is_stmt 1 view .LVU480
 1340              	.LVL91:
 666:Drivers/STM32F0xx_HAL_Driver/Src/stm32f0xx_hal_dma.c **** 
 1341              		.loc 1 666 3 view .LVU481
 666:Drivers/STM32F0xx_HAL_Driver/Src/stm32f0xx_hal_dma.c **** 
 1342              		.loc 1 666 3 view .LVU482
 1343 0004 2020     		movs	r0, #32
 1344              	.LVL92:
 666:Drivers/STM32F0xx_HAL_Driver/Src/stm32f0xx_hal_dma.c **** 
 1345              		.loc 1 666 3 is_stmt 0 view .LVU483
 1346 0006 185C     		ldrb	r0, [r3, r0]
 1347 0008 0128     		cmp	r0, #1
 1348 000a 21D0     		beq	.L73
 666:Drivers/STM32F0xx_HAL_Driver/Src/stm32f0xx_hal_dma.c **** 
 1349              		.loc 1 666 3 is_stmt 1 discriminator 2 view .LVU484
 1350 000c 2020     		movs	r0, #32
 1351 000e 0124     		movs	r4, #1
 1352 0010 1C54     		strb	r4, [r3, r0]
 666:Drivers/STM32F0xx_HAL_Driver/Src/stm32f0xx_hal_dma.c **** 
 1353              		.loc 1 666 3 discriminator 2 view .LVU485
 668:Drivers/STM32F0xx_HAL_Driver/Src/stm32f0xx_hal_dma.c ****   {
 1354              		.loc 1 668 3 view .LVU486
 668:Drivers/STM32F0xx_HAL_Driver/Src/stm32f0xx_hal_dma.c ****   {
 1355              		.loc 1 668 34 is_stmt 0 view .LVU487
 1356 0012 0130     		adds	r0, r0, #1
 1357 0014 1C5C     		ldrb	r4, [r3, r0]
 1358 0016 E0B2     		uxtb	r0, r4
 668:Drivers/STM32F0xx_HAL_Driver/Src/stm32f0xx_hal_dma.c ****   {
 1359              		.loc 1 668 6 view .LVU488
 1360 0018 012C     		cmp	r4, #1
 1361 001a 04D0     		beq	.L75
 695:Drivers/STM32F0xx_HAL_Driver/Src/stm32f0xx_hal_dma.c ****   }
 1362              		.loc 1 695 12 view .LVU489
 1363 001c 0120     		movs	r0, #1
 1364              	.L67:
ARM GAS  /tmp/ccrbgVKC.s 			page 48


 1365              	.LVL93:
 699:Drivers/STM32F0xx_HAL_Driver/Src/stm32f0xx_hal_dma.c **** 
 1366              		.loc 1 699 3 is_stmt 1 view .LVU490
 699:Drivers/STM32F0xx_HAL_Driver/Src/stm32f0xx_hal_dma.c **** 
 1367              		.loc 1 699 3 view .LVU491
 1368 001e 2022     		movs	r2, #32
 1369              	.LVL94:
 699:Drivers/STM32F0xx_HAL_Driver/Src/stm32f0xx_hal_dma.c **** 
 1370              		.loc 1 699 3 is_stmt 0 view .LVU492
 1371 0020 0021     		movs	r1, #0
 1372              	.LVL95:
 699:Drivers/STM32F0xx_HAL_Driver/Src/stm32f0xx_hal_dma.c **** 
 1373              		.loc 1 699 3 view .LVU493
 1374 0022 9954     		strb	r1, [r3, r2]
 699:Drivers/STM32F0xx_HAL_Driver/Src/stm32f0xx_hal_dma.c **** 
 1375              		.loc 1 699 3 is_stmt 1 view .LVU494
 701:Drivers/STM32F0xx_HAL_Driver/Src/stm32f0xx_hal_dma.c **** }
 1376              		.loc 1 701 3 view .LVU495
 1377              	.LVL96:
 1378              	.L66:
 702:Drivers/STM32F0xx_HAL_Driver/Src/stm32f0xx_hal_dma.c **** 
 1379              		.loc 1 702 1 is_stmt 0 view .LVU496
 1380              		@ sp needed
 1381 0024 10BD     		pop	{r4, pc}
 1382              	.LVL97:
 1383              	.L75:
 670:Drivers/STM32F0xx_HAL_Driver/Src/stm32f0xx_hal_dma.c ****     {
 1384              		.loc 1 670 5 is_stmt 1 view .LVU497
 1385 0026 0229     		cmp	r1, #2
 1386 0028 0FD0     		beq	.L68
 1387 002a 06D8     		bhi	.L69
 1388 002c 0029     		cmp	r1, #0
 1389 002e 09D0     		beq	.L70
 1390 0030 0129     		cmp	r1, #1
 1391 0032 F4D1     		bne	.L67
 677:Drivers/STM32F0xx_HAL_Driver/Src/stm32f0xx_hal_dma.c ****         break;
 1392              		.loc 1 677 9 view .LVU498
 677:Drivers/STM32F0xx_HAL_Driver/Src/stm32f0xx_hal_dma.c ****         break;
 1393              		.loc 1 677 36 is_stmt 0 view .LVU499
 1394 0034 DA62     		str	r2, [r3, #44]
 678:Drivers/STM32F0xx_HAL_Driver/Src/stm32f0xx_hal_dma.c **** 
 1395              		.loc 1 678 9 is_stmt 1 view .LVU500
 663:Drivers/STM32F0xx_HAL_Driver/Src/stm32f0xx_hal_dma.c **** 
 1396              		.loc 1 663 21 is_stmt 0 view .LVU501
 1397 0036 0020     		movs	r0, #0
 678:Drivers/STM32F0xx_HAL_Driver/Src/stm32f0xx_hal_dma.c **** 
 1398              		.loc 1 678 9 view .LVU502
 1399 0038 F1E7     		b	.L67
 1400              	.L69:
 670:Drivers/STM32F0xx_HAL_Driver/Src/stm32f0xx_hal_dma.c ****     {
 1401              		.loc 1 670 5 view .LVU503
 1402 003a 0329     		cmp	r1, #3
 1403 003c EFD1     		bne	.L67
 685:Drivers/STM32F0xx_HAL_Driver/Src/stm32f0xx_hal_dma.c ****         break;
 1404              		.loc 1 685 9 is_stmt 1 view .LVU504
 685:Drivers/STM32F0xx_HAL_Driver/Src/stm32f0xx_hal_dma.c ****         break;
 1405              		.loc 1 685 33 is_stmt 0 view .LVU505
ARM GAS  /tmp/ccrbgVKC.s 			page 49


 1406 003e 5A63     		str	r2, [r3, #52]
 686:Drivers/STM32F0xx_HAL_Driver/Src/stm32f0xx_hal_dma.c **** 
 1407              		.loc 1 686 9 is_stmt 1 view .LVU506
 663:Drivers/STM32F0xx_HAL_Driver/Src/stm32f0xx_hal_dma.c **** 
 1408              		.loc 1 663 21 is_stmt 0 view .LVU507
 1409 0040 0020     		movs	r0, #0
 686:Drivers/STM32F0xx_HAL_Driver/Src/stm32f0xx_hal_dma.c **** 
 1410              		.loc 1 686 9 view .LVU508
 1411 0042 ECE7     		b	.L67
 1412              	.L70:
 673:Drivers/STM32F0xx_HAL_Driver/Src/stm32f0xx_hal_dma.c ****         break;
 1413              		.loc 1 673 9 is_stmt 1 view .LVU509
 673:Drivers/STM32F0xx_HAL_Driver/Src/stm32f0xx_hal_dma.c ****         break;
 1414              		.loc 1 673 32 is_stmt 0 view .LVU510
 1415 0044 9A62     		str	r2, [r3, #40]
 674:Drivers/STM32F0xx_HAL_Driver/Src/stm32f0xx_hal_dma.c **** 
 1416              		.loc 1 674 9 is_stmt 1 view .LVU511
 663:Drivers/STM32F0xx_HAL_Driver/Src/stm32f0xx_hal_dma.c **** 
 1417              		.loc 1 663 21 is_stmt 0 view .LVU512
 1418 0046 0800     		movs	r0, r1
 674:Drivers/STM32F0xx_HAL_Driver/Src/stm32f0xx_hal_dma.c **** 
 1419              		.loc 1 674 9 view .LVU513
 1420 0048 E9E7     		b	.L67
 1421              	.L68:
 681:Drivers/STM32F0xx_HAL_Driver/Src/stm32f0xx_hal_dma.c ****         break;
 1422              		.loc 1 681 9 is_stmt 1 view .LVU514
 681:Drivers/STM32F0xx_HAL_Driver/Src/stm32f0xx_hal_dma.c ****         break;
 1423              		.loc 1 681 33 is_stmt 0 view .LVU515
 1424 004a 1A63     		str	r2, [r3, #48]
 682:Drivers/STM32F0xx_HAL_Driver/Src/stm32f0xx_hal_dma.c **** 
 1425              		.loc 1 682 9 is_stmt 1 view .LVU516
 663:Drivers/STM32F0xx_HAL_Driver/Src/stm32f0xx_hal_dma.c **** 
 1426              		.loc 1 663 21 is_stmt 0 view .LVU517
 1427 004c 0020     		movs	r0, #0
 682:Drivers/STM32F0xx_HAL_Driver/Src/stm32f0xx_hal_dma.c **** 
 1428              		.loc 1 682 9 view .LVU518
 1429 004e E6E7     		b	.L67
 1430              	.L73:
 666:Drivers/STM32F0xx_HAL_Driver/Src/stm32f0xx_hal_dma.c **** 
 1431              		.loc 1 666 3 discriminator 1 view .LVU519
 1432 0050 0220     		movs	r0, #2
 1433 0052 E7E7     		b	.L66
 1434              		.cfi_endproc
 1435              	.LFE48:
 1437              		.section	.text.HAL_DMA_UnRegisterCallback,"ax",%progbits
 1438              		.align	1
 1439              		.global	HAL_DMA_UnRegisterCallback
 1440              		.syntax unified
 1441              		.code	16
 1442              		.thumb_func
 1444              	HAL_DMA_UnRegisterCallback:
 1445              	.LVL98:
 1446              	.LFB49:
 713:Drivers/STM32F0xx_HAL_Driver/Src/stm32f0xx_hal_dma.c ****   HAL_StatusTypeDef status = HAL_OK;
 1447              		.loc 1 713 1 is_stmt 1 view -0
 1448              		.cfi_startproc
 1449              		@ args = 0, pretend = 0, frame = 0
ARM GAS  /tmp/ccrbgVKC.s 			page 50


 1450              		@ frame_needed = 0, uses_anonymous_args = 0
 1451              		@ link register save eliminated.
 713:Drivers/STM32F0xx_HAL_Driver/Src/stm32f0xx_hal_dma.c ****   HAL_StatusTypeDef status = HAL_OK;
 1452              		.loc 1 713 1 is_stmt 0 view .LVU521
 1453 0000 0300     		movs	r3, r0
 714:Drivers/STM32F0xx_HAL_Driver/Src/stm32f0xx_hal_dma.c **** 
 1454              		.loc 1 714 3 is_stmt 1 view .LVU522
 1455              	.LVL99:
 717:Drivers/STM32F0xx_HAL_Driver/Src/stm32f0xx_hal_dma.c **** 
 1456              		.loc 1 717 3 view .LVU523
 717:Drivers/STM32F0xx_HAL_Driver/Src/stm32f0xx_hal_dma.c **** 
 1457              		.loc 1 717 3 view .LVU524
 1458 0002 2022     		movs	r2, #32
 1459 0004 825C     		ldrb	r2, [r0, r2]
 1460 0006 012A     		cmp	r2, #1
 1461 0008 29D0     		beq	.L85
 717:Drivers/STM32F0xx_HAL_Driver/Src/stm32f0xx_hal_dma.c **** 
 1462              		.loc 1 717 3 discriminator 2 view .LVU525
 1463 000a 2022     		movs	r2, #32
 1464 000c 0120     		movs	r0, #1
 1465              	.LVL100:
 717:Drivers/STM32F0xx_HAL_Driver/Src/stm32f0xx_hal_dma.c **** 
 1466              		.loc 1 717 3 is_stmt 0 discriminator 2 view .LVU526
 1467 000e 9854     		strb	r0, [r3, r2]
 717:Drivers/STM32F0xx_HAL_Driver/Src/stm32f0xx_hal_dma.c **** 
 1468              		.loc 1 717 3 is_stmt 1 discriminator 2 view .LVU527
 719:Drivers/STM32F0xx_HAL_Driver/Src/stm32f0xx_hal_dma.c ****   {
 1469              		.loc 1 719 3 view .LVU528
 719:Drivers/STM32F0xx_HAL_Driver/Src/stm32f0xx_hal_dma.c ****   {
 1470              		.loc 1 719 34 is_stmt 0 view .LVU529
 1471 0010 0132     		adds	r2, r2, #1
 1472 0012 9A5C     		ldrb	r2, [r3, r2]
 1473 0014 D0B2     		uxtb	r0, r2
 719:Drivers/STM32F0xx_HAL_Driver/Src/stm32f0xx_hal_dma.c ****   {
 1474              		.loc 1 719 6 view .LVU530
 1475 0016 012A     		cmp	r2, #1
 1476 0018 04D0     		beq	.L87
 753:Drivers/STM32F0xx_HAL_Driver/Src/stm32f0xx_hal_dma.c ****   }
 1477              		.loc 1 753 12 view .LVU531
 1478 001a 0120     		movs	r0, #1
 1479              	.L78:
 1480              	.LVL101:
 757:Drivers/STM32F0xx_HAL_Driver/Src/stm32f0xx_hal_dma.c **** 
 1481              		.loc 1 757 3 is_stmt 1 view .LVU532
 757:Drivers/STM32F0xx_HAL_Driver/Src/stm32f0xx_hal_dma.c **** 
 1482              		.loc 1 757 3 view .LVU533
 1483 001c 2022     		movs	r2, #32
 1484 001e 0021     		movs	r1, #0
 1485              	.LVL102:
 757:Drivers/STM32F0xx_HAL_Driver/Src/stm32f0xx_hal_dma.c **** 
 1486              		.loc 1 757 3 is_stmt 0 view .LVU534
 1487 0020 9954     		strb	r1, [r3, r2]
 757:Drivers/STM32F0xx_HAL_Driver/Src/stm32f0xx_hal_dma.c **** 
 1488              		.loc 1 757 3 is_stmt 1 view .LVU535
 759:Drivers/STM32F0xx_HAL_Driver/Src/stm32f0xx_hal_dma.c **** }
 1489              		.loc 1 759 3 view .LVU536
 1490              	.LVL103:
ARM GAS  /tmp/ccrbgVKC.s 			page 51


 1491              	.L77:
 760:Drivers/STM32F0xx_HAL_Driver/Src/stm32f0xx_hal_dma.c **** 
 1492              		.loc 1 760 1 is_stmt 0 view .LVU537
 1493              		@ sp needed
 1494 0022 7047     		bx	lr
 1495              	.LVL104:
 1496              	.L87:
 721:Drivers/STM32F0xx_HAL_Driver/Src/stm32f0xx_hal_dma.c ****     {
 1497              		.loc 1 721 5 is_stmt 1 view .LVU538
 1498 0024 0429     		cmp	r1, #4
 1499 0026 F9D8     		bhi	.L78
 1500 0028 8A00     		lsls	r2, r1, #2
 1501 002a 0E48     		ldr	r0, .L88
 1502 002c 8258     		ldr	r2, [r0, r2]
 1503 002e 9746     		mov	pc, r2
 1504              		.section	.rodata.HAL_DMA_UnRegisterCallback,"a",%progbits
 1505              		.align	2
 1506              	.L80:
 1507 0000 30000000 		.word	.L84
 1508 0004 38000000 		.word	.L83
 1509 0008 40000000 		.word	.L82
 1510 000c 48000000 		.word	.L81
 1511 0010 50000000 		.word	.L79
 1512              		.section	.text.HAL_DMA_UnRegisterCallback
 1513              	.L84:
 724:Drivers/STM32F0xx_HAL_Driver/Src/stm32f0xx_hal_dma.c ****         break;
 1514              		.loc 1 724 9 view .LVU539
 724:Drivers/STM32F0xx_HAL_Driver/Src/stm32f0xx_hal_dma.c ****         break;
 1515              		.loc 1 724 32 is_stmt 0 view .LVU540
 1516 0030 0022     		movs	r2, #0
 1517 0032 9A62     		str	r2, [r3, #40]
 725:Drivers/STM32F0xx_HAL_Driver/Src/stm32f0xx_hal_dma.c **** 
 1518              		.loc 1 725 9 is_stmt 1 view .LVU541
 714:Drivers/STM32F0xx_HAL_Driver/Src/stm32f0xx_hal_dma.c **** 
 1519              		.loc 1 714 21 is_stmt 0 view .LVU542
 1520 0034 0800     		movs	r0, r1
 725:Drivers/STM32F0xx_HAL_Driver/Src/stm32f0xx_hal_dma.c **** 
 1521              		.loc 1 725 9 view .LVU543
 1522 0036 F1E7     		b	.L78
 1523              	.L83:
 728:Drivers/STM32F0xx_HAL_Driver/Src/stm32f0xx_hal_dma.c ****         break;
 1524              		.loc 1 728 9 is_stmt 1 view .LVU544
 728:Drivers/STM32F0xx_HAL_Driver/Src/stm32f0xx_hal_dma.c ****         break;
 1525              		.loc 1 728 36 is_stmt 0 view .LVU545
 1526 0038 0022     		movs	r2, #0
 1527 003a DA62     		str	r2, [r3, #44]
 729:Drivers/STM32F0xx_HAL_Driver/Src/stm32f0xx_hal_dma.c **** 
 1528              		.loc 1 729 9 is_stmt 1 view .LVU546
 714:Drivers/STM32F0xx_HAL_Driver/Src/stm32f0xx_hal_dma.c **** 
 1529              		.loc 1 714 21 is_stmt 0 view .LVU547
 1530 003c 0020     		movs	r0, #0
 729:Drivers/STM32F0xx_HAL_Driver/Src/stm32f0xx_hal_dma.c **** 
 1531              		.loc 1 729 9 view .LVU548
 1532 003e EDE7     		b	.L78
 1533              	.L82:
 732:Drivers/STM32F0xx_HAL_Driver/Src/stm32f0xx_hal_dma.c ****         break;
 1534              		.loc 1 732 9 is_stmt 1 view .LVU549
ARM GAS  /tmp/ccrbgVKC.s 			page 52


 732:Drivers/STM32F0xx_HAL_Driver/Src/stm32f0xx_hal_dma.c ****         break;
 1535              		.loc 1 732 33 is_stmt 0 view .LVU550
 1536 0040 0022     		movs	r2, #0
 1537 0042 1A63     		str	r2, [r3, #48]
 733:Drivers/STM32F0xx_HAL_Driver/Src/stm32f0xx_hal_dma.c **** 
 1538              		.loc 1 733 9 is_stmt 1 view .LVU551
 714:Drivers/STM32F0xx_HAL_Driver/Src/stm32f0xx_hal_dma.c **** 
 1539              		.loc 1 714 21 is_stmt 0 view .LVU552
 1540 0044 0020     		movs	r0, #0
 733:Drivers/STM32F0xx_HAL_Driver/Src/stm32f0xx_hal_dma.c **** 
 1541              		.loc 1 733 9 view .LVU553
 1542 0046 E9E7     		b	.L78
 1543              	.L81:
 736:Drivers/STM32F0xx_HAL_Driver/Src/stm32f0xx_hal_dma.c ****         break;
 1544              		.loc 1 736 9 is_stmt 1 view .LVU554
 736:Drivers/STM32F0xx_HAL_Driver/Src/stm32f0xx_hal_dma.c ****         break;
 1545              		.loc 1 736 33 is_stmt 0 view .LVU555
 1546 0048 0022     		movs	r2, #0
 1547 004a 5A63     		str	r2, [r3, #52]
 737:Drivers/STM32F0xx_HAL_Driver/Src/stm32f0xx_hal_dma.c **** 
 1548              		.loc 1 737 9 is_stmt 1 view .LVU556
 714:Drivers/STM32F0xx_HAL_Driver/Src/stm32f0xx_hal_dma.c **** 
 1549              		.loc 1 714 21 is_stmt 0 view .LVU557
 1550 004c 0020     		movs	r0, #0
 737:Drivers/STM32F0xx_HAL_Driver/Src/stm32f0xx_hal_dma.c **** 
 1551              		.loc 1 737 9 view .LVU558
 1552 004e E5E7     		b	.L78
 1553              	.L79:
 740:Drivers/STM32F0xx_HAL_Driver/Src/stm32f0xx_hal_dma.c ****         hdma->XferHalfCpltCallback = NULL;
 1554              		.loc 1 740 9 is_stmt 1 view .LVU559
 740:Drivers/STM32F0xx_HAL_Driver/Src/stm32f0xx_hal_dma.c ****         hdma->XferHalfCpltCallback = NULL;
 1555              		.loc 1 740 32 is_stmt 0 view .LVU560
 1556 0050 0022     		movs	r2, #0
 1557 0052 9A62     		str	r2, [r3, #40]
 741:Drivers/STM32F0xx_HAL_Driver/Src/stm32f0xx_hal_dma.c ****         hdma->XferErrorCallback = NULL;
 1558              		.loc 1 741 9 is_stmt 1 view .LVU561
 741:Drivers/STM32F0xx_HAL_Driver/Src/stm32f0xx_hal_dma.c ****         hdma->XferErrorCallback = NULL;
 1559              		.loc 1 741 36 is_stmt 0 view .LVU562
 1560 0054 DA62     		str	r2, [r3, #44]
 742:Drivers/STM32F0xx_HAL_Driver/Src/stm32f0xx_hal_dma.c ****         hdma->XferAbortCallback = NULL;
 1561              		.loc 1 742 9 is_stmt 1 view .LVU563
 742:Drivers/STM32F0xx_HAL_Driver/Src/stm32f0xx_hal_dma.c ****         hdma->XferAbortCallback = NULL;
 1562              		.loc 1 742 33 is_stmt 0 view .LVU564
 1563 0056 1A63     		str	r2, [r3, #48]
 743:Drivers/STM32F0xx_HAL_Driver/Src/stm32f0xx_hal_dma.c ****         break;
 1564              		.loc 1 743 9 is_stmt 1 view .LVU565
 743:Drivers/STM32F0xx_HAL_Driver/Src/stm32f0xx_hal_dma.c ****         break;
 1565              		.loc 1 743 33 is_stmt 0 view .LVU566
 1566 0058 5A63     		str	r2, [r3, #52]
 744:Drivers/STM32F0xx_HAL_Driver/Src/stm32f0xx_hal_dma.c **** 
 1567              		.loc 1 744 9 is_stmt 1 view .LVU567
 714:Drivers/STM32F0xx_HAL_Driver/Src/stm32f0xx_hal_dma.c **** 
 1568              		.loc 1 714 21 is_stmt 0 view .LVU568
 1569 005a 0020     		movs	r0, #0
 744:Drivers/STM32F0xx_HAL_Driver/Src/stm32f0xx_hal_dma.c **** 
 1570              		.loc 1 744 9 view .LVU569
 1571 005c DEE7     		b	.L78
ARM GAS  /tmp/ccrbgVKC.s 			page 53


 1572              	.LVL105:
 1573              	.L85:
 717:Drivers/STM32F0xx_HAL_Driver/Src/stm32f0xx_hal_dma.c **** 
 1574              		.loc 1 717 3 discriminator 1 view .LVU570
 1575 005e 0220     		movs	r0, #2
 1576              	.LVL106:
 717:Drivers/STM32F0xx_HAL_Driver/Src/stm32f0xx_hal_dma.c **** 
 1577              		.loc 1 717 3 discriminator 1 view .LVU571
 1578 0060 DFE7     		b	.L77
 1579              	.L89:
 1580 0062 C046     		.align	2
 1581              	.L88:
 1582 0064 00000000 		.word	.L80
 1583              		.cfi_endproc
 1584              	.LFE49:
 1586              		.section	.text.HAL_DMA_GetState,"ax",%progbits
 1587              		.align	1
 1588              		.global	HAL_DMA_GetState
 1589              		.syntax unified
 1590              		.code	16
 1591              		.thumb_func
 1593              	HAL_DMA_GetState:
 1594              	.LVL107:
 1595              	.LFB50:
 789:Drivers/STM32F0xx_HAL_Driver/Src/stm32f0xx_hal_dma.c ****   return hdma->State;
 1596              		.loc 1 789 1 is_stmt 1 view -0
 1597              		.cfi_startproc
 1598              		@ args = 0, pretend = 0, frame = 0
 1599              		@ frame_needed = 0, uses_anonymous_args = 0
 1600              		@ link register save eliminated.
 790:Drivers/STM32F0xx_HAL_Driver/Src/stm32f0xx_hal_dma.c **** }
 1601              		.loc 1 790 3 view .LVU573
 790:Drivers/STM32F0xx_HAL_Driver/Src/stm32f0xx_hal_dma.c **** }
 1602              		.loc 1 790 14 is_stmt 0 view .LVU574
 1603 0000 2123     		movs	r3, #33
 1604 0002 C05C     		ldrb	r0, [r0, r3]
 1605              	.LVL108:
 790:Drivers/STM32F0xx_HAL_Driver/Src/stm32f0xx_hal_dma.c **** }
 1606              		.loc 1 790 14 view .LVU575
 1607 0004 C0B2     		uxtb	r0, r0
 791:Drivers/STM32F0xx_HAL_Driver/Src/stm32f0xx_hal_dma.c **** 
 1608              		.loc 1 791 1 view .LVU576
 1609              		@ sp needed
 1610 0006 7047     		bx	lr
 1611              		.cfi_endproc
 1612              	.LFE50:
 1614              		.section	.text.HAL_DMA_GetError,"ax",%progbits
 1615              		.align	1
 1616              		.global	HAL_DMA_GetError
 1617              		.syntax unified
 1618              		.code	16
 1619              		.thumb_func
 1621              	HAL_DMA_GetError:
 1622              	.LVL109:
 1623              	.LFB51:
 800:Drivers/STM32F0xx_HAL_Driver/Src/stm32f0xx_hal_dma.c ****   return hdma->ErrorCode;
 1624              		.loc 1 800 1 is_stmt 1 view -0
ARM GAS  /tmp/ccrbgVKC.s 			page 54


 1625              		.cfi_startproc
 1626              		@ args = 0, pretend = 0, frame = 0
 1627              		@ frame_needed = 0, uses_anonymous_args = 0
 1628              		@ link register save eliminated.
 801:Drivers/STM32F0xx_HAL_Driver/Src/stm32f0xx_hal_dma.c **** }
 1629              		.loc 1 801 3 view .LVU578
 801:Drivers/STM32F0xx_HAL_Driver/Src/stm32f0xx_hal_dma.c **** }
 1630              		.loc 1 801 14 is_stmt 0 view .LVU579
 1631 0000 806B     		ldr	r0, [r0, #56]
 1632              	.LVL110:
 802:Drivers/STM32F0xx_HAL_Driver/Src/stm32f0xx_hal_dma.c **** 
 1633              		.loc 1 802 1 view .LVU580
 1634              		@ sp needed
 1635 0002 7047     		bx	lr
 1636              		.cfi_endproc
 1637              	.LFE51:
 1639              		.text
 1640              	.Letext0:
 1641              		.file 2 "Drivers/CMSIS/Device/ST/STM32F0xx/Include/stm32f091xc.h"
 1642              		.file 3 "/usr/lib/gcc/arm-none-eabi/13.2.1/include/stdint.h"
 1643              		.file 4 "Drivers/CMSIS/Device/ST/STM32F0xx/Include/stm32f0xx.h"
 1644              		.file 5 "Drivers/STM32F0xx_HAL_Driver/Inc/stm32f0xx_hal_def.h"
 1645              		.file 6 "Drivers/STM32F0xx_HAL_Driver/Inc/stm32f0xx_hal_dma.h"
 1646              		.file 7 "Drivers/STM32F0xx_HAL_Driver/Inc/stm32f0xx_hal.h"
ARM GAS  /tmp/ccrbgVKC.s 			page 55


DEFINED SYMBOLS
                            *ABS*:00000000 stm32f0xx_hal_dma.c
     /tmp/ccrbgVKC.s:19     .text.DMA_SetConfig:00000000 $t
     /tmp/ccrbgVKC.s:24     .text.DMA_SetConfig:00000000 DMA_SetConfig
     /tmp/ccrbgVKC.s:95     .text.DMA_CalcBaseAndBitshift:00000000 $t
     /tmp/ccrbgVKC.s:100    .text.DMA_CalcBaseAndBitshift:00000000 DMA_CalcBaseAndBitshift
     /tmp/ccrbgVKC.s:169    .text.DMA_CalcBaseAndBitshift:00000038 $d
     /tmp/ccrbgVKC.s:178    .text.HAL_DMA_Init:00000000 $t
     /tmp/ccrbgVKC.s:184    .text.HAL_DMA_Init:00000000 HAL_DMA_Init
     /tmp/ccrbgVKC.s:299    .text.HAL_DMA_Init:0000004c $d
     /tmp/ccrbgVKC.s:304    .text.HAL_DMA_DeInit:00000000 $t
     /tmp/ccrbgVKC.s:310    .text.HAL_DMA_DeInit:00000000 HAL_DMA_DeInit
     /tmp/ccrbgVKC.s:416    .text.HAL_DMA_Start:00000000 $t
     /tmp/ccrbgVKC.s:422    .text.HAL_DMA_Start:00000000 HAL_DMA_Start
     /tmp/ccrbgVKC.s:526    .text.HAL_DMA_Start_IT:00000000 $t
     /tmp/ccrbgVKC.s:532    .text.HAL_DMA_Start_IT:00000000 HAL_DMA_Start_IT
     /tmp/ccrbgVKC.s:673    .text.HAL_DMA_Abort:00000000 $t
     /tmp/ccrbgVKC.s:679    .text.HAL_DMA_Abort:00000000 HAL_DMA_Abort
     /tmp/ccrbgVKC.s:767    .text.HAL_DMA_Abort_IT:00000000 $t
     /tmp/ccrbgVKC.s:773    .text.HAL_DMA_Abort_IT:00000000 HAL_DMA_Abort_IT
     /tmp/ccrbgVKC.s:872    .text.HAL_DMA_PollForTransfer:00000000 $t
     /tmp/ccrbgVKC.s:878    .text.HAL_DMA_PollForTransfer:00000000 HAL_DMA_PollForTransfer
     /tmp/ccrbgVKC.s:1114   .text.HAL_DMA_IRQHandler:00000000 $t
     /tmp/ccrbgVKC.s:1120   .text.HAL_DMA_IRQHandler:00000000 HAL_DMA_IRQHandler
     /tmp/ccrbgVKC.s:1319   .text.HAL_DMA_RegisterCallback:00000000 $t
     /tmp/ccrbgVKC.s:1325   .text.HAL_DMA_RegisterCallback:00000000 HAL_DMA_RegisterCallback
     /tmp/ccrbgVKC.s:1438   .text.HAL_DMA_UnRegisterCallback:00000000 $t
     /tmp/ccrbgVKC.s:1444   .text.HAL_DMA_UnRegisterCallback:00000000 HAL_DMA_UnRegisterCallback
     /tmp/ccrbgVKC.s:1505   .rodata.HAL_DMA_UnRegisterCallback:00000000 $d
     /tmp/ccrbgVKC.s:1582   .text.HAL_DMA_UnRegisterCallback:00000064 $d
     /tmp/ccrbgVKC.s:1587   .text.HAL_DMA_GetState:00000000 $t
     /tmp/ccrbgVKC.s:1593   .text.HAL_DMA_GetState:00000000 HAL_DMA_GetState
     /tmp/ccrbgVKC.s:1615   .text.HAL_DMA_GetError:00000000 $t
     /tmp/ccrbgVKC.s:1621   .text.HAL_DMA_GetError:00000000 HAL_DMA_GetError

UNDEFINED SYMBOLS
__aeabi_uidiv
HAL_GetTick
