ARM GAS  /tmp/cc84vCsN.s 			page 1


   1              		.cpu cortex-m0
   2              		.arch armv6s-m
   3              		.fpu softvfp
   4              		.eabi_attribute 20, 1
   5              		.eabi_attribute 21, 1
   6              		.eabi_attribute 23, 3
   7              		.eabi_attribute 24, 1
   8              		.eabi_attribute 25, 1
   9              		.eabi_attribute 26, 1
  10              		.eabi_attribute 30, 1
  11              		.eabi_attribute 34, 0
  12              		.eabi_attribute 18, 4
  13              		.file	"stm32f0xx_hal_flash_ex.c"
  14              		.text
  15              	.Ltext0:
  16              		.cfi_sections	.debug_frame
  17              		.file 1 "Drivers/STM32F0xx_HAL_Driver/Src/stm32f0xx_hal_flash_ex.c"
  18              		.section	.text.FLASH_MassErase,"ax",%progbits
  19              		.align	1
  20              		.syntax unified
  21              		.code	16
  22              		.thumb_func
  24              	FLASH_MassErase:
  25              	.LFB46:
   1:Drivers/STM32F0xx_HAL_Driver/Src/stm32f0xx_hal_flash_ex.c **** /**
   2:Drivers/STM32F0xx_HAL_Driver/Src/stm32f0xx_hal_flash_ex.c ****   ******************************************************************************
   3:Drivers/STM32F0xx_HAL_Driver/Src/stm32f0xx_hal_flash_ex.c ****   * @file    stm32f0xx_hal_flash_ex.c
   4:Drivers/STM32F0xx_HAL_Driver/Src/stm32f0xx_hal_flash_ex.c ****   * @author  MCD Application Team
   5:Drivers/STM32F0xx_HAL_Driver/Src/stm32f0xx_hal_flash_ex.c ****   * @brief   Extended FLASH HAL module driver.
   6:Drivers/STM32F0xx_HAL_Driver/Src/stm32f0xx_hal_flash_ex.c ****   *    
   7:Drivers/STM32F0xx_HAL_Driver/Src/stm32f0xx_hal_flash_ex.c ****   *          This file provides firmware functions to manage the following 
   8:Drivers/STM32F0xx_HAL_Driver/Src/stm32f0xx_hal_flash_ex.c ****   *          functionalities of the FLASH peripheral:
   9:Drivers/STM32F0xx_HAL_Driver/Src/stm32f0xx_hal_flash_ex.c ****   *           + Extended Initialization/de-initialization functions
  10:Drivers/STM32F0xx_HAL_Driver/Src/stm32f0xx_hal_flash_ex.c ****   *           + Extended I/O operation functions
  11:Drivers/STM32F0xx_HAL_Driver/Src/stm32f0xx_hal_flash_ex.c ****   *           + Extended Peripheral Control functions 
  12:Drivers/STM32F0xx_HAL_Driver/Src/stm32f0xx_hal_flash_ex.c ****   *         
  13:Drivers/STM32F0xx_HAL_Driver/Src/stm32f0xx_hal_flash_ex.c ****   @verbatim
  14:Drivers/STM32F0xx_HAL_Driver/Src/stm32f0xx_hal_flash_ex.c ****   ==============================================================================
  15:Drivers/STM32F0xx_HAL_Driver/Src/stm32f0xx_hal_flash_ex.c ****                ##### Flash peripheral extended features  #####
  16:Drivers/STM32F0xx_HAL_Driver/Src/stm32f0xx_hal_flash_ex.c ****   ==============================================================================
  17:Drivers/STM32F0xx_HAL_Driver/Src/stm32f0xx_hal_flash_ex.c ****            
  18:Drivers/STM32F0xx_HAL_Driver/Src/stm32f0xx_hal_flash_ex.c ****                       ##### How to use this driver #####
  19:Drivers/STM32F0xx_HAL_Driver/Src/stm32f0xx_hal_flash_ex.c ****   ==============================================================================
  20:Drivers/STM32F0xx_HAL_Driver/Src/stm32f0xx_hal_flash_ex.c ****   [..] This driver provides functions to configure and program the FLASH memory 
  21:Drivers/STM32F0xx_HAL_Driver/Src/stm32f0xx_hal_flash_ex.c ****        of all STM32F0xxx devices. It includes
  22:Drivers/STM32F0xx_HAL_Driver/Src/stm32f0xx_hal_flash_ex.c ****        
  23:Drivers/STM32F0xx_HAL_Driver/Src/stm32f0xx_hal_flash_ex.c ****         (++) Set/Reset the write protection
  24:Drivers/STM32F0xx_HAL_Driver/Src/stm32f0xx_hal_flash_ex.c ****         (++) Program the user Option Bytes
  25:Drivers/STM32F0xx_HAL_Driver/Src/stm32f0xx_hal_flash_ex.c ****         (++) Get the Read protection Level
  26:Drivers/STM32F0xx_HAL_Driver/Src/stm32f0xx_hal_flash_ex.c ****   
  27:Drivers/STM32F0xx_HAL_Driver/Src/stm32f0xx_hal_flash_ex.c ****   @endverbatim
  28:Drivers/STM32F0xx_HAL_Driver/Src/stm32f0xx_hal_flash_ex.c ****   ******************************************************************************
  29:Drivers/STM32F0xx_HAL_Driver/Src/stm32f0xx_hal_flash_ex.c ****   * @attention
  30:Drivers/STM32F0xx_HAL_Driver/Src/stm32f0xx_hal_flash_ex.c ****   *
  31:Drivers/STM32F0xx_HAL_Driver/Src/stm32f0xx_hal_flash_ex.c ****   * Copyright (c) 2016 STMicroelectronics.
  32:Drivers/STM32F0xx_HAL_Driver/Src/stm32f0xx_hal_flash_ex.c ****   * All rights reserved.
  33:Drivers/STM32F0xx_HAL_Driver/Src/stm32f0xx_hal_flash_ex.c ****   *
ARM GAS  /tmp/cc84vCsN.s 			page 2


  34:Drivers/STM32F0xx_HAL_Driver/Src/stm32f0xx_hal_flash_ex.c ****   * This software is licensed under terms that can be found in the LICENSE file in
  35:Drivers/STM32F0xx_HAL_Driver/Src/stm32f0xx_hal_flash_ex.c ****   * the root directory of this software component.
  36:Drivers/STM32F0xx_HAL_Driver/Src/stm32f0xx_hal_flash_ex.c ****   * If no LICENSE file comes with this software, it is provided AS-IS.
  37:Drivers/STM32F0xx_HAL_Driver/Src/stm32f0xx_hal_flash_ex.c ****   ******************************************************************************
  38:Drivers/STM32F0xx_HAL_Driver/Src/stm32f0xx_hal_flash_ex.c ****   */
  39:Drivers/STM32F0xx_HAL_Driver/Src/stm32f0xx_hal_flash_ex.c **** 
  40:Drivers/STM32F0xx_HAL_Driver/Src/stm32f0xx_hal_flash_ex.c **** /* Includes ------------------------------------------------------------------*/
  41:Drivers/STM32F0xx_HAL_Driver/Src/stm32f0xx_hal_flash_ex.c **** #include "stm32f0xx_hal.h"
  42:Drivers/STM32F0xx_HAL_Driver/Src/stm32f0xx_hal_flash_ex.c **** 
  43:Drivers/STM32F0xx_HAL_Driver/Src/stm32f0xx_hal_flash_ex.c **** /** @addtogroup STM32F0xx_HAL_Driver
  44:Drivers/STM32F0xx_HAL_Driver/Src/stm32f0xx_hal_flash_ex.c ****   * @{
  45:Drivers/STM32F0xx_HAL_Driver/Src/stm32f0xx_hal_flash_ex.c ****   */
  46:Drivers/STM32F0xx_HAL_Driver/Src/stm32f0xx_hal_flash_ex.c **** #ifdef HAL_FLASH_MODULE_ENABLED
  47:Drivers/STM32F0xx_HAL_Driver/Src/stm32f0xx_hal_flash_ex.c **** 
  48:Drivers/STM32F0xx_HAL_Driver/Src/stm32f0xx_hal_flash_ex.c **** /** @addtogroup FLASH
  49:Drivers/STM32F0xx_HAL_Driver/Src/stm32f0xx_hal_flash_ex.c ****   * @{
  50:Drivers/STM32F0xx_HAL_Driver/Src/stm32f0xx_hal_flash_ex.c ****   */
  51:Drivers/STM32F0xx_HAL_Driver/Src/stm32f0xx_hal_flash_ex.c **** /** @addtogroup FLASH_Private_Variables
  52:Drivers/STM32F0xx_HAL_Driver/Src/stm32f0xx_hal_flash_ex.c ****  * @{
  53:Drivers/STM32F0xx_HAL_Driver/Src/stm32f0xx_hal_flash_ex.c ****  */
  54:Drivers/STM32F0xx_HAL_Driver/Src/stm32f0xx_hal_flash_ex.c **** /* Variables used for Erase pages under interruption*/
  55:Drivers/STM32F0xx_HAL_Driver/Src/stm32f0xx_hal_flash_ex.c **** extern FLASH_ProcessTypeDef pFlash;
  56:Drivers/STM32F0xx_HAL_Driver/Src/stm32f0xx_hal_flash_ex.c **** /**
  57:Drivers/STM32F0xx_HAL_Driver/Src/stm32f0xx_hal_flash_ex.c ****   * @}
  58:Drivers/STM32F0xx_HAL_Driver/Src/stm32f0xx_hal_flash_ex.c ****   */
  59:Drivers/STM32F0xx_HAL_Driver/Src/stm32f0xx_hal_flash_ex.c **** 
  60:Drivers/STM32F0xx_HAL_Driver/Src/stm32f0xx_hal_flash_ex.c **** /**
  61:Drivers/STM32F0xx_HAL_Driver/Src/stm32f0xx_hal_flash_ex.c ****   * @}
  62:Drivers/STM32F0xx_HAL_Driver/Src/stm32f0xx_hal_flash_ex.c ****   */
  63:Drivers/STM32F0xx_HAL_Driver/Src/stm32f0xx_hal_flash_ex.c ****   
  64:Drivers/STM32F0xx_HAL_Driver/Src/stm32f0xx_hal_flash_ex.c **** /** @defgroup FLASHEx FLASHEx
  65:Drivers/STM32F0xx_HAL_Driver/Src/stm32f0xx_hal_flash_ex.c ****   * @brief FLASH HAL Extension module driver
  66:Drivers/STM32F0xx_HAL_Driver/Src/stm32f0xx_hal_flash_ex.c ****   * @{
  67:Drivers/STM32F0xx_HAL_Driver/Src/stm32f0xx_hal_flash_ex.c ****   */
  68:Drivers/STM32F0xx_HAL_Driver/Src/stm32f0xx_hal_flash_ex.c **** 
  69:Drivers/STM32F0xx_HAL_Driver/Src/stm32f0xx_hal_flash_ex.c **** /* Private typedef -----------------------------------------------------------*/
  70:Drivers/STM32F0xx_HAL_Driver/Src/stm32f0xx_hal_flash_ex.c **** /* Private define ------------------------------------------------------------*/
  71:Drivers/STM32F0xx_HAL_Driver/Src/stm32f0xx_hal_flash_ex.c **** /** @defgroup FLASHEx_Private_Constants FLASHEx Private Constants
  72:Drivers/STM32F0xx_HAL_Driver/Src/stm32f0xx_hal_flash_ex.c ****  * @{
  73:Drivers/STM32F0xx_HAL_Driver/Src/stm32f0xx_hal_flash_ex.c ****  */
  74:Drivers/STM32F0xx_HAL_Driver/Src/stm32f0xx_hal_flash_ex.c **** #define FLASH_POSITION_IWDGSW_BIT        8U
  75:Drivers/STM32F0xx_HAL_Driver/Src/stm32f0xx_hal_flash_ex.c **** #define FLASH_POSITION_OB_USERDATA0_BIT  16U
  76:Drivers/STM32F0xx_HAL_Driver/Src/stm32f0xx_hal_flash_ex.c **** #define FLASH_POSITION_OB_USERDATA1_BIT  24U
  77:Drivers/STM32F0xx_HAL_Driver/Src/stm32f0xx_hal_flash_ex.c **** /**
  78:Drivers/STM32F0xx_HAL_Driver/Src/stm32f0xx_hal_flash_ex.c ****   * @}
  79:Drivers/STM32F0xx_HAL_Driver/Src/stm32f0xx_hal_flash_ex.c ****   */
  80:Drivers/STM32F0xx_HAL_Driver/Src/stm32f0xx_hal_flash_ex.c **** 
  81:Drivers/STM32F0xx_HAL_Driver/Src/stm32f0xx_hal_flash_ex.c **** /* Private macro -------------------------------------------------------------*/
  82:Drivers/STM32F0xx_HAL_Driver/Src/stm32f0xx_hal_flash_ex.c **** /** @defgroup FLASHEx_Private_Macros FLASHEx Private Macros
  83:Drivers/STM32F0xx_HAL_Driver/Src/stm32f0xx_hal_flash_ex.c ****   * @{
  84:Drivers/STM32F0xx_HAL_Driver/Src/stm32f0xx_hal_flash_ex.c ****   */
  85:Drivers/STM32F0xx_HAL_Driver/Src/stm32f0xx_hal_flash_ex.c **** /**
  86:Drivers/STM32F0xx_HAL_Driver/Src/stm32f0xx_hal_flash_ex.c ****   * @}
  87:Drivers/STM32F0xx_HAL_Driver/Src/stm32f0xx_hal_flash_ex.c ****   */ 
  88:Drivers/STM32F0xx_HAL_Driver/Src/stm32f0xx_hal_flash_ex.c **** 
  89:Drivers/STM32F0xx_HAL_Driver/Src/stm32f0xx_hal_flash_ex.c **** /* Private variables ---------------------------------------------------------*/
  90:Drivers/STM32F0xx_HAL_Driver/Src/stm32f0xx_hal_flash_ex.c **** /* Private function prototypes -----------------------------------------------*/
ARM GAS  /tmp/cc84vCsN.s 			page 3


  91:Drivers/STM32F0xx_HAL_Driver/Src/stm32f0xx_hal_flash_ex.c **** /** @defgroup FLASHEx_Private_Functions FLASHEx Private Functions
  92:Drivers/STM32F0xx_HAL_Driver/Src/stm32f0xx_hal_flash_ex.c ****  * @{
  93:Drivers/STM32F0xx_HAL_Driver/Src/stm32f0xx_hal_flash_ex.c ****  */
  94:Drivers/STM32F0xx_HAL_Driver/Src/stm32f0xx_hal_flash_ex.c **** /* Erase operations */
  95:Drivers/STM32F0xx_HAL_Driver/Src/stm32f0xx_hal_flash_ex.c **** static void              FLASH_MassErase(void);
  96:Drivers/STM32F0xx_HAL_Driver/Src/stm32f0xx_hal_flash_ex.c **** void    FLASH_PageErase(uint32_t PageAddress);
  97:Drivers/STM32F0xx_HAL_Driver/Src/stm32f0xx_hal_flash_ex.c **** 
  98:Drivers/STM32F0xx_HAL_Driver/Src/stm32f0xx_hal_flash_ex.c **** /* Option bytes control */
  99:Drivers/STM32F0xx_HAL_Driver/Src/stm32f0xx_hal_flash_ex.c **** static HAL_StatusTypeDef FLASH_OB_EnableWRP(uint32_t WriteProtectPage);
 100:Drivers/STM32F0xx_HAL_Driver/Src/stm32f0xx_hal_flash_ex.c **** static HAL_StatusTypeDef FLASH_OB_DisableWRP(uint32_t WriteProtectPage);
 101:Drivers/STM32F0xx_HAL_Driver/Src/stm32f0xx_hal_flash_ex.c **** static HAL_StatusTypeDef FLASH_OB_RDP_LevelConfig(uint8_t ReadProtectLevel);
 102:Drivers/STM32F0xx_HAL_Driver/Src/stm32f0xx_hal_flash_ex.c **** static HAL_StatusTypeDef FLASH_OB_UserConfig(uint8_t UserConfig);
 103:Drivers/STM32F0xx_HAL_Driver/Src/stm32f0xx_hal_flash_ex.c **** static HAL_StatusTypeDef FLASH_OB_ProgramData(uint32_t Address, uint8_t Data);
 104:Drivers/STM32F0xx_HAL_Driver/Src/stm32f0xx_hal_flash_ex.c **** static uint32_t          FLASH_OB_GetWRP(void);
 105:Drivers/STM32F0xx_HAL_Driver/Src/stm32f0xx_hal_flash_ex.c **** static uint32_t          FLASH_OB_GetRDP(void);
 106:Drivers/STM32F0xx_HAL_Driver/Src/stm32f0xx_hal_flash_ex.c **** static uint8_t           FLASH_OB_GetUser(void);
 107:Drivers/STM32F0xx_HAL_Driver/Src/stm32f0xx_hal_flash_ex.c **** 
 108:Drivers/STM32F0xx_HAL_Driver/Src/stm32f0xx_hal_flash_ex.c **** /**
 109:Drivers/STM32F0xx_HAL_Driver/Src/stm32f0xx_hal_flash_ex.c ****   * @}
 110:Drivers/STM32F0xx_HAL_Driver/Src/stm32f0xx_hal_flash_ex.c ****   */
 111:Drivers/STM32F0xx_HAL_Driver/Src/stm32f0xx_hal_flash_ex.c **** 
 112:Drivers/STM32F0xx_HAL_Driver/Src/stm32f0xx_hal_flash_ex.c **** /* Exported functions ---------------------------------------------------------*/
 113:Drivers/STM32F0xx_HAL_Driver/Src/stm32f0xx_hal_flash_ex.c **** /** @defgroup FLASHEx_Exported_Functions FLASHEx Exported Functions
 114:Drivers/STM32F0xx_HAL_Driver/Src/stm32f0xx_hal_flash_ex.c ****   * @{
 115:Drivers/STM32F0xx_HAL_Driver/Src/stm32f0xx_hal_flash_ex.c ****   */
 116:Drivers/STM32F0xx_HAL_Driver/Src/stm32f0xx_hal_flash_ex.c ****   
 117:Drivers/STM32F0xx_HAL_Driver/Src/stm32f0xx_hal_flash_ex.c **** /** @defgroup FLASHEx_Exported_Functions_Group1 FLASHEx Memory Erasing functions
 118:Drivers/STM32F0xx_HAL_Driver/Src/stm32f0xx_hal_flash_ex.c ****  *  @brief   FLASH Memory Erasing functions
 119:Drivers/STM32F0xx_HAL_Driver/Src/stm32f0xx_hal_flash_ex.c ****   *
 120:Drivers/STM32F0xx_HAL_Driver/Src/stm32f0xx_hal_flash_ex.c **** @verbatim   
 121:Drivers/STM32F0xx_HAL_Driver/Src/stm32f0xx_hal_flash_ex.c ****   ==============================================================================
 122:Drivers/STM32F0xx_HAL_Driver/Src/stm32f0xx_hal_flash_ex.c ****                 ##### FLASH Erasing Programming functions ##### 
 123:Drivers/STM32F0xx_HAL_Driver/Src/stm32f0xx_hal_flash_ex.c ****   ==============================================================================
 124:Drivers/STM32F0xx_HAL_Driver/Src/stm32f0xx_hal_flash_ex.c **** 
 125:Drivers/STM32F0xx_HAL_Driver/Src/stm32f0xx_hal_flash_ex.c ****     [..] The FLASH Memory Erasing functions, includes the following functions:
 126:Drivers/STM32F0xx_HAL_Driver/Src/stm32f0xx_hal_flash_ex.c ****     (+) HAL_FLASHEx_Erase: return only when erase has been done
 127:Drivers/STM32F0xx_HAL_Driver/Src/stm32f0xx_hal_flash_ex.c ****     (+) HAL_FLASHEx_Erase_IT: end of erase is done when HAL_FLASH_EndOfOperationCallback 
 128:Drivers/STM32F0xx_HAL_Driver/Src/stm32f0xx_hal_flash_ex.c ****         is called with parameter 0xFFFFFFFF
 129:Drivers/STM32F0xx_HAL_Driver/Src/stm32f0xx_hal_flash_ex.c **** 
 130:Drivers/STM32F0xx_HAL_Driver/Src/stm32f0xx_hal_flash_ex.c ****     [..] Any operation of erase should follow these steps:
 131:Drivers/STM32F0xx_HAL_Driver/Src/stm32f0xx_hal_flash_ex.c ****     (#) Call the HAL_FLASH_Unlock() function to enable the flash control register and 
 132:Drivers/STM32F0xx_HAL_Driver/Src/stm32f0xx_hal_flash_ex.c ****         program memory access.
 133:Drivers/STM32F0xx_HAL_Driver/Src/stm32f0xx_hal_flash_ex.c ****     (#) Call the desired function to erase page.
 134:Drivers/STM32F0xx_HAL_Driver/Src/stm32f0xx_hal_flash_ex.c ****     (#) Call the HAL_FLASH_Lock() to disable the flash program memory access 
 135:Drivers/STM32F0xx_HAL_Driver/Src/stm32f0xx_hal_flash_ex.c ****        (recommended to protect the FLASH memory against possible unwanted operation).
 136:Drivers/STM32F0xx_HAL_Driver/Src/stm32f0xx_hal_flash_ex.c **** 
 137:Drivers/STM32F0xx_HAL_Driver/Src/stm32f0xx_hal_flash_ex.c **** @endverbatim
 138:Drivers/STM32F0xx_HAL_Driver/Src/stm32f0xx_hal_flash_ex.c ****   * @{
 139:Drivers/STM32F0xx_HAL_Driver/Src/stm32f0xx_hal_flash_ex.c ****   */
 140:Drivers/STM32F0xx_HAL_Driver/Src/stm32f0xx_hal_flash_ex.c ****   
 141:Drivers/STM32F0xx_HAL_Driver/Src/stm32f0xx_hal_flash_ex.c **** 
 142:Drivers/STM32F0xx_HAL_Driver/Src/stm32f0xx_hal_flash_ex.c **** /**
 143:Drivers/STM32F0xx_HAL_Driver/Src/stm32f0xx_hal_flash_ex.c ****   * @brief  Perform a mass erase or erase the specified FLASH memory pages
 144:Drivers/STM32F0xx_HAL_Driver/Src/stm32f0xx_hal_flash_ex.c ****   * @note   To correctly run this function, the @ref HAL_FLASH_Unlock() function
 145:Drivers/STM32F0xx_HAL_Driver/Src/stm32f0xx_hal_flash_ex.c ****   *         must be called before.
 146:Drivers/STM32F0xx_HAL_Driver/Src/stm32f0xx_hal_flash_ex.c ****   *         Call the @ref HAL_FLASH_Lock() to disable the flash memory access 
 147:Drivers/STM32F0xx_HAL_Driver/Src/stm32f0xx_hal_flash_ex.c ****   *         (recommended to protect the FLASH memory against possible unwanted operation)
ARM GAS  /tmp/cc84vCsN.s 			page 4


 148:Drivers/STM32F0xx_HAL_Driver/Src/stm32f0xx_hal_flash_ex.c ****   * @param[in]  pEraseInit pointer to an FLASH_EraseInitTypeDef structure that
 149:Drivers/STM32F0xx_HAL_Driver/Src/stm32f0xx_hal_flash_ex.c ****   *         contains the configuration information for the erasing.
 150:Drivers/STM32F0xx_HAL_Driver/Src/stm32f0xx_hal_flash_ex.c ****   *
 151:Drivers/STM32F0xx_HAL_Driver/Src/stm32f0xx_hal_flash_ex.c ****   * @param[out]  PageError pointer to variable  that
 152:Drivers/STM32F0xx_HAL_Driver/Src/stm32f0xx_hal_flash_ex.c ****   *         contains the configuration information on faulty page in case of error
 153:Drivers/STM32F0xx_HAL_Driver/Src/stm32f0xx_hal_flash_ex.c ****   *         (0xFFFFFFFF means that all the pages have been correctly erased)
 154:Drivers/STM32F0xx_HAL_Driver/Src/stm32f0xx_hal_flash_ex.c ****   *
 155:Drivers/STM32F0xx_HAL_Driver/Src/stm32f0xx_hal_flash_ex.c ****   * @retval HAL_StatusTypeDef HAL Status
 156:Drivers/STM32F0xx_HAL_Driver/Src/stm32f0xx_hal_flash_ex.c ****   */
 157:Drivers/STM32F0xx_HAL_Driver/Src/stm32f0xx_hal_flash_ex.c **** HAL_StatusTypeDef HAL_FLASHEx_Erase(FLASH_EraseInitTypeDef *pEraseInit, uint32_t *PageError)
 158:Drivers/STM32F0xx_HAL_Driver/Src/stm32f0xx_hal_flash_ex.c **** {
 159:Drivers/STM32F0xx_HAL_Driver/Src/stm32f0xx_hal_flash_ex.c ****   HAL_StatusTypeDef status = HAL_ERROR;
 160:Drivers/STM32F0xx_HAL_Driver/Src/stm32f0xx_hal_flash_ex.c ****   uint32_t address = 0U;
 161:Drivers/STM32F0xx_HAL_Driver/Src/stm32f0xx_hal_flash_ex.c **** 
 162:Drivers/STM32F0xx_HAL_Driver/Src/stm32f0xx_hal_flash_ex.c ****   /* Process Locked */
 163:Drivers/STM32F0xx_HAL_Driver/Src/stm32f0xx_hal_flash_ex.c ****   __HAL_LOCK(&pFlash);
 164:Drivers/STM32F0xx_HAL_Driver/Src/stm32f0xx_hal_flash_ex.c **** 
 165:Drivers/STM32F0xx_HAL_Driver/Src/stm32f0xx_hal_flash_ex.c ****   /* Check the parameters */
 166:Drivers/STM32F0xx_HAL_Driver/Src/stm32f0xx_hal_flash_ex.c ****   assert_param(IS_FLASH_TYPEERASE(pEraseInit->TypeErase));
 167:Drivers/STM32F0xx_HAL_Driver/Src/stm32f0xx_hal_flash_ex.c **** 
 168:Drivers/STM32F0xx_HAL_Driver/Src/stm32f0xx_hal_flash_ex.c ****   if (pEraseInit->TypeErase == FLASH_TYPEERASE_MASSERASE)
 169:Drivers/STM32F0xx_HAL_Driver/Src/stm32f0xx_hal_flash_ex.c ****   {
 170:Drivers/STM32F0xx_HAL_Driver/Src/stm32f0xx_hal_flash_ex.c ****       /* Mass Erase requested for Bank1 */
 171:Drivers/STM32F0xx_HAL_Driver/Src/stm32f0xx_hal_flash_ex.c ****       /* Wait for last operation to be completed */
 172:Drivers/STM32F0xx_HAL_Driver/Src/stm32f0xx_hal_flash_ex.c ****       if (FLASH_WaitForLastOperation((uint32_t)FLASH_TIMEOUT_VALUE) == HAL_OK)
 173:Drivers/STM32F0xx_HAL_Driver/Src/stm32f0xx_hal_flash_ex.c ****       {
 174:Drivers/STM32F0xx_HAL_Driver/Src/stm32f0xx_hal_flash_ex.c ****         /*Mass erase to be done*/
 175:Drivers/STM32F0xx_HAL_Driver/Src/stm32f0xx_hal_flash_ex.c ****         FLASH_MassErase();
 176:Drivers/STM32F0xx_HAL_Driver/Src/stm32f0xx_hal_flash_ex.c ****         
 177:Drivers/STM32F0xx_HAL_Driver/Src/stm32f0xx_hal_flash_ex.c ****         /* Wait for last operation to be completed */
 178:Drivers/STM32F0xx_HAL_Driver/Src/stm32f0xx_hal_flash_ex.c ****         status = FLASH_WaitForLastOperation((uint32_t)FLASH_TIMEOUT_VALUE);
 179:Drivers/STM32F0xx_HAL_Driver/Src/stm32f0xx_hal_flash_ex.c ****         
 180:Drivers/STM32F0xx_HAL_Driver/Src/stm32f0xx_hal_flash_ex.c ****         /* If the erase operation is completed, disable the MER Bit */
 181:Drivers/STM32F0xx_HAL_Driver/Src/stm32f0xx_hal_flash_ex.c ****         CLEAR_BIT(FLASH->CR, FLASH_CR_MER);
 182:Drivers/STM32F0xx_HAL_Driver/Src/stm32f0xx_hal_flash_ex.c ****       }
 183:Drivers/STM32F0xx_HAL_Driver/Src/stm32f0xx_hal_flash_ex.c ****   }
 184:Drivers/STM32F0xx_HAL_Driver/Src/stm32f0xx_hal_flash_ex.c ****   else
 185:Drivers/STM32F0xx_HAL_Driver/Src/stm32f0xx_hal_flash_ex.c ****   {
 186:Drivers/STM32F0xx_HAL_Driver/Src/stm32f0xx_hal_flash_ex.c ****     /* Page Erase is requested */
 187:Drivers/STM32F0xx_HAL_Driver/Src/stm32f0xx_hal_flash_ex.c ****     /* Check the parameters */
 188:Drivers/STM32F0xx_HAL_Driver/Src/stm32f0xx_hal_flash_ex.c ****     assert_param(IS_FLASH_PROGRAM_ADDRESS(pEraseInit->PageAddress));
 189:Drivers/STM32F0xx_HAL_Driver/Src/stm32f0xx_hal_flash_ex.c ****     assert_param(IS_FLASH_NB_PAGES(pEraseInit->PageAddress, pEraseInit->NbPages));
 190:Drivers/STM32F0xx_HAL_Driver/Src/stm32f0xx_hal_flash_ex.c ****     
 191:Drivers/STM32F0xx_HAL_Driver/Src/stm32f0xx_hal_flash_ex.c ****       /* Page Erase requested on address located on bank1 */
 192:Drivers/STM32F0xx_HAL_Driver/Src/stm32f0xx_hal_flash_ex.c ****       /* Wait for last operation to be completed */
 193:Drivers/STM32F0xx_HAL_Driver/Src/stm32f0xx_hal_flash_ex.c ****       if (FLASH_WaitForLastOperation((uint32_t)FLASH_TIMEOUT_VALUE) == HAL_OK)
 194:Drivers/STM32F0xx_HAL_Driver/Src/stm32f0xx_hal_flash_ex.c ****       {
 195:Drivers/STM32F0xx_HAL_Driver/Src/stm32f0xx_hal_flash_ex.c ****         /*Initialization of PageError variable*/
 196:Drivers/STM32F0xx_HAL_Driver/Src/stm32f0xx_hal_flash_ex.c ****         *PageError = 0xFFFFFFFFU;
 197:Drivers/STM32F0xx_HAL_Driver/Src/stm32f0xx_hal_flash_ex.c ****         
 198:Drivers/STM32F0xx_HAL_Driver/Src/stm32f0xx_hal_flash_ex.c ****         /* Erase page by page to be done*/
 199:Drivers/STM32F0xx_HAL_Driver/Src/stm32f0xx_hal_flash_ex.c ****         for(address = pEraseInit->PageAddress;
 200:Drivers/STM32F0xx_HAL_Driver/Src/stm32f0xx_hal_flash_ex.c ****             address < ((pEraseInit->NbPages * FLASH_PAGE_SIZE) + pEraseInit->PageAddress);
 201:Drivers/STM32F0xx_HAL_Driver/Src/stm32f0xx_hal_flash_ex.c ****             address += FLASH_PAGE_SIZE)
 202:Drivers/STM32F0xx_HAL_Driver/Src/stm32f0xx_hal_flash_ex.c ****         {
 203:Drivers/STM32F0xx_HAL_Driver/Src/stm32f0xx_hal_flash_ex.c ****           FLASH_PageErase(address);
 204:Drivers/STM32F0xx_HAL_Driver/Src/stm32f0xx_hal_flash_ex.c ****           
ARM GAS  /tmp/cc84vCsN.s 			page 5


 205:Drivers/STM32F0xx_HAL_Driver/Src/stm32f0xx_hal_flash_ex.c ****           /* Wait for last operation to be completed */
 206:Drivers/STM32F0xx_HAL_Driver/Src/stm32f0xx_hal_flash_ex.c ****           status = FLASH_WaitForLastOperation((uint32_t)FLASH_TIMEOUT_VALUE);
 207:Drivers/STM32F0xx_HAL_Driver/Src/stm32f0xx_hal_flash_ex.c ****           
 208:Drivers/STM32F0xx_HAL_Driver/Src/stm32f0xx_hal_flash_ex.c ****           /* If the erase operation is completed, disable the PER Bit */
 209:Drivers/STM32F0xx_HAL_Driver/Src/stm32f0xx_hal_flash_ex.c ****           CLEAR_BIT(FLASH->CR, FLASH_CR_PER);
 210:Drivers/STM32F0xx_HAL_Driver/Src/stm32f0xx_hal_flash_ex.c ****           
 211:Drivers/STM32F0xx_HAL_Driver/Src/stm32f0xx_hal_flash_ex.c ****           if (status != HAL_OK)
 212:Drivers/STM32F0xx_HAL_Driver/Src/stm32f0xx_hal_flash_ex.c ****           {
 213:Drivers/STM32F0xx_HAL_Driver/Src/stm32f0xx_hal_flash_ex.c ****             /* In case of error, stop erase procedure and return the faulty address */
 214:Drivers/STM32F0xx_HAL_Driver/Src/stm32f0xx_hal_flash_ex.c ****             *PageError = address;
 215:Drivers/STM32F0xx_HAL_Driver/Src/stm32f0xx_hal_flash_ex.c ****             break;
 216:Drivers/STM32F0xx_HAL_Driver/Src/stm32f0xx_hal_flash_ex.c ****           }
 217:Drivers/STM32F0xx_HAL_Driver/Src/stm32f0xx_hal_flash_ex.c ****         }
 218:Drivers/STM32F0xx_HAL_Driver/Src/stm32f0xx_hal_flash_ex.c ****       }
 219:Drivers/STM32F0xx_HAL_Driver/Src/stm32f0xx_hal_flash_ex.c ****   }
 220:Drivers/STM32F0xx_HAL_Driver/Src/stm32f0xx_hal_flash_ex.c **** 
 221:Drivers/STM32F0xx_HAL_Driver/Src/stm32f0xx_hal_flash_ex.c ****   /* Process Unlocked */
 222:Drivers/STM32F0xx_HAL_Driver/Src/stm32f0xx_hal_flash_ex.c ****   __HAL_UNLOCK(&pFlash);
 223:Drivers/STM32F0xx_HAL_Driver/Src/stm32f0xx_hal_flash_ex.c **** 
 224:Drivers/STM32F0xx_HAL_Driver/Src/stm32f0xx_hal_flash_ex.c ****   return status;
 225:Drivers/STM32F0xx_HAL_Driver/Src/stm32f0xx_hal_flash_ex.c **** }
 226:Drivers/STM32F0xx_HAL_Driver/Src/stm32f0xx_hal_flash_ex.c **** 
 227:Drivers/STM32F0xx_HAL_Driver/Src/stm32f0xx_hal_flash_ex.c **** /**
 228:Drivers/STM32F0xx_HAL_Driver/Src/stm32f0xx_hal_flash_ex.c ****   * @brief  Perform a mass erase or erase the specified FLASH memory pages with interrupt enabled
 229:Drivers/STM32F0xx_HAL_Driver/Src/stm32f0xx_hal_flash_ex.c ****   * @note   To correctly run this function, the @ref HAL_FLASH_Unlock() function
 230:Drivers/STM32F0xx_HAL_Driver/Src/stm32f0xx_hal_flash_ex.c ****   *         must be called before.
 231:Drivers/STM32F0xx_HAL_Driver/Src/stm32f0xx_hal_flash_ex.c ****   *         Call the @ref HAL_FLASH_Lock() to disable the flash memory access 
 232:Drivers/STM32F0xx_HAL_Driver/Src/stm32f0xx_hal_flash_ex.c ****   *         (recommended to protect the FLASH memory against possible unwanted operation)
 233:Drivers/STM32F0xx_HAL_Driver/Src/stm32f0xx_hal_flash_ex.c ****   * @param  pEraseInit pointer to an FLASH_EraseInitTypeDef structure that
 234:Drivers/STM32F0xx_HAL_Driver/Src/stm32f0xx_hal_flash_ex.c ****   *         contains the configuration information for the erasing.
 235:Drivers/STM32F0xx_HAL_Driver/Src/stm32f0xx_hal_flash_ex.c ****   *
 236:Drivers/STM32F0xx_HAL_Driver/Src/stm32f0xx_hal_flash_ex.c ****   * @retval HAL_StatusTypeDef HAL Status
 237:Drivers/STM32F0xx_HAL_Driver/Src/stm32f0xx_hal_flash_ex.c ****   */
 238:Drivers/STM32F0xx_HAL_Driver/Src/stm32f0xx_hal_flash_ex.c **** HAL_StatusTypeDef HAL_FLASHEx_Erase_IT(FLASH_EraseInitTypeDef *pEraseInit)
 239:Drivers/STM32F0xx_HAL_Driver/Src/stm32f0xx_hal_flash_ex.c **** {
 240:Drivers/STM32F0xx_HAL_Driver/Src/stm32f0xx_hal_flash_ex.c ****   HAL_StatusTypeDef status = HAL_OK;
 241:Drivers/STM32F0xx_HAL_Driver/Src/stm32f0xx_hal_flash_ex.c **** 
 242:Drivers/STM32F0xx_HAL_Driver/Src/stm32f0xx_hal_flash_ex.c ****   /* Process Locked */
 243:Drivers/STM32F0xx_HAL_Driver/Src/stm32f0xx_hal_flash_ex.c ****   __HAL_LOCK(&pFlash);
 244:Drivers/STM32F0xx_HAL_Driver/Src/stm32f0xx_hal_flash_ex.c **** 
 245:Drivers/STM32F0xx_HAL_Driver/Src/stm32f0xx_hal_flash_ex.c ****   /* If procedure already ongoing, reject the next one */
 246:Drivers/STM32F0xx_HAL_Driver/Src/stm32f0xx_hal_flash_ex.c ****   if (pFlash.ProcedureOnGoing != FLASH_PROC_NONE)
 247:Drivers/STM32F0xx_HAL_Driver/Src/stm32f0xx_hal_flash_ex.c ****   {
 248:Drivers/STM32F0xx_HAL_Driver/Src/stm32f0xx_hal_flash_ex.c ****     return HAL_ERROR;
 249:Drivers/STM32F0xx_HAL_Driver/Src/stm32f0xx_hal_flash_ex.c ****   }
 250:Drivers/STM32F0xx_HAL_Driver/Src/stm32f0xx_hal_flash_ex.c ****   
 251:Drivers/STM32F0xx_HAL_Driver/Src/stm32f0xx_hal_flash_ex.c ****   /* Check the parameters */
 252:Drivers/STM32F0xx_HAL_Driver/Src/stm32f0xx_hal_flash_ex.c ****   assert_param(IS_FLASH_TYPEERASE(pEraseInit->TypeErase));
 253:Drivers/STM32F0xx_HAL_Driver/Src/stm32f0xx_hal_flash_ex.c **** 
 254:Drivers/STM32F0xx_HAL_Driver/Src/stm32f0xx_hal_flash_ex.c ****   /* Enable End of FLASH Operation and Error source interrupts */
 255:Drivers/STM32F0xx_HAL_Driver/Src/stm32f0xx_hal_flash_ex.c ****   __HAL_FLASH_ENABLE_IT(FLASH_IT_EOP | FLASH_IT_ERR);
 256:Drivers/STM32F0xx_HAL_Driver/Src/stm32f0xx_hal_flash_ex.c **** 
 257:Drivers/STM32F0xx_HAL_Driver/Src/stm32f0xx_hal_flash_ex.c ****   if (pEraseInit->TypeErase == FLASH_TYPEERASE_MASSERASE)
 258:Drivers/STM32F0xx_HAL_Driver/Src/stm32f0xx_hal_flash_ex.c ****   {
 259:Drivers/STM32F0xx_HAL_Driver/Src/stm32f0xx_hal_flash_ex.c ****     /*Mass erase to be done*/
 260:Drivers/STM32F0xx_HAL_Driver/Src/stm32f0xx_hal_flash_ex.c ****     pFlash.ProcedureOnGoing = FLASH_PROC_MASSERASE;
 261:Drivers/STM32F0xx_HAL_Driver/Src/stm32f0xx_hal_flash_ex.c ****         FLASH_MassErase();
ARM GAS  /tmp/cc84vCsN.s 			page 6


 262:Drivers/STM32F0xx_HAL_Driver/Src/stm32f0xx_hal_flash_ex.c ****   }
 263:Drivers/STM32F0xx_HAL_Driver/Src/stm32f0xx_hal_flash_ex.c ****   else
 264:Drivers/STM32F0xx_HAL_Driver/Src/stm32f0xx_hal_flash_ex.c ****   {
 265:Drivers/STM32F0xx_HAL_Driver/Src/stm32f0xx_hal_flash_ex.c ****     /* Erase by page to be done*/
 266:Drivers/STM32F0xx_HAL_Driver/Src/stm32f0xx_hal_flash_ex.c **** 
 267:Drivers/STM32F0xx_HAL_Driver/Src/stm32f0xx_hal_flash_ex.c ****     /* Check the parameters */
 268:Drivers/STM32F0xx_HAL_Driver/Src/stm32f0xx_hal_flash_ex.c ****     assert_param(IS_FLASH_PROGRAM_ADDRESS(pEraseInit->PageAddress));
 269:Drivers/STM32F0xx_HAL_Driver/Src/stm32f0xx_hal_flash_ex.c ****     assert_param(IS_FLASH_NB_PAGES(pEraseInit->PageAddress, pEraseInit->NbPages));
 270:Drivers/STM32F0xx_HAL_Driver/Src/stm32f0xx_hal_flash_ex.c **** 
 271:Drivers/STM32F0xx_HAL_Driver/Src/stm32f0xx_hal_flash_ex.c ****     pFlash.ProcedureOnGoing = FLASH_PROC_PAGEERASE;
 272:Drivers/STM32F0xx_HAL_Driver/Src/stm32f0xx_hal_flash_ex.c ****     pFlash.DataRemaining = pEraseInit->NbPages;
 273:Drivers/STM32F0xx_HAL_Driver/Src/stm32f0xx_hal_flash_ex.c ****     pFlash.Address = pEraseInit->PageAddress;
 274:Drivers/STM32F0xx_HAL_Driver/Src/stm32f0xx_hal_flash_ex.c **** 
 275:Drivers/STM32F0xx_HAL_Driver/Src/stm32f0xx_hal_flash_ex.c ****     /*Erase 1st page and wait for IT*/
 276:Drivers/STM32F0xx_HAL_Driver/Src/stm32f0xx_hal_flash_ex.c ****     FLASH_PageErase(pEraseInit->PageAddress);
 277:Drivers/STM32F0xx_HAL_Driver/Src/stm32f0xx_hal_flash_ex.c ****   }
 278:Drivers/STM32F0xx_HAL_Driver/Src/stm32f0xx_hal_flash_ex.c **** 
 279:Drivers/STM32F0xx_HAL_Driver/Src/stm32f0xx_hal_flash_ex.c ****   return status;
 280:Drivers/STM32F0xx_HAL_Driver/Src/stm32f0xx_hal_flash_ex.c **** }
 281:Drivers/STM32F0xx_HAL_Driver/Src/stm32f0xx_hal_flash_ex.c **** 
 282:Drivers/STM32F0xx_HAL_Driver/Src/stm32f0xx_hal_flash_ex.c **** /**
 283:Drivers/STM32F0xx_HAL_Driver/Src/stm32f0xx_hal_flash_ex.c ****   * @}
 284:Drivers/STM32F0xx_HAL_Driver/Src/stm32f0xx_hal_flash_ex.c ****   */
 285:Drivers/STM32F0xx_HAL_Driver/Src/stm32f0xx_hal_flash_ex.c **** 
 286:Drivers/STM32F0xx_HAL_Driver/Src/stm32f0xx_hal_flash_ex.c **** /** @defgroup FLASHEx_Exported_Functions_Group2 Option Bytes Programming functions
 287:Drivers/STM32F0xx_HAL_Driver/Src/stm32f0xx_hal_flash_ex.c ****  *  @brief   Option Bytes Programming functions
 288:Drivers/STM32F0xx_HAL_Driver/Src/stm32f0xx_hal_flash_ex.c ****   *
 289:Drivers/STM32F0xx_HAL_Driver/Src/stm32f0xx_hal_flash_ex.c **** @verbatim   
 290:Drivers/STM32F0xx_HAL_Driver/Src/stm32f0xx_hal_flash_ex.c ****   ==============================================================================
 291:Drivers/STM32F0xx_HAL_Driver/Src/stm32f0xx_hal_flash_ex.c ****                 ##### Option Bytes Programming functions ##### 
 292:Drivers/STM32F0xx_HAL_Driver/Src/stm32f0xx_hal_flash_ex.c ****   ==============================================================================  
 293:Drivers/STM32F0xx_HAL_Driver/Src/stm32f0xx_hal_flash_ex.c ****     [..]
 294:Drivers/STM32F0xx_HAL_Driver/Src/stm32f0xx_hal_flash_ex.c ****     This subsection provides a set of functions allowing to control the FLASH 
 295:Drivers/STM32F0xx_HAL_Driver/Src/stm32f0xx_hal_flash_ex.c ****     option bytes operations.
 296:Drivers/STM32F0xx_HAL_Driver/Src/stm32f0xx_hal_flash_ex.c **** 
 297:Drivers/STM32F0xx_HAL_Driver/Src/stm32f0xx_hal_flash_ex.c **** @endverbatim
 298:Drivers/STM32F0xx_HAL_Driver/Src/stm32f0xx_hal_flash_ex.c ****   * @{
 299:Drivers/STM32F0xx_HAL_Driver/Src/stm32f0xx_hal_flash_ex.c ****   */
 300:Drivers/STM32F0xx_HAL_Driver/Src/stm32f0xx_hal_flash_ex.c **** 
 301:Drivers/STM32F0xx_HAL_Driver/Src/stm32f0xx_hal_flash_ex.c **** /**
 302:Drivers/STM32F0xx_HAL_Driver/Src/stm32f0xx_hal_flash_ex.c ****   * @brief  Erases the FLASH option bytes.
 303:Drivers/STM32F0xx_HAL_Driver/Src/stm32f0xx_hal_flash_ex.c ****   * @note   This functions erases all option bytes except the Read protection (RDP).
 304:Drivers/STM32F0xx_HAL_Driver/Src/stm32f0xx_hal_flash_ex.c ****   *         The function @ref HAL_FLASH_Unlock() should be called before to unlock the FLASH interf
 305:Drivers/STM32F0xx_HAL_Driver/Src/stm32f0xx_hal_flash_ex.c ****   *         The function @ref HAL_FLASH_OB_Unlock() should be called before to unlock the options b
 306:Drivers/STM32F0xx_HAL_Driver/Src/stm32f0xx_hal_flash_ex.c ****   *         The function @ref HAL_FLASH_OB_Launch() should be called after to force the reload of t
 307:Drivers/STM32F0xx_HAL_Driver/Src/stm32f0xx_hal_flash_ex.c ****   *         (system reset will occur)
 308:Drivers/STM32F0xx_HAL_Driver/Src/stm32f0xx_hal_flash_ex.c ****   * @retval HAL status
 309:Drivers/STM32F0xx_HAL_Driver/Src/stm32f0xx_hal_flash_ex.c ****   */
 310:Drivers/STM32F0xx_HAL_Driver/Src/stm32f0xx_hal_flash_ex.c **** 
 311:Drivers/STM32F0xx_HAL_Driver/Src/stm32f0xx_hal_flash_ex.c **** HAL_StatusTypeDef HAL_FLASHEx_OBErase(void)
 312:Drivers/STM32F0xx_HAL_Driver/Src/stm32f0xx_hal_flash_ex.c **** {
 313:Drivers/STM32F0xx_HAL_Driver/Src/stm32f0xx_hal_flash_ex.c ****   uint8_t rdptmp = OB_RDP_LEVEL_0;
 314:Drivers/STM32F0xx_HAL_Driver/Src/stm32f0xx_hal_flash_ex.c ****   HAL_StatusTypeDef status = HAL_ERROR;
 315:Drivers/STM32F0xx_HAL_Driver/Src/stm32f0xx_hal_flash_ex.c **** 
 316:Drivers/STM32F0xx_HAL_Driver/Src/stm32f0xx_hal_flash_ex.c ****   /* Get the actual read protection Option Byte value */
 317:Drivers/STM32F0xx_HAL_Driver/Src/stm32f0xx_hal_flash_ex.c ****   rdptmp = FLASH_OB_GetRDP();
 318:Drivers/STM32F0xx_HAL_Driver/Src/stm32f0xx_hal_flash_ex.c **** 
ARM GAS  /tmp/cc84vCsN.s 			page 7


 319:Drivers/STM32F0xx_HAL_Driver/Src/stm32f0xx_hal_flash_ex.c ****   /* Wait for last operation to be completed */
 320:Drivers/STM32F0xx_HAL_Driver/Src/stm32f0xx_hal_flash_ex.c ****   status = FLASH_WaitForLastOperation((uint32_t)FLASH_TIMEOUT_VALUE);
 321:Drivers/STM32F0xx_HAL_Driver/Src/stm32f0xx_hal_flash_ex.c **** 
 322:Drivers/STM32F0xx_HAL_Driver/Src/stm32f0xx_hal_flash_ex.c ****   if(status == HAL_OK)
 323:Drivers/STM32F0xx_HAL_Driver/Src/stm32f0xx_hal_flash_ex.c ****   {
 324:Drivers/STM32F0xx_HAL_Driver/Src/stm32f0xx_hal_flash_ex.c ****     /* Clean the error context */
 325:Drivers/STM32F0xx_HAL_Driver/Src/stm32f0xx_hal_flash_ex.c ****     pFlash.ErrorCode = HAL_FLASH_ERROR_NONE;
 326:Drivers/STM32F0xx_HAL_Driver/Src/stm32f0xx_hal_flash_ex.c **** 
 327:Drivers/STM32F0xx_HAL_Driver/Src/stm32f0xx_hal_flash_ex.c ****     /* If the previous operation is completed, proceed to erase the option bytes */
 328:Drivers/STM32F0xx_HAL_Driver/Src/stm32f0xx_hal_flash_ex.c ****     SET_BIT(FLASH->CR, FLASH_CR_OPTER);
 329:Drivers/STM32F0xx_HAL_Driver/Src/stm32f0xx_hal_flash_ex.c ****     SET_BIT(FLASH->CR, FLASH_CR_STRT);
 330:Drivers/STM32F0xx_HAL_Driver/Src/stm32f0xx_hal_flash_ex.c **** 
 331:Drivers/STM32F0xx_HAL_Driver/Src/stm32f0xx_hal_flash_ex.c ****     /* Wait for last operation to be completed */
 332:Drivers/STM32F0xx_HAL_Driver/Src/stm32f0xx_hal_flash_ex.c ****     status = FLASH_WaitForLastOperation((uint32_t)FLASH_TIMEOUT_VALUE);
 333:Drivers/STM32F0xx_HAL_Driver/Src/stm32f0xx_hal_flash_ex.c **** 
 334:Drivers/STM32F0xx_HAL_Driver/Src/stm32f0xx_hal_flash_ex.c ****     /* If the erase operation is completed, disable the OPTER Bit */
 335:Drivers/STM32F0xx_HAL_Driver/Src/stm32f0xx_hal_flash_ex.c ****     CLEAR_BIT(FLASH->CR, FLASH_CR_OPTER);
 336:Drivers/STM32F0xx_HAL_Driver/Src/stm32f0xx_hal_flash_ex.c **** 
 337:Drivers/STM32F0xx_HAL_Driver/Src/stm32f0xx_hal_flash_ex.c ****     if(status == HAL_OK)
 338:Drivers/STM32F0xx_HAL_Driver/Src/stm32f0xx_hal_flash_ex.c ****     {
 339:Drivers/STM32F0xx_HAL_Driver/Src/stm32f0xx_hal_flash_ex.c ****       /* Restore the last read protection Option Byte value */
 340:Drivers/STM32F0xx_HAL_Driver/Src/stm32f0xx_hal_flash_ex.c ****       status = FLASH_OB_RDP_LevelConfig(rdptmp);
 341:Drivers/STM32F0xx_HAL_Driver/Src/stm32f0xx_hal_flash_ex.c ****     }
 342:Drivers/STM32F0xx_HAL_Driver/Src/stm32f0xx_hal_flash_ex.c ****   }
 343:Drivers/STM32F0xx_HAL_Driver/Src/stm32f0xx_hal_flash_ex.c **** 
 344:Drivers/STM32F0xx_HAL_Driver/Src/stm32f0xx_hal_flash_ex.c ****   /* Return the erase status */
 345:Drivers/STM32F0xx_HAL_Driver/Src/stm32f0xx_hal_flash_ex.c ****   return status;
 346:Drivers/STM32F0xx_HAL_Driver/Src/stm32f0xx_hal_flash_ex.c **** }
 347:Drivers/STM32F0xx_HAL_Driver/Src/stm32f0xx_hal_flash_ex.c **** 
 348:Drivers/STM32F0xx_HAL_Driver/Src/stm32f0xx_hal_flash_ex.c **** /**
 349:Drivers/STM32F0xx_HAL_Driver/Src/stm32f0xx_hal_flash_ex.c ****   * @brief  Program option bytes
 350:Drivers/STM32F0xx_HAL_Driver/Src/stm32f0xx_hal_flash_ex.c ****   * @note   The function @ref HAL_FLASH_Unlock() should be called before to unlock the FLASH interf
 351:Drivers/STM32F0xx_HAL_Driver/Src/stm32f0xx_hal_flash_ex.c ****   *         The function @ref HAL_FLASH_OB_Unlock() should be called before to unlock the options b
 352:Drivers/STM32F0xx_HAL_Driver/Src/stm32f0xx_hal_flash_ex.c ****   *         The function @ref HAL_FLASH_OB_Launch() should be called after to force the reload of t
 353:Drivers/STM32F0xx_HAL_Driver/Src/stm32f0xx_hal_flash_ex.c ****   *         (system reset will occur)
 354:Drivers/STM32F0xx_HAL_Driver/Src/stm32f0xx_hal_flash_ex.c ****   *
 355:Drivers/STM32F0xx_HAL_Driver/Src/stm32f0xx_hal_flash_ex.c ****   * @param  pOBInit pointer to an FLASH_OBInitStruct structure that
 356:Drivers/STM32F0xx_HAL_Driver/Src/stm32f0xx_hal_flash_ex.c ****   *         contains the configuration information for the programming.
 357:Drivers/STM32F0xx_HAL_Driver/Src/stm32f0xx_hal_flash_ex.c ****   *
 358:Drivers/STM32F0xx_HAL_Driver/Src/stm32f0xx_hal_flash_ex.c ****   * @retval HAL_StatusTypeDef HAL Status
 359:Drivers/STM32F0xx_HAL_Driver/Src/stm32f0xx_hal_flash_ex.c ****   */
 360:Drivers/STM32F0xx_HAL_Driver/Src/stm32f0xx_hal_flash_ex.c **** HAL_StatusTypeDef HAL_FLASHEx_OBProgram(FLASH_OBProgramInitTypeDef *pOBInit)
 361:Drivers/STM32F0xx_HAL_Driver/Src/stm32f0xx_hal_flash_ex.c **** {
 362:Drivers/STM32F0xx_HAL_Driver/Src/stm32f0xx_hal_flash_ex.c ****   HAL_StatusTypeDef status = HAL_ERROR;
 363:Drivers/STM32F0xx_HAL_Driver/Src/stm32f0xx_hal_flash_ex.c **** 
 364:Drivers/STM32F0xx_HAL_Driver/Src/stm32f0xx_hal_flash_ex.c ****   /* Process Locked */
 365:Drivers/STM32F0xx_HAL_Driver/Src/stm32f0xx_hal_flash_ex.c ****   __HAL_LOCK(&pFlash);
 366:Drivers/STM32F0xx_HAL_Driver/Src/stm32f0xx_hal_flash_ex.c **** 
 367:Drivers/STM32F0xx_HAL_Driver/Src/stm32f0xx_hal_flash_ex.c ****   /* Check the parameters */
 368:Drivers/STM32F0xx_HAL_Driver/Src/stm32f0xx_hal_flash_ex.c ****   assert_param(IS_OPTIONBYTE(pOBInit->OptionType));
 369:Drivers/STM32F0xx_HAL_Driver/Src/stm32f0xx_hal_flash_ex.c **** 
 370:Drivers/STM32F0xx_HAL_Driver/Src/stm32f0xx_hal_flash_ex.c ****   /* Write protection configuration */
 371:Drivers/STM32F0xx_HAL_Driver/Src/stm32f0xx_hal_flash_ex.c ****   if((pOBInit->OptionType & OPTIONBYTE_WRP) == OPTIONBYTE_WRP)
 372:Drivers/STM32F0xx_HAL_Driver/Src/stm32f0xx_hal_flash_ex.c ****   {
 373:Drivers/STM32F0xx_HAL_Driver/Src/stm32f0xx_hal_flash_ex.c ****     assert_param(IS_WRPSTATE(pOBInit->WRPState));
 374:Drivers/STM32F0xx_HAL_Driver/Src/stm32f0xx_hal_flash_ex.c ****     if (pOBInit->WRPState == OB_WRPSTATE_ENABLE)
 375:Drivers/STM32F0xx_HAL_Driver/Src/stm32f0xx_hal_flash_ex.c ****     {
ARM GAS  /tmp/cc84vCsN.s 			page 8


 376:Drivers/STM32F0xx_HAL_Driver/Src/stm32f0xx_hal_flash_ex.c ****       /* Enable of Write protection on the selected page */
 377:Drivers/STM32F0xx_HAL_Driver/Src/stm32f0xx_hal_flash_ex.c ****       status = FLASH_OB_EnableWRP(pOBInit->WRPPage);
 378:Drivers/STM32F0xx_HAL_Driver/Src/stm32f0xx_hal_flash_ex.c ****     }
 379:Drivers/STM32F0xx_HAL_Driver/Src/stm32f0xx_hal_flash_ex.c ****     else
 380:Drivers/STM32F0xx_HAL_Driver/Src/stm32f0xx_hal_flash_ex.c ****     {
 381:Drivers/STM32F0xx_HAL_Driver/Src/stm32f0xx_hal_flash_ex.c ****       /* Disable of Write protection on the selected page */
 382:Drivers/STM32F0xx_HAL_Driver/Src/stm32f0xx_hal_flash_ex.c ****       status = FLASH_OB_DisableWRP(pOBInit->WRPPage);
 383:Drivers/STM32F0xx_HAL_Driver/Src/stm32f0xx_hal_flash_ex.c ****     }
 384:Drivers/STM32F0xx_HAL_Driver/Src/stm32f0xx_hal_flash_ex.c ****     if (status != HAL_OK)
 385:Drivers/STM32F0xx_HAL_Driver/Src/stm32f0xx_hal_flash_ex.c ****     {
 386:Drivers/STM32F0xx_HAL_Driver/Src/stm32f0xx_hal_flash_ex.c ****       /* Process Unlocked */
 387:Drivers/STM32F0xx_HAL_Driver/Src/stm32f0xx_hal_flash_ex.c ****       __HAL_UNLOCK(&pFlash);
 388:Drivers/STM32F0xx_HAL_Driver/Src/stm32f0xx_hal_flash_ex.c ****       return status;
 389:Drivers/STM32F0xx_HAL_Driver/Src/stm32f0xx_hal_flash_ex.c ****     }
 390:Drivers/STM32F0xx_HAL_Driver/Src/stm32f0xx_hal_flash_ex.c ****   }
 391:Drivers/STM32F0xx_HAL_Driver/Src/stm32f0xx_hal_flash_ex.c **** 
 392:Drivers/STM32F0xx_HAL_Driver/Src/stm32f0xx_hal_flash_ex.c ****   /* Read protection configuration */
 393:Drivers/STM32F0xx_HAL_Driver/Src/stm32f0xx_hal_flash_ex.c ****   if((pOBInit->OptionType & OPTIONBYTE_RDP) == OPTIONBYTE_RDP)
 394:Drivers/STM32F0xx_HAL_Driver/Src/stm32f0xx_hal_flash_ex.c ****   {
 395:Drivers/STM32F0xx_HAL_Driver/Src/stm32f0xx_hal_flash_ex.c ****     status = FLASH_OB_RDP_LevelConfig(pOBInit->RDPLevel);
 396:Drivers/STM32F0xx_HAL_Driver/Src/stm32f0xx_hal_flash_ex.c ****     if (status != HAL_OK)
 397:Drivers/STM32F0xx_HAL_Driver/Src/stm32f0xx_hal_flash_ex.c ****     {
 398:Drivers/STM32F0xx_HAL_Driver/Src/stm32f0xx_hal_flash_ex.c ****       /* Process Unlocked */
 399:Drivers/STM32F0xx_HAL_Driver/Src/stm32f0xx_hal_flash_ex.c ****       __HAL_UNLOCK(&pFlash);
 400:Drivers/STM32F0xx_HAL_Driver/Src/stm32f0xx_hal_flash_ex.c ****       return status;
 401:Drivers/STM32F0xx_HAL_Driver/Src/stm32f0xx_hal_flash_ex.c ****     }
 402:Drivers/STM32F0xx_HAL_Driver/Src/stm32f0xx_hal_flash_ex.c ****   }
 403:Drivers/STM32F0xx_HAL_Driver/Src/stm32f0xx_hal_flash_ex.c **** 
 404:Drivers/STM32F0xx_HAL_Driver/Src/stm32f0xx_hal_flash_ex.c ****   /* USER configuration */
 405:Drivers/STM32F0xx_HAL_Driver/Src/stm32f0xx_hal_flash_ex.c ****   if((pOBInit->OptionType & OPTIONBYTE_USER) == OPTIONBYTE_USER)
 406:Drivers/STM32F0xx_HAL_Driver/Src/stm32f0xx_hal_flash_ex.c ****   {
 407:Drivers/STM32F0xx_HAL_Driver/Src/stm32f0xx_hal_flash_ex.c ****     status = FLASH_OB_UserConfig(pOBInit->USERConfig);
 408:Drivers/STM32F0xx_HAL_Driver/Src/stm32f0xx_hal_flash_ex.c ****     if (status != HAL_OK)
 409:Drivers/STM32F0xx_HAL_Driver/Src/stm32f0xx_hal_flash_ex.c ****     {
 410:Drivers/STM32F0xx_HAL_Driver/Src/stm32f0xx_hal_flash_ex.c ****       /* Process Unlocked */
 411:Drivers/STM32F0xx_HAL_Driver/Src/stm32f0xx_hal_flash_ex.c ****       __HAL_UNLOCK(&pFlash);
 412:Drivers/STM32F0xx_HAL_Driver/Src/stm32f0xx_hal_flash_ex.c ****       return status;
 413:Drivers/STM32F0xx_HAL_Driver/Src/stm32f0xx_hal_flash_ex.c ****     }
 414:Drivers/STM32F0xx_HAL_Driver/Src/stm32f0xx_hal_flash_ex.c ****   }
 415:Drivers/STM32F0xx_HAL_Driver/Src/stm32f0xx_hal_flash_ex.c **** 
 416:Drivers/STM32F0xx_HAL_Driver/Src/stm32f0xx_hal_flash_ex.c ****   /* DATA configuration*/
 417:Drivers/STM32F0xx_HAL_Driver/Src/stm32f0xx_hal_flash_ex.c ****   if((pOBInit->OptionType & OPTIONBYTE_DATA) == OPTIONBYTE_DATA)
 418:Drivers/STM32F0xx_HAL_Driver/Src/stm32f0xx_hal_flash_ex.c ****   {
 419:Drivers/STM32F0xx_HAL_Driver/Src/stm32f0xx_hal_flash_ex.c ****     status = FLASH_OB_ProgramData(pOBInit->DATAAddress, pOBInit->DATAData);
 420:Drivers/STM32F0xx_HAL_Driver/Src/stm32f0xx_hal_flash_ex.c ****     if (status != HAL_OK)
 421:Drivers/STM32F0xx_HAL_Driver/Src/stm32f0xx_hal_flash_ex.c ****     {
 422:Drivers/STM32F0xx_HAL_Driver/Src/stm32f0xx_hal_flash_ex.c ****       /* Process Unlocked */
 423:Drivers/STM32F0xx_HAL_Driver/Src/stm32f0xx_hal_flash_ex.c ****       __HAL_UNLOCK(&pFlash);
 424:Drivers/STM32F0xx_HAL_Driver/Src/stm32f0xx_hal_flash_ex.c ****       return status;
 425:Drivers/STM32F0xx_HAL_Driver/Src/stm32f0xx_hal_flash_ex.c ****     }
 426:Drivers/STM32F0xx_HAL_Driver/Src/stm32f0xx_hal_flash_ex.c ****   }
 427:Drivers/STM32F0xx_HAL_Driver/Src/stm32f0xx_hal_flash_ex.c **** 
 428:Drivers/STM32F0xx_HAL_Driver/Src/stm32f0xx_hal_flash_ex.c ****   /* Process Unlocked */
 429:Drivers/STM32F0xx_HAL_Driver/Src/stm32f0xx_hal_flash_ex.c ****   __HAL_UNLOCK(&pFlash);
 430:Drivers/STM32F0xx_HAL_Driver/Src/stm32f0xx_hal_flash_ex.c **** 
 431:Drivers/STM32F0xx_HAL_Driver/Src/stm32f0xx_hal_flash_ex.c ****   return status;
 432:Drivers/STM32F0xx_HAL_Driver/Src/stm32f0xx_hal_flash_ex.c **** }
ARM GAS  /tmp/cc84vCsN.s 			page 9


 433:Drivers/STM32F0xx_HAL_Driver/Src/stm32f0xx_hal_flash_ex.c **** 
 434:Drivers/STM32F0xx_HAL_Driver/Src/stm32f0xx_hal_flash_ex.c **** /**
 435:Drivers/STM32F0xx_HAL_Driver/Src/stm32f0xx_hal_flash_ex.c ****   * @brief  Get the Option byte configuration
 436:Drivers/STM32F0xx_HAL_Driver/Src/stm32f0xx_hal_flash_ex.c ****   * @param  pOBInit pointer to an FLASH_OBInitStruct structure that
 437:Drivers/STM32F0xx_HAL_Driver/Src/stm32f0xx_hal_flash_ex.c ****   *         contains the configuration information for the programming.
 438:Drivers/STM32F0xx_HAL_Driver/Src/stm32f0xx_hal_flash_ex.c ****   *
 439:Drivers/STM32F0xx_HAL_Driver/Src/stm32f0xx_hal_flash_ex.c ****   * @retval None
 440:Drivers/STM32F0xx_HAL_Driver/Src/stm32f0xx_hal_flash_ex.c ****   */
 441:Drivers/STM32F0xx_HAL_Driver/Src/stm32f0xx_hal_flash_ex.c **** void HAL_FLASHEx_OBGetConfig(FLASH_OBProgramInitTypeDef *pOBInit)
 442:Drivers/STM32F0xx_HAL_Driver/Src/stm32f0xx_hal_flash_ex.c **** {
 443:Drivers/STM32F0xx_HAL_Driver/Src/stm32f0xx_hal_flash_ex.c ****   pOBInit->OptionType = OPTIONBYTE_WRP | OPTIONBYTE_RDP | OPTIONBYTE_USER;
 444:Drivers/STM32F0xx_HAL_Driver/Src/stm32f0xx_hal_flash_ex.c **** 
 445:Drivers/STM32F0xx_HAL_Driver/Src/stm32f0xx_hal_flash_ex.c ****   /*Get WRP*/
 446:Drivers/STM32F0xx_HAL_Driver/Src/stm32f0xx_hal_flash_ex.c ****   pOBInit->WRPPage = FLASH_OB_GetWRP();
 447:Drivers/STM32F0xx_HAL_Driver/Src/stm32f0xx_hal_flash_ex.c **** 
 448:Drivers/STM32F0xx_HAL_Driver/Src/stm32f0xx_hal_flash_ex.c ****   /*Get RDP Level*/
 449:Drivers/STM32F0xx_HAL_Driver/Src/stm32f0xx_hal_flash_ex.c ****   pOBInit->RDPLevel = FLASH_OB_GetRDP();
 450:Drivers/STM32F0xx_HAL_Driver/Src/stm32f0xx_hal_flash_ex.c **** 
 451:Drivers/STM32F0xx_HAL_Driver/Src/stm32f0xx_hal_flash_ex.c ****   /*Get USER*/
 452:Drivers/STM32F0xx_HAL_Driver/Src/stm32f0xx_hal_flash_ex.c ****   pOBInit->USERConfig = FLASH_OB_GetUser();
 453:Drivers/STM32F0xx_HAL_Driver/Src/stm32f0xx_hal_flash_ex.c **** }
 454:Drivers/STM32F0xx_HAL_Driver/Src/stm32f0xx_hal_flash_ex.c **** 
 455:Drivers/STM32F0xx_HAL_Driver/Src/stm32f0xx_hal_flash_ex.c **** /**
 456:Drivers/STM32F0xx_HAL_Driver/Src/stm32f0xx_hal_flash_ex.c ****   * @brief  Get the Option byte user data
 457:Drivers/STM32F0xx_HAL_Driver/Src/stm32f0xx_hal_flash_ex.c ****   * @param  DATAAdress Address of the option byte DATA
 458:Drivers/STM32F0xx_HAL_Driver/Src/stm32f0xx_hal_flash_ex.c ****   *          This parameter can be one of the following values:
 459:Drivers/STM32F0xx_HAL_Driver/Src/stm32f0xx_hal_flash_ex.c ****   *            @arg @ref OB_DATA_ADDRESS_DATA0
 460:Drivers/STM32F0xx_HAL_Driver/Src/stm32f0xx_hal_flash_ex.c ****   *            @arg @ref OB_DATA_ADDRESS_DATA1
 461:Drivers/STM32F0xx_HAL_Driver/Src/stm32f0xx_hal_flash_ex.c ****   * @retval Value programmed in USER data
 462:Drivers/STM32F0xx_HAL_Driver/Src/stm32f0xx_hal_flash_ex.c ****   */
 463:Drivers/STM32F0xx_HAL_Driver/Src/stm32f0xx_hal_flash_ex.c **** uint32_t HAL_FLASHEx_OBGetUserData(uint32_t DATAAdress)
 464:Drivers/STM32F0xx_HAL_Driver/Src/stm32f0xx_hal_flash_ex.c **** {
 465:Drivers/STM32F0xx_HAL_Driver/Src/stm32f0xx_hal_flash_ex.c ****   uint32_t value = 0U;
 466:Drivers/STM32F0xx_HAL_Driver/Src/stm32f0xx_hal_flash_ex.c ****   
 467:Drivers/STM32F0xx_HAL_Driver/Src/stm32f0xx_hal_flash_ex.c ****   if (DATAAdress == OB_DATA_ADDRESS_DATA0)
 468:Drivers/STM32F0xx_HAL_Driver/Src/stm32f0xx_hal_flash_ex.c ****   {
 469:Drivers/STM32F0xx_HAL_Driver/Src/stm32f0xx_hal_flash_ex.c ****     /* Get value programmed in OB USER Data0 */
 470:Drivers/STM32F0xx_HAL_Driver/Src/stm32f0xx_hal_flash_ex.c ****     value = READ_BIT(FLASH->OBR, FLASH_OBR_DATA0) >> FLASH_POSITION_OB_USERDATA0_BIT;
 471:Drivers/STM32F0xx_HAL_Driver/Src/stm32f0xx_hal_flash_ex.c ****   }
 472:Drivers/STM32F0xx_HAL_Driver/Src/stm32f0xx_hal_flash_ex.c ****   else
 473:Drivers/STM32F0xx_HAL_Driver/Src/stm32f0xx_hal_flash_ex.c ****   {
 474:Drivers/STM32F0xx_HAL_Driver/Src/stm32f0xx_hal_flash_ex.c ****     /* Get value programmed in OB USER Data1 */
 475:Drivers/STM32F0xx_HAL_Driver/Src/stm32f0xx_hal_flash_ex.c ****     value = READ_BIT(FLASH->OBR, FLASH_OBR_DATA1) >> FLASH_POSITION_OB_USERDATA1_BIT;
 476:Drivers/STM32F0xx_HAL_Driver/Src/stm32f0xx_hal_flash_ex.c ****   }
 477:Drivers/STM32F0xx_HAL_Driver/Src/stm32f0xx_hal_flash_ex.c ****   
 478:Drivers/STM32F0xx_HAL_Driver/Src/stm32f0xx_hal_flash_ex.c ****   return value;
 479:Drivers/STM32F0xx_HAL_Driver/Src/stm32f0xx_hal_flash_ex.c **** }
 480:Drivers/STM32F0xx_HAL_Driver/Src/stm32f0xx_hal_flash_ex.c **** 
 481:Drivers/STM32F0xx_HAL_Driver/Src/stm32f0xx_hal_flash_ex.c **** /**
 482:Drivers/STM32F0xx_HAL_Driver/Src/stm32f0xx_hal_flash_ex.c ****   * @}
 483:Drivers/STM32F0xx_HAL_Driver/Src/stm32f0xx_hal_flash_ex.c ****   */
 484:Drivers/STM32F0xx_HAL_Driver/Src/stm32f0xx_hal_flash_ex.c **** 
 485:Drivers/STM32F0xx_HAL_Driver/Src/stm32f0xx_hal_flash_ex.c **** /**
 486:Drivers/STM32F0xx_HAL_Driver/Src/stm32f0xx_hal_flash_ex.c ****   * @}
 487:Drivers/STM32F0xx_HAL_Driver/Src/stm32f0xx_hal_flash_ex.c ****   */
 488:Drivers/STM32F0xx_HAL_Driver/Src/stm32f0xx_hal_flash_ex.c **** 
 489:Drivers/STM32F0xx_HAL_Driver/Src/stm32f0xx_hal_flash_ex.c **** /** @addtogroup FLASHEx_Private_Functions
ARM GAS  /tmp/cc84vCsN.s 			page 10


 490:Drivers/STM32F0xx_HAL_Driver/Src/stm32f0xx_hal_flash_ex.c ****  * @{
 491:Drivers/STM32F0xx_HAL_Driver/Src/stm32f0xx_hal_flash_ex.c ****  */
 492:Drivers/STM32F0xx_HAL_Driver/Src/stm32f0xx_hal_flash_ex.c **** 
 493:Drivers/STM32F0xx_HAL_Driver/Src/stm32f0xx_hal_flash_ex.c **** /**
 494:Drivers/STM32F0xx_HAL_Driver/Src/stm32f0xx_hal_flash_ex.c ****   * @brief  Full erase of FLASH memory Bank 
 495:Drivers/STM32F0xx_HAL_Driver/Src/stm32f0xx_hal_flash_ex.c ****   *
 496:Drivers/STM32F0xx_HAL_Driver/Src/stm32f0xx_hal_flash_ex.c ****   * @retval None
 497:Drivers/STM32F0xx_HAL_Driver/Src/stm32f0xx_hal_flash_ex.c ****   */
 498:Drivers/STM32F0xx_HAL_Driver/Src/stm32f0xx_hal_flash_ex.c **** static void FLASH_MassErase(void)
 499:Drivers/STM32F0xx_HAL_Driver/Src/stm32f0xx_hal_flash_ex.c **** {
  26              		.loc 1 499 1 view -0
  27              		.cfi_startproc
  28              		@ args = 0, pretend = 0, frame = 0
  29              		@ frame_needed = 0, uses_anonymous_args = 0
  30              		@ link register save eliminated.
 500:Drivers/STM32F0xx_HAL_Driver/Src/stm32f0xx_hal_flash_ex.c ****   /* Clean the error context */
 501:Drivers/STM32F0xx_HAL_Driver/Src/stm32f0xx_hal_flash_ex.c ****   pFlash.ErrorCode = HAL_FLASH_ERROR_NONE;
  31              		.loc 1 501 3 view .LVU1
  32              		.loc 1 501 20 is_stmt 0 view .LVU2
  33 0000 064B     		ldr	r3, .L2
  34 0002 0022     		movs	r2, #0
  35 0004 DA61     		str	r2, [r3, #28]
 502:Drivers/STM32F0xx_HAL_Driver/Src/stm32f0xx_hal_flash_ex.c **** 
 503:Drivers/STM32F0xx_HAL_Driver/Src/stm32f0xx_hal_flash_ex.c ****     /* Only bank1 will be erased*/
 504:Drivers/STM32F0xx_HAL_Driver/Src/stm32f0xx_hal_flash_ex.c ****     SET_BIT(FLASH->CR, FLASH_CR_MER);
  36              		.loc 1 504 5 is_stmt 1 view .LVU3
  37 0006 064B     		ldr	r3, .L2+4
  38 0008 1A69     		ldr	r2, [r3, #16]
  39 000a 0421     		movs	r1, #4
  40 000c 0A43     		orrs	r2, r1
  41 000e 1A61     		str	r2, [r3, #16]
 505:Drivers/STM32F0xx_HAL_Driver/Src/stm32f0xx_hal_flash_ex.c ****     SET_BIT(FLASH->CR, FLASH_CR_STRT);
  42              		.loc 1 505 5 view .LVU4
  43 0010 1A69     		ldr	r2, [r3, #16]
  44 0012 3C31     		adds	r1, r1, #60
  45 0014 0A43     		orrs	r2, r1
  46 0016 1A61     		str	r2, [r3, #16]
 506:Drivers/STM32F0xx_HAL_Driver/Src/stm32f0xx_hal_flash_ex.c **** }
  47              		.loc 1 506 1 is_stmt 0 view .LVU5
  48              		@ sp needed
  49 0018 7047     		bx	lr
  50              	.L3:
  51 001a C046     		.align	2
  52              	.L2:
  53 001c 00000000 		.word	pFlash
  54 0020 00200240 		.word	1073881088
  55              		.cfi_endproc
  56              	.LFE46:
  58              		.section	.text.FLASH_OB_GetWRP,"ax",%progbits
  59              		.align	1
  60              		.syntax unified
  61              		.code	16
  62              		.thumb_func
  64              	FLASH_OB_GetWRP:
  65              	.LFB52:
 507:Drivers/STM32F0xx_HAL_Driver/Src/stm32f0xx_hal_flash_ex.c **** 
 508:Drivers/STM32F0xx_HAL_Driver/Src/stm32f0xx_hal_flash_ex.c **** /**
ARM GAS  /tmp/cc84vCsN.s 			page 11


 509:Drivers/STM32F0xx_HAL_Driver/Src/stm32f0xx_hal_flash_ex.c ****   * @brief  Enable the write protection of the desired pages
 510:Drivers/STM32F0xx_HAL_Driver/Src/stm32f0xx_hal_flash_ex.c ****   * @note   An option byte erase is done automatically in this function. 
 511:Drivers/STM32F0xx_HAL_Driver/Src/stm32f0xx_hal_flash_ex.c ****   * @note   When the memory read protection level is selected (RDP level = 1), 
 512:Drivers/STM32F0xx_HAL_Driver/Src/stm32f0xx_hal_flash_ex.c ****   *         it is not possible to program or erase the flash page i if
 513:Drivers/STM32F0xx_HAL_Driver/Src/stm32f0xx_hal_flash_ex.c ****   *         debug features are connected or boot code is executed in RAM, even if nWRPi = 1 
 514:Drivers/STM32F0xx_HAL_Driver/Src/stm32f0xx_hal_flash_ex.c ****   * 
 515:Drivers/STM32F0xx_HAL_Driver/Src/stm32f0xx_hal_flash_ex.c ****   * @param  WriteProtectPage specifies the page(s) to be write protected.
 516:Drivers/STM32F0xx_HAL_Driver/Src/stm32f0xx_hal_flash_ex.c ****   *         The value of this parameter depend on device used within the same series 
 517:Drivers/STM32F0xx_HAL_Driver/Src/stm32f0xx_hal_flash_ex.c ****   * @retval HAL status 
 518:Drivers/STM32F0xx_HAL_Driver/Src/stm32f0xx_hal_flash_ex.c ****   */
 519:Drivers/STM32F0xx_HAL_Driver/Src/stm32f0xx_hal_flash_ex.c **** static HAL_StatusTypeDef FLASH_OB_EnableWRP(uint32_t WriteProtectPage)
 520:Drivers/STM32F0xx_HAL_Driver/Src/stm32f0xx_hal_flash_ex.c **** {
 521:Drivers/STM32F0xx_HAL_Driver/Src/stm32f0xx_hal_flash_ex.c ****   HAL_StatusTypeDef status = HAL_OK;
 522:Drivers/STM32F0xx_HAL_Driver/Src/stm32f0xx_hal_flash_ex.c ****   uint16_t WRP0_Data = 0xFFFFU;
 523:Drivers/STM32F0xx_HAL_Driver/Src/stm32f0xx_hal_flash_ex.c **** #if defined(OB_WRP1_WRP1)
 524:Drivers/STM32F0xx_HAL_Driver/Src/stm32f0xx_hal_flash_ex.c ****   uint16_t WRP1_Data = 0xFFFFU;
 525:Drivers/STM32F0xx_HAL_Driver/Src/stm32f0xx_hal_flash_ex.c **** #endif /* OB_WRP1_WRP1 */
 526:Drivers/STM32F0xx_HAL_Driver/Src/stm32f0xx_hal_flash_ex.c **** #if defined(OB_WRP2_WRP2)
 527:Drivers/STM32F0xx_HAL_Driver/Src/stm32f0xx_hal_flash_ex.c ****   uint16_t WRP2_Data = 0xFFFFU;
 528:Drivers/STM32F0xx_HAL_Driver/Src/stm32f0xx_hal_flash_ex.c **** #endif /* OB_WRP2_WRP2 */
 529:Drivers/STM32F0xx_HAL_Driver/Src/stm32f0xx_hal_flash_ex.c **** #if defined(OB_WRP3_WRP3)
 530:Drivers/STM32F0xx_HAL_Driver/Src/stm32f0xx_hal_flash_ex.c ****   uint16_t WRP3_Data = 0xFFFFU;
 531:Drivers/STM32F0xx_HAL_Driver/Src/stm32f0xx_hal_flash_ex.c **** #endif /* OB_WRP3_WRP3 */
 532:Drivers/STM32F0xx_HAL_Driver/Src/stm32f0xx_hal_flash_ex.c ****   
 533:Drivers/STM32F0xx_HAL_Driver/Src/stm32f0xx_hal_flash_ex.c ****   /* Check the parameters */
 534:Drivers/STM32F0xx_HAL_Driver/Src/stm32f0xx_hal_flash_ex.c ****   assert_param(IS_OB_WRP(WriteProtectPage));
 535:Drivers/STM32F0xx_HAL_Driver/Src/stm32f0xx_hal_flash_ex.c ****     
 536:Drivers/STM32F0xx_HAL_Driver/Src/stm32f0xx_hal_flash_ex.c ****   /* Get current write protected pages and the new pages to be protected ******/
 537:Drivers/STM32F0xx_HAL_Driver/Src/stm32f0xx_hal_flash_ex.c ****   WriteProtectPage = (uint32_t)(~((~FLASH_OB_GetWRP()) | WriteProtectPage));
 538:Drivers/STM32F0xx_HAL_Driver/Src/stm32f0xx_hal_flash_ex.c ****   
 539:Drivers/STM32F0xx_HAL_Driver/Src/stm32f0xx_hal_flash_ex.c **** #if defined(OB_WRP_PAGES0TO15MASK)
 540:Drivers/STM32F0xx_HAL_Driver/Src/stm32f0xx_hal_flash_ex.c ****   WRP0_Data = (uint16_t)(WriteProtectPage & OB_WRP_PAGES0TO15MASK);
 541:Drivers/STM32F0xx_HAL_Driver/Src/stm32f0xx_hal_flash_ex.c **** #elif defined(OB_WRP_PAGES0TO31MASK)
 542:Drivers/STM32F0xx_HAL_Driver/Src/stm32f0xx_hal_flash_ex.c ****   WRP0_Data = (uint16_t)(WriteProtectPage & OB_WRP_PAGES0TO31MASK);
 543:Drivers/STM32F0xx_HAL_Driver/Src/stm32f0xx_hal_flash_ex.c **** #endif /* OB_WRP_PAGES0TO31MASK */
 544:Drivers/STM32F0xx_HAL_Driver/Src/stm32f0xx_hal_flash_ex.c ****   
 545:Drivers/STM32F0xx_HAL_Driver/Src/stm32f0xx_hal_flash_ex.c **** #if defined(OB_WRP_PAGES16TO31MASK)
 546:Drivers/STM32F0xx_HAL_Driver/Src/stm32f0xx_hal_flash_ex.c ****   WRP1_Data = (uint16_t)((WriteProtectPage & OB_WRP_PAGES16TO31MASK) >> 8U);
 547:Drivers/STM32F0xx_HAL_Driver/Src/stm32f0xx_hal_flash_ex.c **** #elif defined(OB_WRP_PAGES32TO63MASK)
 548:Drivers/STM32F0xx_HAL_Driver/Src/stm32f0xx_hal_flash_ex.c ****   WRP1_Data = (uint16_t)((WriteProtectPage & OB_WRP_PAGES32TO63MASK) >> 8U);
 549:Drivers/STM32F0xx_HAL_Driver/Src/stm32f0xx_hal_flash_ex.c **** #endif /* OB_WRP_PAGES32TO63MASK */
 550:Drivers/STM32F0xx_HAL_Driver/Src/stm32f0xx_hal_flash_ex.c ****  
 551:Drivers/STM32F0xx_HAL_Driver/Src/stm32f0xx_hal_flash_ex.c **** #if defined(OB_WRP_PAGES32TO47MASK)
 552:Drivers/STM32F0xx_HAL_Driver/Src/stm32f0xx_hal_flash_ex.c ****   WRP2_Data = (uint16_t)((WriteProtectPage & OB_WRP_PAGES32TO47MASK) >> 16U);
 553:Drivers/STM32F0xx_HAL_Driver/Src/stm32f0xx_hal_flash_ex.c **** #endif /* OB_WRP_PAGES32TO47MASK */
 554:Drivers/STM32F0xx_HAL_Driver/Src/stm32f0xx_hal_flash_ex.c **** 
 555:Drivers/STM32F0xx_HAL_Driver/Src/stm32f0xx_hal_flash_ex.c **** #if defined(OB_WRP_PAGES48TO63MASK)
 556:Drivers/STM32F0xx_HAL_Driver/Src/stm32f0xx_hal_flash_ex.c ****   WRP3_Data = (uint16_t)((WriteProtectPage & OB_WRP_PAGES48TO63MASK) >> 24U); 
 557:Drivers/STM32F0xx_HAL_Driver/Src/stm32f0xx_hal_flash_ex.c **** #elif defined(OB_WRP_PAGES48TO127MASK)
 558:Drivers/STM32F0xx_HAL_Driver/Src/stm32f0xx_hal_flash_ex.c ****   WRP3_Data = (uint16_t)((WriteProtectPage & OB_WRP_PAGES48TO127MASK) >> 24U); 
 559:Drivers/STM32F0xx_HAL_Driver/Src/stm32f0xx_hal_flash_ex.c **** #endif /* OB_WRP_PAGES48TO63MASK */
 560:Drivers/STM32F0xx_HAL_Driver/Src/stm32f0xx_hal_flash_ex.c ****   
 561:Drivers/STM32F0xx_HAL_Driver/Src/stm32f0xx_hal_flash_ex.c ****   /* Wait for last operation to be completed */
 562:Drivers/STM32F0xx_HAL_Driver/Src/stm32f0xx_hal_flash_ex.c ****   status = FLASH_WaitForLastOperation((uint32_t)FLASH_TIMEOUT_VALUE);
 563:Drivers/STM32F0xx_HAL_Driver/Src/stm32f0xx_hal_flash_ex.c **** 
 564:Drivers/STM32F0xx_HAL_Driver/Src/stm32f0xx_hal_flash_ex.c ****   if(status == HAL_OK)
 565:Drivers/STM32F0xx_HAL_Driver/Src/stm32f0xx_hal_flash_ex.c ****   { 
ARM GAS  /tmp/cc84vCsN.s 			page 12


 566:Drivers/STM32F0xx_HAL_Driver/Src/stm32f0xx_hal_flash_ex.c ****     /* Clean the error context */
 567:Drivers/STM32F0xx_HAL_Driver/Src/stm32f0xx_hal_flash_ex.c ****     pFlash.ErrorCode = HAL_FLASH_ERROR_NONE;
 568:Drivers/STM32F0xx_HAL_Driver/Src/stm32f0xx_hal_flash_ex.c **** 
 569:Drivers/STM32F0xx_HAL_Driver/Src/stm32f0xx_hal_flash_ex.c ****     /* To be able to write again option byte, need to perform a option byte erase */
 570:Drivers/STM32F0xx_HAL_Driver/Src/stm32f0xx_hal_flash_ex.c ****     status = HAL_FLASHEx_OBErase();
 571:Drivers/STM32F0xx_HAL_Driver/Src/stm32f0xx_hal_flash_ex.c ****     if (status == HAL_OK)  
 572:Drivers/STM32F0xx_HAL_Driver/Src/stm32f0xx_hal_flash_ex.c ****     {
 573:Drivers/STM32F0xx_HAL_Driver/Src/stm32f0xx_hal_flash_ex.c ****       /* Enable write protection */
 574:Drivers/STM32F0xx_HAL_Driver/Src/stm32f0xx_hal_flash_ex.c ****       SET_BIT(FLASH->CR, FLASH_CR_OPTPG);
 575:Drivers/STM32F0xx_HAL_Driver/Src/stm32f0xx_hal_flash_ex.c **** 
 576:Drivers/STM32F0xx_HAL_Driver/Src/stm32f0xx_hal_flash_ex.c **** #if defined(OB_WRP0_WRP0)
 577:Drivers/STM32F0xx_HAL_Driver/Src/stm32f0xx_hal_flash_ex.c ****       if(WRP0_Data != 0xFFU)
 578:Drivers/STM32F0xx_HAL_Driver/Src/stm32f0xx_hal_flash_ex.c ****       {
 579:Drivers/STM32F0xx_HAL_Driver/Src/stm32f0xx_hal_flash_ex.c ****         OB->WRP0 &= WRP0_Data;
 580:Drivers/STM32F0xx_HAL_Driver/Src/stm32f0xx_hal_flash_ex.c ****         
 581:Drivers/STM32F0xx_HAL_Driver/Src/stm32f0xx_hal_flash_ex.c ****         /* Wait for last operation to be completed */
 582:Drivers/STM32F0xx_HAL_Driver/Src/stm32f0xx_hal_flash_ex.c ****         status = FLASH_WaitForLastOperation((uint32_t)FLASH_TIMEOUT_VALUE);
 583:Drivers/STM32F0xx_HAL_Driver/Src/stm32f0xx_hal_flash_ex.c ****       }
 584:Drivers/STM32F0xx_HAL_Driver/Src/stm32f0xx_hal_flash_ex.c **** #endif /* OB_WRP0_WRP0 */
 585:Drivers/STM32F0xx_HAL_Driver/Src/stm32f0xx_hal_flash_ex.c **** 
 586:Drivers/STM32F0xx_HAL_Driver/Src/stm32f0xx_hal_flash_ex.c **** #if defined(OB_WRP1_WRP1)
 587:Drivers/STM32F0xx_HAL_Driver/Src/stm32f0xx_hal_flash_ex.c ****       if((status == HAL_OK) && (WRP1_Data != 0xFFU))
 588:Drivers/STM32F0xx_HAL_Driver/Src/stm32f0xx_hal_flash_ex.c ****       {
 589:Drivers/STM32F0xx_HAL_Driver/Src/stm32f0xx_hal_flash_ex.c ****         OB->WRP1 &= WRP1_Data;
 590:Drivers/STM32F0xx_HAL_Driver/Src/stm32f0xx_hal_flash_ex.c ****         
 591:Drivers/STM32F0xx_HAL_Driver/Src/stm32f0xx_hal_flash_ex.c ****         /* Wait for last operation to be completed */
 592:Drivers/STM32F0xx_HAL_Driver/Src/stm32f0xx_hal_flash_ex.c ****         status = FLASH_WaitForLastOperation((uint32_t)FLASH_TIMEOUT_VALUE);
 593:Drivers/STM32F0xx_HAL_Driver/Src/stm32f0xx_hal_flash_ex.c ****       }
 594:Drivers/STM32F0xx_HAL_Driver/Src/stm32f0xx_hal_flash_ex.c **** #endif /* OB_WRP1_WRP1 */
 595:Drivers/STM32F0xx_HAL_Driver/Src/stm32f0xx_hal_flash_ex.c **** 
 596:Drivers/STM32F0xx_HAL_Driver/Src/stm32f0xx_hal_flash_ex.c **** #if defined(OB_WRP2_WRP2)
 597:Drivers/STM32F0xx_HAL_Driver/Src/stm32f0xx_hal_flash_ex.c ****       if((status == HAL_OK) && (WRP2_Data != 0xFFU))
 598:Drivers/STM32F0xx_HAL_Driver/Src/stm32f0xx_hal_flash_ex.c ****       {
 599:Drivers/STM32F0xx_HAL_Driver/Src/stm32f0xx_hal_flash_ex.c ****         OB->WRP2 &= WRP2_Data;
 600:Drivers/STM32F0xx_HAL_Driver/Src/stm32f0xx_hal_flash_ex.c ****         
 601:Drivers/STM32F0xx_HAL_Driver/Src/stm32f0xx_hal_flash_ex.c ****         /* Wait for last operation to be completed */
 602:Drivers/STM32F0xx_HAL_Driver/Src/stm32f0xx_hal_flash_ex.c ****         status = FLASH_WaitForLastOperation((uint32_t)FLASH_TIMEOUT_VALUE);
 603:Drivers/STM32F0xx_HAL_Driver/Src/stm32f0xx_hal_flash_ex.c ****       }
 604:Drivers/STM32F0xx_HAL_Driver/Src/stm32f0xx_hal_flash_ex.c **** #endif /* OB_WRP2_WRP2 */
 605:Drivers/STM32F0xx_HAL_Driver/Src/stm32f0xx_hal_flash_ex.c **** 
 606:Drivers/STM32F0xx_HAL_Driver/Src/stm32f0xx_hal_flash_ex.c **** #if defined(OB_WRP3_WRP3)
 607:Drivers/STM32F0xx_HAL_Driver/Src/stm32f0xx_hal_flash_ex.c ****       if((status == HAL_OK) && (WRP3_Data != 0xFFU))
 608:Drivers/STM32F0xx_HAL_Driver/Src/stm32f0xx_hal_flash_ex.c ****       {
 609:Drivers/STM32F0xx_HAL_Driver/Src/stm32f0xx_hal_flash_ex.c ****         OB->WRP3 &= WRP3_Data;
 610:Drivers/STM32F0xx_HAL_Driver/Src/stm32f0xx_hal_flash_ex.c ****         
 611:Drivers/STM32F0xx_HAL_Driver/Src/stm32f0xx_hal_flash_ex.c ****         /* Wait for last operation to be completed */
 612:Drivers/STM32F0xx_HAL_Driver/Src/stm32f0xx_hal_flash_ex.c ****         status = FLASH_WaitForLastOperation((uint32_t)FLASH_TIMEOUT_VALUE);
 613:Drivers/STM32F0xx_HAL_Driver/Src/stm32f0xx_hal_flash_ex.c ****       }
 614:Drivers/STM32F0xx_HAL_Driver/Src/stm32f0xx_hal_flash_ex.c **** #endif /* OB_WRP3_WRP3 */
 615:Drivers/STM32F0xx_HAL_Driver/Src/stm32f0xx_hal_flash_ex.c **** 
 616:Drivers/STM32F0xx_HAL_Driver/Src/stm32f0xx_hal_flash_ex.c ****       /* if the program operation is completed, disable the OPTPG Bit */
 617:Drivers/STM32F0xx_HAL_Driver/Src/stm32f0xx_hal_flash_ex.c ****       CLEAR_BIT(FLASH->CR, FLASH_CR_OPTPG);
 618:Drivers/STM32F0xx_HAL_Driver/Src/stm32f0xx_hal_flash_ex.c ****     }
 619:Drivers/STM32F0xx_HAL_Driver/Src/stm32f0xx_hal_flash_ex.c ****   }
 620:Drivers/STM32F0xx_HAL_Driver/Src/stm32f0xx_hal_flash_ex.c ****   
 621:Drivers/STM32F0xx_HAL_Driver/Src/stm32f0xx_hal_flash_ex.c ****   return status;
 622:Drivers/STM32F0xx_HAL_Driver/Src/stm32f0xx_hal_flash_ex.c **** }
ARM GAS  /tmp/cc84vCsN.s 			page 13


 623:Drivers/STM32F0xx_HAL_Driver/Src/stm32f0xx_hal_flash_ex.c **** 
 624:Drivers/STM32F0xx_HAL_Driver/Src/stm32f0xx_hal_flash_ex.c **** /**
 625:Drivers/STM32F0xx_HAL_Driver/Src/stm32f0xx_hal_flash_ex.c ****   * @brief  Disable the write protection of the desired pages
 626:Drivers/STM32F0xx_HAL_Driver/Src/stm32f0xx_hal_flash_ex.c ****   * @note   An option byte erase is done automatically in this function. 
 627:Drivers/STM32F0xx_HAL_Driver/Src/stm32f0xx_hal_flash_ex.c ****   * @note   When the memory read protection level is selected (RDP level = 1), 
 628:Drivers/STM32F0xx_HAL_Driver/Src/stm32f0xx_hal_flash_ex.c ****   *         it is not possible to program or erase the flash page i if   
 629:Drivers/STM32F0xx_HAL_Driver/Src/stm32f0xx_hal_flash_ex.c ****   *         debug features are connected or boot code is executed in RAM, even if nWRPi = 1 
 630:Drivers/STM32F0xx_HAL_Driver/Src/stm32f0xx_hal_flash_ex.c ****   * 
 631:Drivers/STM32F0xx_HAL_Driver/Src/stm32f0xx_hal_flash_ex.c ****   * @param  WriteProtectPage specifies the page(s) to be write unprotected.
 632:Drivers/STM32F0xx_HAL_Driver/Src/stm32f0xx_hal_flash_ex.c ****   *         The value of this parameter depend on device used within the same series 
 633:Drivers/STM32F0xx_HAL_Driver/Src/stm32f0xx_hal_flash_ex.c ****   * @retval HAL status 
 634:Drivers/STM32F0xx_HAL_Driver/Src/stm32f0xx_hal_flash_ex.c ****   */
 635:Drivers/STM32F0xx_HAL_Driver/Src/stm32f0xx_hal_flash_ex.c **** static HAL_StatusTypeDef FLASH_OB_DisableWRP(uint32_t WriteProtectPage)
 636:Drivers/STM32F0xx_HAL_Driver/Src/stm32f0xx_hal_flash_ex.c **** {
 637:Drivers/STM32F0xx_HAL_Driver/Src/stm32f0xx_hal_flash_ex.c ****   HAL_StatusTypeDef status = HAL_OK;
 638:Drivers/STM32F0xx_HAL_Driver/Src/stm32f0xx_hal_flash_ex.c ****   uint16_t WRP0_Data = 0xFFFFU;
 639:Drivers/STM32F0xx_HAL_Driver/Src/stm32f0xx_hal_flash_ex.c **** #if defined(OB_WRP1_WRP1)
 640:Drivers/STM32F0xx_HAL_Driver/Src/stm32f0xx_hal_flash_ex.c ****   uint16_t WRP1_Data = 0xFFFFU;
 641:Drivers/STM32F0xx_HAL_Driver/Src/stm32f0xx_hal_flash_ex.c **** #endif /* OB_WRP1_WRP1 */
 642:Drivers/STM32F0xx_HAL_Driver/Src/stm32f0xx_hal_flash_ex.c **** #if defined(OB_WRP2_WRP2)
 643:Drivers/STM32F0xx_HAL_Driver/Src/stm32f0xx_hal_flash_ex.c ****   uint16_t WRP2_Data = 0xFFFFU;
 644:Drivers/STM32F0xx_HAL_Driver/Src/stm32f0xx_hal_flash_ex.c **** #endif /* OB_WRP2_WRP2 */
 645:Drivers/STM32F0xx_HAL_Driver/Src/stm32f0xx_hal_flash_ex.c **** #if defined(OB_WRP3_WRP3)
 646:Drivers/STM32F0xx_HAL_Driver/Src/stm32f0xx_hal_flash_ex.c ****   uint16_t WRP3_Data = 0xFFFFU;
 647:Drivers/STM32F0xx_HAL_Driver/Src/stm32f0xx_hal_flash_ex.c **** #endif /* OB_WRP3_WRP3 */
 648:Drivers/STM32F0xx_HAL_Driver/Src/stm32f0xx_hal_flash_ex.c ****   
 649:Drivers/STM32F0xx_HAL_Driver/Src/stm32f0xx_hal_flash_ex.c ****   /* Check the parameters */
 650:Drivers/STM32F0xx_HAL_Driver/Src/stm32f0xx_hal_flash_ex.c ****   assert_param(IS_OB_WRP(WriteProtectPage));
 651:Drivers/STM32F0xx_HAL_Driver/Src/stm32f0xx_hal_flash_ex.c **** 
 652:Drivers/STM32F0xx_HAL_Driver/Src/stm32f0xx_hal_flash_ex.c ****   /* Get current write protected pages and the new pages to be unprotected ******/
 653:Drivers/STM32F0xx_HAL_Driver/Src/stm32f0xx_hal_flash_ex.c ****   WriteProtectPage = (FLASH_OB_GetWRP() | WriteProtectPage);
 654:Drivers/STM32F0xx_HAL_Driver/Src/stm32f0xx_hal_flash_ex.c **** 
 655:Drivers/STM32F0xx_HAL_Driver/Src/stm32f0xx_hal_flash_ex.c **** #if defined(OB_WRP_PAGES0TO15MASK)
 656:Drivers/STM32F0xx_HAL_Driver/Src/stm32f0xx_hal_flash_ex.c ****   WRP0_Data = (uint16_t)(WriteProtectPage & OB_WRP_PAGES0TO15MASK);
 657:Drivers/STM32F0xx_HAL_Driver/Src/stm32f0xx_hal_flash_ex.c **** #elif defined(OB_WRP_PAGES0TO31MASK)
 658:Drivers/STM32F0xx_HAL_Driver/Src/stm32f0xx_hal_flash_ex.c ****   WRP0_Data = (uint16_t)(WriteProtectPage & OB_WRP_PAGES0TO31MASK);
 659:Drivers/STM32F0xx_HAL_Driver/Src/stm32f0xx_hal_flash_ex.c **** #endif /* OB_WRP_PAGES0TO31MASK */
 660:Drivers/STM32F0xx_HAL_Driver/Src/stm32f0xx_hal_flash_ex.c ****   
 661:Drivers/STM32F0xx_HAL_Driver/Src/stm32f0xx_hal_flash_ex.c **** #if defined(OB_WRP_PAGES16TO31MASK)
 662:Drivers/STM32F0xx_HAL_Driver/Src/stm32f0xx_hal_flash_ex.c ****   WRP1_Data = (uint16_t)((WriteProtectPage & OB_WRP_PAGES16TO31MASK) >> 8U);
 663:Drivers/STM32F0xx_HAL_Driver/Src/stm32f0xx_hal_flash_ex.c **** #elif defined(OB_WRP_PAGES32TO63MASK)
 664:Drivers/STM32F0xx_HAL_Driver/Src/stm32f0xx_hal_flash_ex.c ****   WRP1_Data = (uint16_t)((WriteProtectPage & OB_WRP_PAGES32TO63MASK) >> 8U);
 665:Drivers/STM32F0xx_HAL_Driver/Src/stm32f0xx_hal_flash_ex.c **** #endif /* OB_WRP_PAGES32TO63MASK */
 666:Drivers/STM32F0xx_HAL_Driver/Src/stm32f0xx_hal_flash_ex.c ****  
 667:Drivers/STM32F0xx_HAL_Driver/Src/stm32f0xx_hal_flash_ex.c **** #if defined(OB_WRP_PAGES32TO47MASK)
 668:Drivers/STM32F0xx_HAL_Driver/Src/stm32f0xx_hal_flash_ex.c ****   WRP2_Data = (uint16_t)((WriteProtectPage & OB_WRP_PAGES32TO47MASK) >> 16U);
 669:Drivers/STM32F0xx_HAL_Driver/Src/stm32f0xx_hal_flash_ex.c **** #endif /* OB_WRP_PAGES32TO47MASK */
 670:Drivers/STM32F0xx_HAL_Driver/Src/stm32f0xx_hal_flash_ex.c **** 
 671:Drivers/STM32F0xx_HAL_Driver/Src/stm32f0xx_hal_flash_ex.c **** #if defined(OB_WRP_PAGES48TO63MASK)
 672:Drivers/STM32F0xx_HAL_Driver/Src/stm32f0xx_hal_flash_ex.c ****   WRP3_Data = (uint16_t)((WriteProtectPage & OB_WRP_PAGES48TO63MASK) >> 24U); 
 673:Drivers/STM32F0xx_HAL_Driver/Src/stm32f0xx_hal_flash_ex.c **** #elif defined(OB_WRP_PAGES48TO127MASK)
 674:Drivers/STM32F0xx_HAL_Driver/Src/stm32f0xx_hal_flash_ex.c ****   WRP3_Data = (uint16_t)((WriteProtectPage & OB_WRP_PAGES48TO127MASK) >> 24U); 
 675:Drivers/STM32F0xx_HAL_Driver/Src/stm32f0xx_hal_flash_ex.c **** #endif /* OB_WRP_PAGES48TO63MASK */
 676:Drivers/STM32F0xx_HAL_Driver/Src/stm32f0xx_hal_flash_ex.c **** 
 677:Drivers/STM32F0xx_HAL_Driver/Src/stm32f0xx_hal_flash_ex.c ****     
 678:Drivers/STM32F0xx_HAL_Driver/Src/stm32f0xx_hal_flash_ex.c ****   /* Wait for last operation to be completed */
 679:Drivers/STM32F0xx_HAL_Driver/Src/stm32f0xx_hal_flash_ex.c ****   status = FLASH_WaitForLastOperation((uint32_t)FLASH_TIMEOUT_VALUE);
ARM GAS  /tmp/cc84vCsN.s 			page 14


 680:Drivers/STM32F0xx_HAL_Driver/Src/stm32f0xx_hal_flash_ex.c **** 
 681:Drivers/STM32F0xx_HAL_Driver/Src/stm32f0xx_hal_flash_ex.c ****   if(status == HAL_OK)
 682:Drivers/STM32F0xx_HAL_Driver/Src/stm32f0xx_hal_flash_ex.c ****   { 
 683:Drivers/STM32F0xx_HAL_Driver/Src/stm32f0xx_hal_flash_ex.c ****     /* Clean the error context */
 684:Drivers/STM32F0xx_HAL_Driver/Src/stm32f0xx_hal_flash_ex.c ****     pFlash.ErrorCode = HAL_FLASH_ERROR_NONE;
 685:Drivers/STM32F0xx_HAL_Driver/Src/stm32f0xx_hal_flash_ex.c **** 
 686:Drivers/STM32F0xx_HAL_Driver/Src/stm32f0xx_hal_flash_ex.c ****     /* To be able to write again option byte, need to perform a option byte erase */
 687:Drivers/STM32F0xx_HAL_Driver/Src/stm32f0xx_hal_flash_ex.c ****     status = HAL_FLASHEx_OBErase();
 688:Drivers/STM32F0xx_HAL_Driver/Src/stm32f0xx_hal_flash_ex.c ****     if (status == HAL_OK)  
 689:Drivers/STM32F0xx_HAL_Driver/Src/stm32f0xx_hal_flash_ex.c ****     {
 690:Drivers/STM32F0xx_HAL_Driver/Src/stm32f0xx_hal_flash_ex.c ****       SET_BIT(FLASH->CR, FLASH_CR_OPTPG);
 691:Drivers/STM32F0xx_HAL_Driver/Src/stm32f0xx_hal_flash_ex.c **** 
 692:Drivers/STM32F0xx_HAL_Driver/Src/stm32f0xx_hal_flash_ex.c **** #if defined(OB_WRP0_WRP0)
 693:Drivers/STM32F0xx_HAL_Driver/Src/stm32f0xx_hal_flash_ex.c ****       if(WRP0_Data != 0xFFU)
 694:Drivers/STM32F0xx_HAL_Driver/Src/stm32f0xx_hal_flash_ex.c ****       {
 695:Drivers/STM32F0xx_HAL_Driver/Src/stm32f0xx_hal_flash_ex.c ****         OB->WRP0 &= WRP0_Data;
 696:Drivers/STM32F0xx_HAL_Driver/Src/stm32f0xx_hal_flash_ex.c ****         
 697:Drivers/STM32F0xx_HAL_Driver/Src/stm32f0xx_hal_flash_ex.c ****         /* Wait for last operation to be completed */
 698:Drivers/STM32F0xx_HAL_Driver/Src/stm32f0xx_hal_flash_ex.c ****         status = FLASH_WaitForLastOperation((uint32_t)FLASH_TIMEOUT_VALUE);
 699:Drivers/STM32F0xx_HAL_Driver/Src/stm32f0xx_hal_flash_ex.c ****       }
 700:Drivers/STM32F0xx_HAL_Driver/Src/stm32f0xx_hal_flash_ex.c **** #endif /* OB_WRP0_WRP0 */
 701:Drivers/STM32F0xx_HAL_Driver/Src/stm32f0xx_hal_flash_ex.c **** 
 702:Drivers/STM32F0xx_HAL_Driver/Src/stm32f0xx_hal_flash_ex.c **** #if defined(OB_WRP1_WRP1)
 703:Drivers/STM32F0xx_HAL_Driver/Src/stm32f0xx_hal_flash_ex.c ****       if((status == HAL_OK) && (WRP1_Data != 0xFFU))
 704:Drivers/STM32F0xx_HAL_Driver/Src/stm32f0xx_hal_flash_ex.c ****       {
 705:Drivers/STM32F0xx_HAL_Driver/Src/stm32f0xx_hal_flash_ex.c ****         OB->WRP1 &= WRP1_Data;
 706:Drivers/STM32F0xx_HAL_Driver/Src/stm32f0xx_hal_flash_ex.c ****         
 707:Drivers/STM32F0xx_HAL_Driver/Src/stm32f0xx_hal_flash_ex.c ****         /* Wait for last operation to be completed */
 708:Drivers/STM32F0xx_HAL_Driver/Src/stm32f0xx_hal_flash_ex.c ****         status = FLASH_WaitForLastOperation((uint32_t)FLASH_TIMEOUT_VALUE);
 709:Drivers/STM32F0xx_HAL_Driver/Src/stm32f0xx_hal_flash_ex.c ****       }
 710:Drivers/STM32F0xx_HAL_Driver/Src/stm32f0xx_hal_flash_ex.c **** #endif /* OB_WRP1_WRP1 */
 711:Drivers/STM32F0xx_HAL_Driver/Src/stm32f0xx_hal_flash_ex.c **** 
 712:Drivers/STM32F0xx_HAL_Driver/Src/stm32f0xx_hal_flash_ex.c **** #if defined(OB_WRP2_WRP2)
 713:Drivers/STM32F0xx_HAL_Driver/Src/stm32f0xx_hal_flash_ex.c ****       if((status == HAL_OK) && (WRP2_Data != 0xFFU))
 714:Drivers/STM32F0xx_HAL_Driver/Src/stm32f0xx_hal_flash_ex.c ****       {
 715:Drivers/STM32F0xx_HAL_Driver/Src/stm32f0xx_hal_flash_ex.c ****         OB->WRP2 &= WRP2_Data;
 716:Drivers/STM32F0xx_HAL_Driver/Src/stm32f0xx_hal_flash_ex.c ****         
 717:Drivers/STM32F0xx_HAL_Driver/Src/stm32f0xx_hal_flash_ex.c ****         /* Wait for last operation to be completed */
 718:Drivers/STM32F0xx_HAL_Driver/Src/stm32f0xx_hal_flash_ex.c ****         status = FLASH_WaitForLastOperation((uint32_t)FLASH_TIMEOUT_VALUE);
 719:Drivers/STM32F0xx_HAL_Driver/Src/stm32f0xx_hal_flash_ex.c ****       }
 720:Drivers/STM32F0xx_HAL_Driver/Src/stm32f0xx_hal_flash_ex.c **** #endif /* OB_WRP2_WRP2 */
 721:Drivers/STM32F0xx_HAL_Driver/Src/stm32f0xx_hal_flash_ex.c **** 
 722:Drivers/STM32F0xx_HAL_Driver/Src/stm32f0xx_hal_flash_ex.c **** #if defined(OB_WRP3_WRP3)
 723:Drivers/STM32F0xx_HAL_Driver/Src/stm32f0xx_hal_flash_ex.c ****       if((status == HAL_OK) && (WRP3_Data != 0xFFU))
 724:Drivers/STM32F0xx_HAL_Driver/Src/stm32f0xx_hal_flash_ex.c ****       {
 725:Drivers/STM32F0xx_HAL_Driver/Src/stm32f0xx_hal_flash_ex.c ****         OB->WRP3 &= WRP3_Data;
 726:Drivers/STM32F0xx_HAL_Driver/Src/stm32f0xx_hal_flash_ex.c ****         
 727:Drivers/STM32F0xx_HAL_Driver/Src/stm32f0xx_hal_flash_ex.c ****         /* Wait for last operation to be completed */
 728:Drivers/STM32F0xx_HAL_Driver/Src/stm32f0xx_hal_flash_ex.c ****         status = FLASH_WaitForLastOperation((uint32_t)FLASH_TIMEOUT_VALUE);
 729:Drivers/STM32F0xx_HAL_Driver/Src/stm32f0xx_hal_flash_ex.c ****       }
 730:Drivers/STM32F0xx_HAL_Driver/Src/stm32f0xx_hal_flash_ex.c **** #endif /* OB_WRP3_WRP3 */
 731:Drivers/STM32F0xx_HAL_Driver/Src/stm32f0xx_hal_flash_ex.c **** 
 732:Drivers/STM32F0xx_HAL_Driver/Src/stm32f0xx_hal_flash_ex.c ****       /* if the program operation is completed, disable the OPTPG Bit */
 733:Drivers/STM32F0xx_HAL_Driver/Src/stm32f0xx_hal_flash_ex.c ****       CLEAR_BIT(FLASH->CR, FLASH_CR_OPTPG);
 734:Drivers/STM32F0xx_HAL_Driver/Src/stm32f0xx_hal_flash_ex.c ****     }
 735:Drivers/STM32F0xx_HAL_Driver/Src/stm32f0xx_hal_flash_ex.c ****   }
 736:Drivers/STM32F0xx_HAL_Driver/Src/stm32f0xx_hal_flash_ex.c ****   return status;
ARM GAS  /tmp/cc84vCsN.s 			page 15


 737:Drivers/STM32F0xx_HAL_Driver/Src/stm32f0xx_hal_flash_ex.c **** }
 738:Drivers/STM32F0xx_HAL_Driver/Src/stm32f0xx_hal_flash_ex.c **** 
 739:Drivers/STM32F0xx_HAL_Driver/Src/stm32f0xx_hal_flash_ex.c **** /**
 740:Drivers/STM32F0xx_HAL_Driver/Src/stm32f0xx_hal_flash_ex.c ****   * @brief  Set the read protection level.
 741:Drivers/STM32F0xx_HAL_Driver/Src/stm32f0xx_hal_flash_ex.c ****   * @param  ReadProtectLevel specifies the read protection level.
 742:Drivers/STM32F0xx_HAL_Driver/Src/stm32f0xx_hal_flash_ex.c ****   *         This parameter can be one of the following values:
 743:Drivers/STM32F0xx_HAL_Driver/Src/stm32f0xx_hal_flash_ex.c ****   *            @arg @ref OB_RDP_LEVEL_0 No protection
 744:Drivers/STM32F0xx_HAL_Driver/Src/stm32f0xx_hal_flash_ex.c ****   *            @arg @ref OB_RDP_LEVEL_1 Read protection of the memory
 745:Drivers/STM32F0xx_HAL_Driver/Src/stm32f0xx_hal_flash_ex.c ****   *            @arg @ref OB_RDP_LEVEL_2 Full chip protection
 746:Drivers/STM32F0xx_HAL_Driver/Src/stm32f0xx_hal_flash_ex.c ****   * @note   Warning: When enabling OB_RDP level 2 it's no more possible to go back to level 1 or 0
 747:Drivers/STM32F0xx_HAL_Driver/Src/stm32f0xx_hal_flash_ex.c ****   * @retval HAL status
 748:Drivers/STM32F0xx_HAL_Driver/Src/stm32f0xx_hal_flash_ex.c ****   */
 749:Drivers/STM32F0xx_HAL_Driver/Src/stm32f0xx_hal_flash_ex.c **** static HAL_StatusTypeDef FLASH_OB_RDP_LevelConfig(uint8_t ReadProtectLevel)
 750:Drivers/STM32F0xx_HAL_Driver/Src/stm32f0xx_hal_flash_ex.c **** {
 751:Drivers/STM32F0xx_HAL_Driver/Src/stm32f0xx_hal_flash_ex.c ****   HAL_StatusTypeDef status = HAL_OK;
 752:Drivers/STM32F0xx_HAL_Driver/Src/stm32f0xx_hal_flash_ex.c ****   
 753:Drivers/STM32F0xx_HAL_Driver/Src/stm32f0xx_hal_flash_ex.c ****   /* Check the parameters */
 754:Drivers/STM32F0xx_HAL_Driver/Src/stm32f0xx_hal_flash_ex.c ****   assert_param(IS_OB_RDP_LEVEL(ReadProtectLevel));
 755:Drivers/STM32F0xx_HAL_Driver/Src/stm32f0xx_hal_flash_ex.c ****   
 756:Drivers/STM32F0xx_HAL_Driver/Src/stm32f0xx_hal_flash_ex.c ****   /* Wait for last operation to be completed */
 757:Drivers/STM32F0xx_HAL_Driver/Src/stm32f0xx_hal_flash_ex.c ****   status = FLASH_WaitForLastOperation((uint32_t)FLASH_TIMEOUT_VALUE);
 758:Drivers/STM32F0xx_HAL_Driver/Src/stm32f0xx_hal_flash_ex.c ****   
 759:Drivers/STM32F0xx_HAL_Driver/Src/stm32f0xx_hal_flash_ex.c ****   if(status == HAL_OK)
 760:Drivers/STM32F0xx_HAL_Driver/Src/stm32f0xx_hal_flash_ex.c ****   { 
 761:Drivers/STM32F0xx_HAL_Driver/Src/stm32f0xx_hal_flash_ex.c ****     /* Clean the error context */
 762:Drivers/STM32F0xx_HAL_Driver/Src/stm32f0xx_hal_flash_ex.c ****     pFlash.ErrorCode = HAL_FLASH_ERROR_NONE;
 763:Drivers/STM32F0xx_HAL_Driver/Src/stm32f0xx_hal_flash_ex.c ****     
 764:Drivers/STM32F0xx_HAL_Driver/Src/stm32f0xx_hal_flash_ex.c ****     /* If the previous operation is completed, proceed to erase the option bytes */
 765:Drivers/STM32F0xx_HAL_Driver/Src/stm32f0xx_hal_flash_ex.c ****     SET_BIT(FLASH->CR, FLASH_CR_OPTER);
 766:Drivers/STM32F0xx_HAL_Driver/Src/stm32f0xx_hal_flash_ex.c ****     SET_BIT(FLASH->CR, FLASH_CR_STRT);
 767:Drivers/STM32F0xx_HAL_Driver/Src/stm32f0xx_hal_flash_ex.c **** 
 768:Drivers/STM32F0xx_HAL_Driver/Src/stm32f0xx_hal_flash_ex.c ****     /* Wait for last operation to be completed */
 769:Drivers/STM32F0xx_HAL_Driver/Src/stm32f0xx_hal_flash_ex.c ****     status = FLASH_WaitForLastOperation((uint32_t)FLASH_TIMEOUT_VALUE);
 770:Drivers/STM32F0xx_HAL_Driver/Src/stm32f0xx_hal_flash_ex.c **** 
 771:Drivers/STM32F0xx_HAL_Driver/Src/stm32f0xx_hal_flash_ex.c ****     /* If the erase operation is completed, disable the OPTER Bit */
 772:Drivers/STM32F0xx_HAL_Driver/Src/stm32f0xx_hal_flash_ex.c ****     CLEAR_BIT(FLASH->CR, FLASH_CR_OPTER);
 773:Drivers/STM32F0xx_HAL_Driver/Src/stm32f0xx_hal_flash_ex.c **** 
 774:Drivers/STM32F0xx_HAL_Driver/Src/stm32f0xx_hal_flash_ex.c ****     if(status == HAL_OK)
 775:Drivers/STM32F0xx_HAL_Driver/Src/stm32f0xx_hal_flash_ex.c ****     {
 776:Drivers/STM32F0xx_HAL_Driver/Src/stm32f0xx_hal_flash_ex.c ****       /* Enable the Option Bytes Programming operation */
 777:Drivers/STM32F0xx_HAL_Driver/Src/stm32f0xx_hal_flash_ex.c ****       SET_BIT(FLASH->CR, FLASH_CR_OPTPG);
 778:Drivers/STM32F0xx_HAL_Driver/Src/stm32f0xx_hal_flash_ex.c ****       
 779:Drivers/STM32F0xx_HAL_Driver/Src/stm32f0xx_hal_flash_ex.c ****       WRITE_REG(OB->RDP, ReadProtectLevel);
 780:Drivers/STM32F0xx_HAL_Driver/Src/stm32f0xx_hal_flash_ex.c ****       
 781:Drivers/STM32F0xx_HAL_Driver/Src/stm32f0xx_hal_flash_ex.c ****       /* Wait for last operation to be completed */
 782:Drivers/STM32F0xx_HAL_Driver/Src/stm32f0xx_hal_flash_ex.c ****       status = FLASH_WaitForLastOperation((uint32_t)FLASH_TIMEOUT_VALUE); 
 783:Drivers/STM32F0xx_HAL_Driver/Src/stm32f0xx_hal_flash_ex.c ****       
 784:Drivers/STM32F0xx_HAL_Driver/Src/stm32f0xx_hal_flash_ex.c ****       /* if the program operation is completed, disable the OPTPG Bit */
 785:Drivers/STM32F0xx_HAL_Driver/Src/stm32f0xx_hal_flash_ex.c ****       CLEAR_BIT(FLASH->CR, FLASH_CR_OPTPG);
 786:Drivers/STM32F0xx_HAL_Driver/Src/stm32f0xx_hal_flash_ex.c ****     }
 787:Drivers/STM32F0xx_HAL_Driver/Src/stm32f0xx_hal_flash_ex.c ****   }
 788:Drivers/STM32F0xx_HAL_Driver/Src/stm32f0xx_hal_flash_ex.c ****   
 789:Drivers/STM32F0xx_HAL_Driver/Src/stm32f0xx_hal_flash_ex.c ****   return status;
 790:Drivers/STM32F0xx_HAL_Driver/Src/stm32f0xx_hal_flash_ex.c **** }
 791:Drivers/STM32F0xx_HAL_Driver/Src/stm32f0xx_hal_flash_ex.c **** 
 792:Drivers/STM32F0xx_HAL_Driver/Src/stm32f0xx_hal_flash_ex.c **** /**
 793:Drivers/STM32F0xx_HAL_Driver/Src/stm32f0xx_hal_flash_ex.c ****   * @brief  Program the FLASH User Option Byte.    
ARM GAS  /tmp/cc84vCsN.s 			page 16


 794:Drivers/STM32F0xx_HAL_Driver/Src/stm32f0xx_hal_flash_ex.c ****   * @note   Programming of the OB should be performed only after an erase (otherwise PGERR occurs)
 795:Drivers/STM32F0xx_HAL_Driver/Src/stm32f0xx_hal_flash_ex.c ****   * @param  UserConfig The FLASH User Option Bytes values: IWDG_SW(Bit0), RST_STOP(Bit1), RST_STDBY
 796:Drivers/STM32F0xx_HAL_Driver/Src/stm32f0xx_hal_flash_ex.c ****   *         VDDA_Analog_Monitoring(Bit5) and SRAM_Parity_Enable(Bit6). 
 797:Drivers/STM32F0xx_HAL_Driver/Src/stm32f0xx_hal_flash_ex.c ****   *         For few devices, following option bytes are available: nBOOT0(Bit3) & BOOT_SEL(Bit7).
 798:Drivers/STM32F0xx_HAL_Driver/Src/stm32f0xx_hal_flash_ex.c ****   * @retval HAL status
 799:Drivers/STM32F0xx_HAL_Driver/Src/stm32f0xx_hal_flash_ex.c ****   */
 800:Drivers/STM32F0xx_HAL_Driver/Src/stm32f0xx_hal_flash_ex.c **** static HAL_StatusTypeDef FLASH_OB_UserConfig(uint8_t UserConfig)
 801:Drivers/STM32F0xx_HAL_Driver/Src/stm32f0xx_hal_flash_ex.c **** {
 802:Drivers/STM32F0xx_HAL_Driver/Src/stm32f0xx_hal_flash_ex.c ****   HAL_StatusTypeDef status = HAL_OK;
 803:Drivers/STM32F0xx_HAL_Driver/Src/stm32f0xx_hal_flash_ex.c **** 
 804:Drivers/STM32F0xx_HAL_Driver/Src/stm32f0xx_hal_flash_ex.c ****   /* Check the parameters */
 805:Drivers/STM32F0xx_HAL_Driver/Src/stm32f0xx_hal_flash_ex.c ****   assert_param(IS_OB_IWDG_SOURCE((UserConfig&OB_IWDG_SW)));
 806:Drivers/STM32F0xx_HAL_Driver/Src/stm32f0xx_hal_flash_ex.c ****   assert_param(IS_OB_STOP_SOURCE((UserConfig&OB_STOP_NO_RST)));
 807:Drivers/STM32F0xx_HAL_Driver/Src/stm32f0xx_hal_flash_ex.c ****   assert_param(IS_OB_STDBY_SOURCE((UserConfig&OB_STDBY_NO_RST)));
 808:Drivers/STM32F0xx_HAL_Driver/Src/stm32f0xx_hal_flash_ex.c ****   assert_param(IS_OB_BOOT1((UserConfig&OB_BOOT1_SET)));
 809:Drivers/STM32F0xx_HAL_Driver/Src/stm32f0xx_hal_flash_ex.c ****   assert_param(IS_OB_VDDA_ANALOG((UserConfig&OB_VDDA_ANALOG_ON)));
 810:Drivers/STM32F0xx_HAL_Driver/Src/stm32f0xx_hal_flash_ex.c ****   assert_param(IS_OB_SRAM_PARITY((UserConfig&OB_SRAM_PARITY_RESET)));
 811:Drivers/STM32F0xx_HAL_Driver/Src/stm32f0xx_hal_flash_ex.c **** #if defined(FLASH_OBR_BOOT_SEL)
 812:Drivers/STM32F0xx_HAL_Driver/Src/stm32f0xx_hal_flash_ex.c ****   assert_param(IS_OB_BOOT_SEL((UserConfig&OB_BOOT_SEL_SET)));
 813:Drivers/STM32F0xx_HAL_Driver/Src/stm32f0xx_hal_flash_ex.c ****   assert_param(IS_OB_BOOT0((UserConfig&OB_BOOT0_SET)));
 814:Drivers/STM32F0xx_HAL_Driver/Src/stm32f0xx_hal_flash_ex.c **** #endif /* FLASH_OBR_BOOT_SEL */
 815:Drivers/STM32F0xx_HAL_Driver/Src/stm32f0xx_hal_flash_ex.c **** 
 816:Drivers/STM32F0xx_HAL_Driver/Src/stm32f0xx_hal_flash_ex.c ****   /* Wait for last operation to be completed */
 817:Drivers/STM32F0xx_HAL_Driver/Src/stm32f0xx_hal_flash_ex.c ****   status = FLASH_WaitForLastOperation((uint32_t)FLASH_TIMEOUT_VALUE);
 818:Drivers/STM32F0xx_HAL_Driver/Src/stm32f0xx_hal_flash_ex.c ****   
 819:Drivers/STM32F0xx_HAL_Driver/Src/stm32f0xx_hal_flash_ex.c ****   if(status == HAL_OK)
 820:Drivers/STM32F0xx_HAL_Driver/Src/stm32f0xx_hal_flash_ex.c ****   {     
 821:Drivers/STM32F0xx_HAL_Driver/Src/stm32f0xx_hal_flash_ex.c ****     /* Clean the error context */
 822:Drivers/STM32F0xx_HAL_Driver/Src/stm32f0xx_hal_flash_ex.c ****     pFlash.ErrorCode = HAL_FLASH_ERROR_NONE;
 823:Drivers/STM32F0xx_HAL_Driver/Src/stm32f0xx_hal_flash_ex.c **** 
 824:Drivers/STM32F0xx_HAL_Driver/Src/stm32f0xx_hal_flash_ex.c ****     /* Enable the Option Bytes Programming operation */
 825:Drivers/STM32F0xx_HAL_Driver/Src/stm32f0xx_hal_flash_ex.c ****     SET_BIT(FLASH->CR, FLASH_CR_OPTPG); 
 826:Drivers/STM32F0xx_HAL_Driver/Src/stm32f0xx_hal_flash_ex.c ****  
 827:Drivers/STM32F0xx_HAL_Driver/Src/stm32f0xx_hal_flash_ex.c **** #if defined(FLASH_OBR_BOOT_SEL)
 828:Drivers/STM32F0xx_HAL_Driver/Src/stm32f0xx_hal_flash_ex.c ****     OB->USER = UserConfig;
 829:Drivers/STM32F0xx_HAL_Driver/Src/stm32f0xx_hal_flash_ex.c **** #else
 830:Drivers/STM32F0xx_HAL_Driver/Src/stm32f0xx_hal_flash_ex.c ****     OB->USER = (UserConfig | 0x88U);
 831:Drivers/STM32F0xx_HAL_Driver/Src/stm32f0xx_hal_flash_ex.c **** #endif
 832:Drivers/STM32F0xx_HAL_Driver/Src/stm32f0xx_hal_flash_ex.c **** 
 833:Drivers/STM32F0xx_HAL_Driver/Src/stm32f0xx_hal_flash_ex.c ****     /* Wait for last operation to be completed */
 834:Drivers/STM32F0xx_HAL_Driver/Src/stm32f0xx_hal_flash_ex.c ****     status = FLASH_WaitForLastOperation((uint32_t)FLASH_TIMEOUT_VALUE);
 835:Drivers/STM32F0xx_HAL_Driver/Src/stm32f0xx_hal_flash_ex.c **** 
 836:Drivers/STM32F0xx_HAL_Driver/Src/stm32f0xx_hal_flash_ex.c ****     /* if the program operation is completed, disable the OPTPG Bit */
 837:Drivers/STM32F0xx_HAL_Driver/Src/stm32f0xx_hal_flash_ex.c ****     CLEAR_BIT(FLASH->CR, FLASH_CR_OPTPG);
 838:Drivers/STM32F0xx_HAL_Driver/Src/stm32f0xx_hal_flash_ex.c ****   }
 839:Drivers/STM32F0xx_HAL_Driver/Src/stm32f0xx_hal_flash_ex.c ****   
 840:Drivers/STM32F0xx_HAL_Driver/Src/stm32f0xx_hal_flash_ex.c ****   return status; 
 841:Drivers/STM32F0xx_HAL_Driver/Src/stm32f0xx_hal_flash_ex.c **** }
 842:Drivers/STM32F0xx_HAL_Driver/Src/stm32f0xx_hal_flash_ex.c **** 
 843:Drivers/STM32F0xx_HAL_Driver/Src/stm32f0xx_hal_flash_ex.c **** /**
 844:Drivers/STM32F0xx_HAL_Driver/Src/stm32f0xx_hal_flash_ex.c ****   * @brief  Programs a half word at a specified Option Byte Data address.
 845:Drivers/STM32F0xx_HAL_Driver/Src/stm32f0xx_hal_flash_ex.c ****   * @note   The function @ref HAL_FLASH_Unlock() should be called before to unlock the FLASH interf
 846:Drivers/STM32F0xx_HAL_Driver/Src/stm32f0xx_hal_flash_ex.c ****   *         The function @ref HAL_FLASH_OB_Unlock() should be called before to unlock the options b
 847:Drivers/STM32F0xx_HAL_Driver/Src/stm32f0xx_hal_flash_ex.c ****   *         The function @ref HAL_FLASH_OB_Launch() should be called after to force the reload of t
 848:Drivers/STM32F0xx_HAL_Driver/Src/stm32f0xx_hal_flash_ex.c ****   *         (system reset will occur)
 849:Drivers/STM32F0xx_HAL_Driver/Src/stm32f0xx_hal_flash_ex.c ****   *         Programming of the OB should be performed only after an erase (otherwise PGERR occurs)
 850:Drivers/STM32F0xx_HAL_Driver/Src/stm32f0xx_hal_flash_ex.c ****   * @param  Address specifies the address to be programmed.
ARM GAS  /tmp/cc84vCsN.s 			page 17


 851:Drivers/STM32F0xx_HAL_Driver/Src/stm32f0xx_hal_flash_ex.c ****   *         This parameter can be 0x1FFFF804 or 0x1FFFF806. 
 852:Drivers/STM32F0xx_HAL_Driver/Src/stm32f0xx_hal_flash_ex.c ****   * @param  Data specifies the data to be programmed.
 853:Drivers/STM32F0xx_HAL_Driver/Src/stm32f0xx_hal_flash_ex.c ****   * @retval HAL status
 854:Drivers/STM32F0xx_HAL_Driver/Src/stm32f0xx_hal_flash_ex.c ****   */
 855:Drivers/STM32F0xx_HAL_Driver/Src/stm32f0xx_hal_flash_ex.c **** static HAL_StatusTypeDef FLASH_OB_ProgramData(uint32_t Address, uint8_t Data)
 856:Drivers/STM32F0xx_HAL_Driver/Src/stm32f0xx_hal_flash_ex.c **** {
 857:Drivers/STM32F0xx_HAL_Driver/Src/stm32f0xx_hal_flash_ex.c ****   HAL_StatusTypeDef status = HAL_ERROR;
 858:Drivers/STM32F0xx_HAL_Driver/Src/stm32f0xx_hal_flash_ex.c ****   
 859:Drivers/STM32F0xx_HAL_Driver/Src/stm32f0xx_hal_flash_ex.c ****   /* Check the parameters */
 860:Drivers/STM32F0xx_HAL_Driver/Src/stm32f0xx_hal_flash_ex.c ****   assert_param(IS_OB_DATA_ADDRESS(Address));
 861:Drivers/STM32F0xx_HAL_Driver/Src/stm32f0xx_hal_flash_ex.c ****   
 862:Drivers/STM32F0xx_HAL_Driver/Src/stm32f0xx_hal_flash_ex.c ****   /* Wait for last operation to be completed */
 863:Drivers/STM32F0xx_HAL_Driver/Src/stm32f0xx_hal_flash_ex.c ****   status = FLASH_WaitForLastOperation((uint32_t)FLASH_TIMEOUT_VALUE);
 864:Drivers/STM32F0xx_HAL_Driver/Src/stm32f0xx_hal_flash_ex.c ****   
 865:Drivers/STM32F0xx_HAL_Driver/Src/stm32f0xx_hal_flash_ex.c ****   if(status == HAL_OK)
 866:Drivers/STM32F0xx_HAL_Driver/Src/stm32f0xx_hal_flash_ex.c ****   {
 867:Drivers/STM32F0xx_HAL_Driver/Src/stm32f0xx_hal_flash_ex.c ****     /* Clean the error context */
 868:Drivers/STM32F0xx_HAL_Driver/Src/stm32f0xx_hal_flash_ex.c ****     pFlash.ErrorCode = HAL_FLASH_ERROR_NONE;
 869:Drivers/STM32F0xx_HAL_Driver/Src/stm32f0xx_hal_flash_ex.c **** 
 870:Drivers/STM32F0xx_HAL_Driver/Src/stm32f0xx_hal_flash_ex.c ****     /* Enables the Option Bytes Programming operation */
 871:Drivers/STM32F0xx_HAL_Driver/Src/stm32f0xx_hal_flash_ex.c ****     SET_BIT(FLASH->CR, FLASH_CR_OPTPG); 
 872:Drivers/STM32F0xx_HAL_Driver/Src/stm32f0xx_hal_flash_ex.c ****     *(__IO uint16_t*)Address = Data;
 873:Drivers/STM32F0xx_HAL_Driver/Src/stm32f0xx_hal_flash_ex.c ****     
 874:Drivers/STM32F0xx_HAL_Driver/Src/stm32f0xx_hal_flash_ex.c ****     /* Wait for last operation to be completed */
 875:Drivers/STM32F0xx_HAL_Driver/Src/stm32f0xx_hal_flash_ex.c ****     status = FLASH_WaitForLastOperation((uint32_t)FLASH_TIMEOUT_VALUE);
 876:Drivers/STM32F0xx_HAL_Driver/Src/stm32f0xx_hal_flash_ex.c ****     
 877:Drivers/STM32F0xx_HAL_Driver/Src/stm32f0xx_hal_flash_ex.c ****     /* If the program operation is completed, disable the OPTPG Bit */
 878:Drivers/STM32F0xx_HAL_Driver/Src/stm32f0xx_hal_flash_ex.c ****     CLEAR_BIT(FLASH->CR, FLASH_CR_OPTPG);
 879:Drivers/STM32F0xx_HAL_Driver/Src/stm32f0xx_hal_flash_ex.c ****   }
 880:Drivers/STM32F0xx_HAL_Driver/Src/stm32f0xx_hal_flash_ex.c ****   /* Return the Option Byte Data Program Status */
 881:Drivers/STM32F0xx_HAL_Driver/Src/stm32f0xx_hal_flash_ex.c ****   return status;
 882:Drivers/STM32F0xx_HAL_Driver/Src/stm32f0xx_hal_flash_ex.c **** }
 883:Drivers/STM32F0xx_HAL_Driver/Src/stm32f0xx_hal_flash_ex.c **** 
 884:Drivers/STM32F0xx_HAL_Driver/Src/stm32f0xx_hal_flash_ex.c **** /**
 885:Drivers/STM32F0xx_HAL_Driver/Src/stm32f0xx_hal_flash_ex.c ****   * @brief  Return the FLASH Write Protection Option Bytes value.
 886:Drivers/STM32F0xx_HAL_Driver/Src/stm32f0xx_hal_flash_ex.c ****   * @retval The FLASH Write Protection Option Bytes value
 887:Drivers/STM32F0xx_HAL_Driver/Src/stm32f0xx_hal_flash_ex.c ****   */
 888:Drivers/STM32F0xx_HAL_Driver/Src/stm32f0xx_hal_flash_ex.c **** static uint32_t FLASH_OB_GetWRP(void)
 889:Drivers/STM32F0xx_HAL_Driver/Src/stm32f0xx_hal_flash_ex.c **** {
  66              		.loc 1 889 1 is_stmt 1 view -0
  67              		.cfi_startproc
  68              		@ args = 0, pretend = 0, frame = 0
  69              		@ frame_needed = 0, uses_anonymous_args = 0
  70              		@ link register save eliminated.
 890:Drivers/STM32F0xx_HAL_Driver/Src/stm32f0xx_hal_flash_ex.c ****   /* Return the FLASH write protection Register value */
 891:Drivers/STM32F0xx_HAL_Driver/Src/stm32f0xx_hal_flash_ex.c ****   return (uint32_t)(READ_REG(FLASH->WRPR));
  71              		.loc 1 891 3 view .LVU7
  72              		.loc 1 891 10 is_stmt 0 view .LVU8
  73 0000 014B     		ldr	r3, .L5
  74 0002 186A     		ldr	r0, [r3, #32]
 892:Drivers/STM32F0xx_HAL_Driver/Src/stm32f0xx_hal_flash_ex.c **** }
  75              		.loc 1 892 1 view .LVU9
  76              		@ sp needed
  77 0004 7047     		bx	lr
  78              	.L6:
  79 0006 C046     		.align	2
  80              	.L5:
ARM GAS  /tmp/cc84vCsN.s 			page 18


  81 0008 00200240 		.word	1073881088
  82              		.cfi_endproc
  83              	.LFE52:
  85              		.section	.text.FLASH_OB_GetRDP,"ax",%progbits
  86              		.align	1
  87              		.syntax unified
  88              		.code	16
  89              		.thumb_func
  91              	FLASH_OB_GetRDP:
  92              	.LFB53:
 893:Drivers/STM32F0xx_HAL_Driver/Src/stm32f0xx_hal_flash_ex.c **** 
 894:Drivers/STM32F0xx_HAL_Driver/Src/stm32f0xx_hal_flash_ex.c **** /**
 895:Drivers/STM32F0xx_HAL_Driver/Src/stm32f0xx_hal_flash_ex.c ****   * @brief  Returns the FLASH Read Protection level.
 896:Drivers/STM32F0xx_HAL_Driver/Src/stm32f0xx_hal_flash_ex.c ****   * @retval FLASH RDP level
 897:Drivers/STM32F0xx_HAL_Driver/Src/stm32f0xx_hal_flash_ex.c ****   *         This parameter can be one of the following values:
 898:Drivers/STM32F0xx_HAL_Driver/Src/stm32f0xx_hal_flash_ex.c ****   *            @arg @ref OB_RDP_LEVEL_0 No protection
 899:Drivers/STM32F0xx_HAL_Driver/Src/stm32f0xx_hal_flash_ex.c ****   *            @arg @ref OB_RDP_LEVEL_1 Read protection of the memory
 900:Drivers/STM32F0xx_HAL_Driver/Src/stm32f0xx_hal_flash_ex.c ****   *            @arg @ref OB_RDP_LEVEL_2 Full chip protection
 901:Drivers/STM32F0xx_HAL_Driver/Src/stm32f0xx_hal_flash_ex.c ****   */
 902:Drivers/STM32F0xx_HAL_Driver/Src/stm32f0xx_hal_flash_ex.c **** static uint32_t FLASH_OB_GetRDP(void)
 903:Drivers/STM32F0xx_HAL_Driver/Src/stm32f0xx_hal_flash_ex.c **** {
  93              		.loc 1 903 1 is_stmt 1 view -0
  94              		.cfi_startproc
  95              		@ args = 0, pretend = 0, frame = 0
  96              		@ frame_needed = 0, uses_anonymous_args = 0
  97              		@ link register save eliminated.
 904:Drivers/STM32F0xx_HAL_Driver/Src/stm32f0xx_hal_flash_ex.c ****   uint32_t tmp_reg;
  98              		.loc 1 904 3 view .LVU11
 905:Drivers/STM32F0xx_HAL_Driver/Src/stm32f0xx_hal_flash_ex.c ****   
 906:Drivers/STM32F0xx_HAL_Driver/Src/stm32f0xx_hal_flash_ex.c ****   /* Read RDP level bits */
 907:Drivers/STM32F0xx_HAL_Driver/Src/stm32f0xx_hal_flash_ex.c ****   tmp_reg = READ_BIT(FLASH->OBR, (FLASH_OBR_RDPRT1 | FLASH_OBR_RDPRT2));
  99              		.loc 1 907 3 view .LVU12
 100              		.loc 1 907 13 is_stmt 0 view .LVU13
 101 0000 064B     		ldr	r3, .L11
 102 0002 DB69     		ldr	r3, [r3, #28]
 103              		.loc 1 907 11 view .LVU14
 104 0004 0622     		movs	r2, #6
 105              	.LVL0:
 908:Drivers/STM32F0xx_HAL_Driver/Src/stm32f0xx_hal_flash_ex.c **** 
 909:Drivers/STM32F0xx_HAL_Driver/Src/stm32f0xx_hal_flash_ex.c ****   if (tmp_reg == 0U)
 106              		.loc 1 909 3 is_stmt 1 view .LVU15
 107              		.loc 1 909 6 is_stmt 0 view .LVU16
 108 0006 1A42     		tst	r2, r3
 109 0008 03D0     		beq	.L9
 910:Drivers/STM32F0xx_HAL_Driver/Src/stm32f0xx_hal_flash_ex.c ****   {
 911:Drivers/STM32F0xx_HAL_Driver/Src/stm32f0xx_hal_flash_ex.c ****     return OB_RDP_LEVEL_0;
 912:Drivers/STM32F0xx_HAL_Driver/Src/stm32f0xx_hal_flash_ex.c ****   }
 913:Drivers/STM32F0xx_HAL_Driver/Src/stm32f0xx_hal_flash_ex.c ****   else if ((tmp_reg & FLASH_OBR_RDPRT2) == FLASH_OBR_RDPRT2)
 110              		.loc 1 913 8 is_stmt 1 view .LVU17
 111              		.loc 1 913 11 is_stmt 0 view .LVU18
 112 000a 5B07     		lsls	r3, r3, #29
 113 000c 03D5     		bpl	.L10
 114              	.LVL1:
 914:Drivers/STM32F0xx_HAL_Driver/Src/stm32f0xx_hal_flash_ex.c ****   {
 915:Drivers/STM32F0xx_HAL_Driver/Src/stm32f0xx_hal_flash_ex.c ****     return OB_RDP_LEVEL_2;
 115              		.loc 1 915 12 view .LVU19
 116 000e CC20     		movs	r0, #204
ARM GAS  /tmp/cc84vCsN.s 			page 19


 117 0010 00E0     		b	.L7
 118              	.LVL2:
 119              	.L9:
 911:Drivers/STM32F0xx_HAL_Driver/Src/stm32f0xx_hal_flash_ex.c ****   }
 120              		.loc 1 911 12 view .LVU20
 121 0012 AA20     		movs	r0, #170
 122              	.LVL3:
 123              	.L7:
 916:Drivers/STM32F0xx_HAL_Driver/Src/stm32f0xx_hal_flash_ex.c ****   }
 917:Drivers/STM32F0xx_HAL_Driver/Src/stm32f0xx_hal_flash_ex.c ****   else 
 918:Drivers/STM32F0xx_HAL_Driver/Src/stm32f0xx_hal_flash_ex.c ****   {
 919:Drivers/STM32F0xx_HAL_Driver/Src/stm32f0xx_hal_flash_ex.c ****     return OB_RDP_LEVEL_1;
 920:Drivers/STM32F0xx_HAL_Driver/Src/stm32f0xx_hal_flash_ex.c ****   }
 921:Drivers/STM32F0xx_HAL_Driver/Src/stm32f0xx_hal_flash_ex.c **** }
 124              		.loc 1 921 1 view .LVU21
 125              		@ sp needed
 126 0014 7047     		bx	lr
 127              	.L10:
 919:Drivers/STM32F0xx_HAL_Driver/Src/stm32f0xx_hal_flash_ex.c ****   }
 128              		.loc 1 919 12 view .LVU22
 129 0016 BB20     		movs	r0, #187
 130 0018 FCE7     		b	.L7
 131              	.L12:
 132 001a C046     		.align	2
 133              	.L11:
 134 001c 00200240 		.word	1073881088
 135              		.cfi_endproc
 136              	.LFE53:
 138              		.section	.text.FLASH_OB_GetUser,"ax",%progbits
 139              		.align	1
 140              		.syntax unified
 141              		.code	16
 142              		.thumb_func
 144              	FLASH_OB_GetUser:
 145              	.LFB54:
 922:Drivers/STM32F0xx_HAL_Driver/Src/stm32f0xx_hal_flash_ex.c **** 
 923:Drivers/STM32F0xx_HAL_Driver/Src/stm32f0xx_hal_flash_ex.c **** /**
 924:Drivers/STM32F0xx_HAL_Driver/Src/stm32f0xx_hal_flash_ex.c ****   * @brief  Return the FLASH User Option Byte value.
 925:Drivers/STM32F0xx_HAL_Driver/Src/stm32f0xx_hal_flash_ex.c ****   * @retval  The FLASH User Option Bytes values: IWDG_SW(Bit0), RST_STOP(Bit1), RST_STDBY(Bit2), nB
 926:Drivers/STM32F0xx_HAL_Driver/Src/stm32f0xx_hal_flash_ex.c ****   *         VDDA_Analog_Monitoring(Bit5) and SRAM_Parity_Enable(Bit6). 
 927:Drivers/STM32F0xx_HAL_Driver/Src/stm32f0xx_hal_flash_ex.c ****   *         For few devices, following option bytes are available: nBOOT0(Bit3) & BOOT_SEL(Bit7).
 928:Drivers/STM32F0xx_HAL_Driver/Src/stm32f0xx_hal_flash_ex.c ****   */
 929:Drivers/STM32F0xx_HAL_Driver/Src/stm32f0xx_hal_flash_ex.c **** static uint8_t FLASH_OB_GetUser(void)
 930:Drivers/STM32F0xx_HAL_Driver/Src/stm32f0xx_hal_flash_ex.c **** {
 146              		.loc 1 930 1 is_stmt 1 view -0
 147              		.cfi_startproc
 148              		@ args = 0, pretend = 0, frame = 0
 149              		@ frame_needed = 0, uses_anonymous_args = 0
 150              		@ link register save eliminated.
 931:Drivers/STM32F0xx_HAL_Driver/Src/stm32f0xx_hal_flash_ex.c ****   /* Return the User Option Byte */
 932:Drivers/STM32F0xx_HAL_Driver/Src/stm32f0xx_hal_flash_ex.c ****   return (uint8_t)((READ_REG(FLASH->OBR) & FLASH_OBR_USER) >> FLASH_POSITION_IWDGSW_BIT);
 151              		.loc 1 932 3 view .LVU24
 152              		.loc 1 932 21 is_stmt 0 view .LVU25
 153 0000 024B     		ldr	r3, .L14
 154 0002 D869     		ldr	r0, [r3, #28]
 155              		.loc 1 932 60 view .LVU26
 156 0004 000A     		lsrs	r0, r0, #8
ARM GAS  /tmp/cc84vCsN.s 			page 20


 157              		.loc 1 932 10 discriminator 1 view .LVU27
 158 0006 C0B2     		uxtb	r0, r0
 933:Drivers/STM32F0xx_HAL_Driver/Src/stm32f0xx_hal_flash_ex.c **** }
 159              		.loc 1 933 1 view .LVU28
 160              		@ sp needed
 161 0008 7047     		bx	lr
 162              	.L15:
 163 000a C046     		.align	2
 164              	.L14:
 165 000c 00200240 		.word	1073881088
 166              		.cfi_endproc
 167              	.LFE54:
 169              		.section	.text.FLASH_OB_RDP_LevelConfig,"ax",%progbits
 170              		.align	1
 171              		.syntax unified
 172              		.code	16
 173              		.thumb_func
 175              	FLASH_OB_RDP_LevelConfig:
 176              	.LVL4:
 177              	.LFB49:
 750:Drivers/STM32F0xx_HAL_Driver/Src/stm32f0xx_hal_flash_ex.c ****   HAL_StatusTypeDef status = HAL_OK;
 178              		.loc 1 750 1 is_stmt 1 view -0
 179              		.cfi_startproc
 180              		@ args = 0, pretend = 0, frame = 0
 181              		@ frame_needed = 0, uses_anonymous_args = 0
 750:Drivers/STM32F0xx_HAL_Driver/Src/stm32f0xx_hal_flash_ex.c ****   HAL_StatusTypeDef status = HAL_OK;
 182              		.loc 1 750 1 is_stmt 0 view .LVU30
 183 0000 70B5     		push	{r4, r5, r6, lr}
 184              	.LCFI0:
 185              		.cfi_def_cfa_offset 16
 186              		.cfi_offset 4, -16
 187              		.cfi_offset 5, -12
 188              		.cfi_offset 6, -8
 189              		.cfi_offset 14, -4
 190 0002 0400     		movs	r4, r0
 751:Drivers/STM32F0xx_HAL_Driver/Src/stm32f0xx_hal_flash_ex.c ****   
 191              		.loc 1 751 3 is_stmt 1 view .LVU31
 192              	.LVL5:
 754:Drivers/STM32F0xx_HAL_Driver/Src/stm32f0xx_hal_flash_ex.c ****   
 193              		.loc 1 754 3 view .LVU32
 757:Drivers/STM32F0xx_HAL_Driver/Src/stm32f0xx_hal_flash_ex.c ****   
 194              		.loc 1 757 3 view .LVU33
 757:Drivers/STM32F0xx_HAL_Driver/Src/stm32f0xx_hal_flash_ex.c ****   
 195              		.loc 1 757 12 is_stmt 0 view .LVU34
 196 0004 1348     		ldr	r0, .L19
 197              	.LVL6:
 757:Drivers/STM32F0xx_HAL_Driver/Src/stm32f0xx_hal_flash_ex.c ****   
 198              		.loc 1 757 12 view .LVU35
 199 0006 FFF7FEFF 		bl	FLASH_WaitForLastOperation
 200              	.LVL7:
 759:Drivers/STM32F0xx_HAL_Driver/Src/stm32f0xx_hal_flash_ex.c ****   { 
 201              		.loc 1 759 3 is_stmt 1 view .LVU36
 759:Drivers/STM32F0xx_HAL_Driver/Src/stm32f0xx_hal_flash_ex.c ****   { 
 202              		.loc 1 759 5 is_stmt 0 view .LVU37
 203 000a 0028     		cmp	r0, #0
 204 000c 00D0     		beq	.L18
 205              	.LVL8:
ARM GAS  /tmp/cc84vCsN.s 			page 21


 206              	.L17:
 789:Drivers/STM32F0xx_HAL_Driver/Src/stm32f0xx_hal_flash_ex.c **** }
 207              		.loc 1 789 3 is_stmt 1 view .LVU38
 790:Drivers/STM32F0xx_HAL_Driver/Src/stm32f0xx_hal_flash_ex.c **** 
 208              		.loc 1 790 1 is_stmt 0 view .LVU39
 209              		@ sp needed
 210              	.LVL9:
 790:Drivers/STM32F0xx_HAL_Driver/Src/stm32f0xx_hal_flash_ex.c **** 
 211              		.loc 1 790 1 view .LVU40
 212 000e 70BD     		pop	{r4, r5, r6, pc}
 213              	.L18:
 762:Drivers/STM32F0xx_HAL_Driver/Src/stm32f0xx_hal_flash_ex.c ****     
 214              		.loc 1 762 5 is_stmt 1 view .LVU41
 762:Drivers/STM32F0xx_HAL_Driver/Src/stm32f0xx_hal_flash_ex.c ****     
 215              		.loc 1 762 22 is_stmt 0 view .LVU42
 216 0010 114B     		ldr	r3, .L19+4
 217 0012 0022     		movs	r2, #0
 218 0014 DA61     		str	r2, [r3, #28]
 765:Drivers/STM32F0xx_HAL_Driver/Src/stm32f0xx_hal_flash_ex.c ****     SET_BIT(FLASH->CR, FLASH_CR_STRT);
 219              		.loc 1 765 5 is_stmt 1 view .LVU43
 220 0016 114D     		ldr	r5, .L19+8
 221 0018 2B69     		ldr	r3, [r5, #16]
 222 001a 2026     		movs	r6, #32
 223 001c 3343     		orrs	r3, r6
 224 001e 2B61     		str	r3, [r5, #16]
 766:Drivers/STM32F0xx_HAL_Driver/Src/stm32f0xx_hal_flash_ex.c **** 
 225              		.loc 1 766 5 view .LVU44
 226 0020 2B69     		ldr	r3, [r5, #16]
 227 0022 4032     		adds	r2, r2, #64
 228 0024 1343     		orrs	r3, r2
 229 0026 2B61     		str	r3, [r5, #16]
 769:Drivers/STM32F0xx_HAL_Driver/Src/stm32f0xx_hal_flash_ex.c **** 
 230              		.loc 1 769 5 view .LVU45
 769:Drivers/STM32F0xx_HAL_Driver/Src/stm32f0xx_hal_flash_ex.c **** 
 231              		.loc 1 769 14 is_stmt 0 view .LVU46
 232 0028 0A48     		ldr	r0, .L19
 233              	.LVL10:
 769:Drivers/STM32F0xx_HAL_Driver/Src/stm32f0xx_hal_flash_ex.c **** 
 234              		.loc 1 769 14 view .LVU47
 235 002a FFF7FEFF 		bl	FLASH_WaitForLastOperation
 236              	.LVL11:
 772:Drivers/STM32F0xx_HAL_Driver/Src/stm32f0xx_hal_flash_ex.c **** 
 237              		.loc 1 772 5 is_stmt 1 view .LVU48
 238 002e 2B69     		ldr	r3, [r5, #16]
 239 0030 B343     		bics	r3, r6
 240 0032 2B61     		str	r3, [r5, #16]
 774:Drivers/STM32F0xx_HAL_Driver/Src/stm32f0xx_hal_flash_ex.c ****     {
 241              		.loc 1 774 5 view .LVU49
 774:Drivers/STM32F0xx_HAL_Driver/Src/stm32f0xx_hal_flash_ex.c ****     {
 242              		.loc 1 774 7 is_stmt 0 view .LVU50
 243 0034 0028     		cmp	r0, #0
 244 0036 EAD1     		bne	.L17
 777:Drivers/STM32F0xx_HAL_Driver/Src/stm32f0xx_hal_flash_ex.c ****       
 245              		.loc 1 777 7 is_stmt 1 view .LVU51
 246 0038 2B69     		ldr	r3, [r5, #16]
 247 003a 103E     		subs	r6, r6, #16
 248 003c 3343     		orrs	r3, r6
ARM GAS  /tmp/cc84vCsN.s 			page 22


 249 003e 2B61     		str	r3, [r5, #16]
 779:Drivers/STM32F0xx_HAL_Driver/Src/stm32f0xx_hal_flash_ex.c ****       
 250              		.loc 1 779 7 view .LVU52
 251 0040 074B     		ldr	r3, .L19+12
 252 0042 1C80     		strh	r4, [r3]
 782:Drivers/STM32F0xx_HAL_Driver/Src/stm32f0xx_hal_flash_ex.c ****       
 253              		.loc 1 782 7 view .LVU53
 782:Drivers/STM32F0xx_HAL_Driver/Src/stm32f0xx_hal_flash_ex.c ****       
 254              		.loc 1 782 16 is_stmt 0 view .LVU54
 255 0044 0348     		ldr	r0, .L19
 256              	.LVL12:
 782:Drivers/STM32F0xx_HAL_Driver/Src/stm32f0xx_hal_flash_ex.c ****       
 257              		.loc 1 782 16 view .LVU55
 258 0046 FFF7FEFF 		bl	FLASH_WaitForLastOperation
 259              	.LVL13:
 785:Drivers/STM32F0xx_HAL_Driver/Src/stm32f0xx_hal_flash_ex.c ****     }
 260              		.loc 1 785 7 is_stmt 1 view .LVU56
 261 004a 2B69     		ldr	r3, [r5, #16]
 262 004c B343     		bics	r3, r6
 263 004e 2B61     		str	r3, [r5, #16]
 264 0050 DDE7     		b	.L17
 265              	.L20:
 266 0052 C046     		.align	2
 267              	.L19:
 268 0054 50C30000 		.word	50000
 269 0058 00000000 		.word	pFlash
 270 005c 00200240 		.word	1073881088
 271 0060 00F8FF1F 		.word	536868864
 272              		.cfi_endproc
 273              	.LFE49:
 275              		.section	.text.FLASH_OB_UserConfig,"ax",%progbits
 276              		.align	1
 277              		.syntax unified
 278              		.code	16
 279              		.thumb_func
 281              	FLASH_OB_UserConfig:
 282              	.LVL14:
 283              	.LFB50:
 801:Drivers/STM32F0xx_HAL_Driver/Src/stm32f0xx_hal_flash_ex.c ****   HAL_StatusTypeDef status = HAL_OK;
 284              		.loc 1 801 1 view -0
 285              		.cfi_startproc
 286              		@ args = 0, pretend = 0, frame = 0
 287              		@ frame_needed = 0, uses_anonymous_args = 0
 801:Drivers/STM32F0xx_HAL_Driver/Src/stm32f0xx_hal_flash_ex.c ****   HAL_StatusTypeDef status = HAL_OK;
 288              		.loc 1 801 1 is_stmt 0 view .LVU58
 289 0000 70B5     		push	{r4, r5, r6, lr}
 290              	.LCFI1:
 291              		.cfi_def_cfa_offset 16
 292              		.cfi_offset 4, -16
 293              		.cfi_offset 5, -12
 294              		.cfi_offset 6, -8
 295              		.cfi_offset 14, -4
 296 0002 0400     		movs	r4, r0
 802:Drivers/STM32F0xx_HAL_Driver/Src/stm32f0xx_hal_flash_ex.c **** 
 297              		.loc 1 802 3 is_stmt 1 view .LVU59
 298              	.LVL15:
 805:Drivers/STM32F0xx_HAL_Driver/Src/stm32f0xx_hal_flash_ex.c ****   assert_param(IS_OB_STOP_SOURCE((UserConfig&OB_STOP_NO_RST)));
ARM GAS  /tmp/cc84vCsN.s 			page 23


 299              		.loc 1 805 3 view .LVU60
 806:Drivers/STM32F0xx_HAL_Driver/Src/stm32f0xx_hal_flash_ex.c ****   assert_param(IS_OB_STDBY_SOURCE((UserConfig&OB_STDBY_NO_RST)));
 300              		.loc 1 806 3 view .LVU61
 807:Drivers/STM32F0xx_HAL_Driver/Src/stm32f0xx_hal_flash_ex.c ****   assert_param(IS_OB_BOOT1((UserConfig&OB_BOOT1_SET)));
 301              		.loc 1 807 3 view .LVU62
 808:Drivers/STM32F0xx_HAL_Driver/Src/stm32f0xx_hal_flash_ex.c ****   assert_param(IS_OB_VDDA_ANALOG((UserConfig&OB_VDDA_ANALOG_ON)));
 302              		.loc 1 808 3 view .LVU63
 809:Drivers/STM32F0xx_HAL_Driver/Src/stm32f0xx_hal_flash_ex.c ****   assert_param(IS_OB_SRAM_PARITY((UserConfig&OB_SRAM_PARITY_RESET)));
 303              		.loc 1 809 3 view .LVU64
 810:Drivers/STM32F0xx_HAL_Driver/Src/stm32f0xx_hal_flash_ex.c **** #if defined(FLASH_OBR_BOOT_SEL)
 304              		.loc 1 810 3 view .LVU65
 812:Drivers/STM32F0xx_HAL_Driver/Src/stm32f0xx_hal_flash_ex.c ****   assert_param(IS_OB_BOOT0((UserConfig&OB_BOOT0_SET)));
 305              		.loc 1 812 3 view .LVU66
 813:Drivers/STM32F0xx_HAL_Driver/Src/stm32f0xx_hal_flash_ex.c **** #endif /* FLASH_OBR_BOOT_SEL */
 306              		.loc 1 813 3 view .LVU67
 817:Drivers/STM32F0xx_HAL_Driver/Src/stm32f0xx_hal_flash_ex.c ****   
 307              		.loc 1 817 3 view .LVU68
 817:Drivers/STM32F0xx_HAL_Driver/Src/stm32f0xx_hal_flash_ex.c ****   
 308              		.loc 1 817 12 is_stmt 0 view .LVU69
 309 0004 0B48     		ldr	r0, .L24
 310              	.LVL16:
 817:Drivers/STM32F0xx_HAL_Driver/Src/stm32f0xx_hal_flash_ex.c ****   
 311              		.loc 1 817 12 view .LVU70
 312 0006 FFF7FEFF 		bl	FLASH_WaitForLastOperation
 313              	.LVL17:
 819:Drivers/STM32F0xx_HAL_Driver/Src/stm32f0xx_hal_flash_ex.c ****   {     
 314              		.loc 1 819 3 is_stmt 1 view .LVU71
 819:Drivers/STM32F0xx_HAL_Driver/Src/stm32f0xx_hal_flash_ex.c ****   {     
 315              		.loc 1 819 5 is_stmt 0 view .LVU72
 316 000a 0028     		cmp	r0, #0
 317 000c 00D0     		beq	.L23
 318              	.LVL18:
 319              	.L22:
 840:Drivers/STM32F0xx_HAL_Driver/Src/stm32f0xx_hal_flash_ex.c **** }
 320              		.loc 1 840 3 is_stmt 1 view .LVU73
 841:Drivers/STM32F0xx_HAL_Driver/Src/stm32f0xx_hal_flash_ex.c **** 
 321              		.loc 1 841 1 is_stmt 0 view .LVU74
 322              		@ sp needed
 323              	.LVL19:
 841:Drivers/STM32F0xx_HAL_Driver/Src/stm32f0xx_hal_flash_ex.c **** 
 324              		.loc 1 841 1 view .LVU75
 325 000e 70BD     		pop	{r4, r5, r6, pc}
 326              	.L23:
 822:Drivers/STM32F0xx_HAL_Driver/Src/stm32f0xx_hal_flash_ex.c **** 
 327              		.loc 1 822 5 is_stmt 1 view .LVU76
 822:Drivers/STM32F0xx_HAL_Driver/Src/stm32f0xx_hal_flash_ex.c **** 
 328              		.loc 1 822 22 is_stmt 0 view .LVU77
 329 0010 094B     		ldr	r3, .L24+4
 330 0012 0022     		movs	r2, #0
 331 0014 DA61     		str	r2, [r3, #28]
 825:Drivers/STM32F0xx_HAL_Driver/Src/stm32f0xx_hal_flash_ex.c ****  
 332              		.loc 1 825 5 is_stmt 1 view .LVU78
 333 0016 094D     		ldr	r5, .L24+8
 334 0018 2B69     		ldr	r3, [r5, #16]
 335 001a 1026     		movs	r6, #16
 336 001c 3343     		orrs	r3, r6
 337 001e 2B61     		str	r3, [r5, #16]
ARM GAS  /tmp/cc84vCsN.s 			page 24


 828:Drivers/STM32F0xx_HAL_Driver/Src/stm32f0xx_hal_flash_ex.c **** #else
 338              		.loc 1 828 5 view .LVU79
 828:Drivers/STM32F0xx_HAL_Driver/Src/stm32f0xx_hal_flash_ex.c **** #else
 339              		.loc 1 828 14 is_stmt 0 view .LVU80
 340 0020 074B     		ldr	r3, .L24+12
 341 0022 5C80     		strh	r4, [r3, #2]
 834:Drivers/STM32F0xx_HAL_Driver/Src/stm32f0xx_hal_flash_ex.c **** 
 342              		.loc 1 834 5 is_stmt 1 view .LVU81
 834:Drivers/STM32F0xx_HAL_Driver/Src/stm32f0xx_hal_flash_ex.c **** 
 343              		.loc 1 834 14 is_stmt 0 view .LVU82
 344 0024 0348     		ldr	r0, .L24
 345              	.LVL20:
 834:Drivers/STM32F0xx_HAL_Driver/Src/stm32f0xx_hal_flash_ex.c **** 
 346              		.loc 1 834 14 view .LVU83
 347 0026 FFF7FEFF 		bl	FLASH_WaitForLastOperation
 348              	.LVL21:
 837:Drivers/STM32F0xx_HAL_Driver/Src/stm32f0xx_hal_flash_ex.c ****   }
 349              		.loc 1 837 5 is_stmt 1 view .LVU84
 350 002a 2B69     		ldr	r3, [r5, #16]
 351 002c B343     		bics	r3, r6
 352 002e 2B61     		str	r3, [r5, #16]
 353 0030 EDE7     		b	.L22
 354              	.L25:
 355 0032 C046     		.align	2
 356              	.L24:
 357 0034 50C30000 		.word	50000
 358 0038 00000000 		.word	pFlash
 359 003c 00200240 		.word	1073881088
 360 0040 00F8FF1F 		.word	536868864
 361              		.cfi_endproc
 362              	.LFE50:
 364              		.section	.text.FLASH_OB_ProgramData,"ax",%progbits
 365              		.align	1
 366              		.syntax unified
 367              		.code	16
 368              		.thumb_func
 370              	FLASH_OB_ProgramData:
 371              	.LVL22:
 372              	.LFB51:
 856:Drivers/STM32F0xx_HAL_Driver/Src/stm32f0xx_hal_flash_ex.c ****   HAL_StatusTypeDef status = HAL_ERROR;
 373              		.loc 1 856 1 view -0
 374              		.cfi_startproc
 375              		@ args = 0, pretend = 0, frame = 0
 376              		@ frame_needed = 0, uses_anonymous_args = 0
 856:Drivers/STM32F0xx_HAL_Driver/Src/stm32f0xx_hal_flash_ex.c ****   HAL_StatusTypeDef status = HAL_ERROR;
 377              		.loc 1 856 1 is_stmt 0 view .LVU86
 378 0000 F8B5     		push	{r3, r4, r5, r6, r7, lr}
 379              	.LCFI2:
 380              		.cfi_def_cfa_offset 24
 381              		.cfi_offset 3, -24
 382              		.cfi_offset 4, -20
 383              		.cfi_offset 5, -16
 384              		.cfi_offset 6, -12
 385              		.cfi_offset 7, -8
 386              		.cfi_offset 14, -4
 387 0002 0400     		movs	r4, r0
 388 0004 0D00     		movs	r5, r1
ARM GAS  /tmp/cc84vCsN.s 			page 25


 857:Drivers/STM32F0xx_HAL_Driver/Src/stm32f0xx_hal_flash_ex.c ****   
 389              		.loc 1 857 3 is_stmt 1 view .LVU87
 390              	.LVL23:
 860:Drivers/STM32F0xx_HAL_Driver/Src/stm32f0xx_hal_flash_ex.c ****   
 391              		.loc 1 860 3 view .LVU88
 863:Drivers/STM32F0xx_HAL_Driver/Src/stm32f0xx_hal_flash_ex.c ****   
 392              		.loc 1 863 3 view .LVU89
 863:Drivers/STM32F0xx_HAL_Driver/Src/stm32f0xx_hal_flash_ex.c ****   
 393              		.loc 1 863 12 is_stmt 0 view .LVU90
 394 0006 0B48     		ldr	r0, .L29
 395              	.LVL24:
 863:Drivers/STM32F0xx_HAL_Driver/Src/stm32f0xx_hal_flash_ex.c ****   
 396              		.loc 1 863 12 view .LVU91
 397 0008 FFF7FEFF 		bl	FLASH_WaitForLastOperation
 398              	.LVL25:
 865:Drivers/STM32F0xx_HAL_Driver/Src/stm32f0xx_hal_flash_ex.c ****   {
 399              		.loc 1 865 3 is_stmt 1 view .LVU92
 865:Drivers/STM32F0xx_HAL_Driver/Src/stm32f0xx_hal_flash_ex.c ****   {
 400              		.loc 1 865 5 is_stmt 0 view .LVU93
 401 000c 0028     		cmp	r0, #0
 402 000e 00D0     		beq	.L28
 403              	.LVL26:
 404              	.L27:
 881:Drivers/STM32F0xx_HAL_Driver/Src/stm32f0xx_hal_flash_ex.c **** }
 405              		.loc 1 881 3 is_stmt 1 view .LVU94
 882:Drivers/STM32F0xx_HAL_Driver/Src/stm32f0xx_hal_flash_ex.c **** 
 406              		.loc 1 882 1 is_stmt 0 view .LVU95
 407              		@ sp needed
 408              	.LVL27:
 409              	.LVL28:
 882:Drivers/STM32F0xx_HAL_Driver/Src/stm32f0xx_hal_flash_ex.c **** 
 410              		.loc 1 882 1 view .LVU96
 411 0010 F8BD     		pop	{r3, r4, r5, r6, r7, pc}
 412              	.LVL29:
 413              	.L28:
 868:Drivers/STM32F0xx_HAL_Driver/Src/stm32f0xx_hal_flash_ex.c **** 
 414              		.loc 1 868 5 is_stmt 1 view .LVU97
 868:Drivers/STM32F0xx_HAL_Driver/Src/stm32f0xx_hal_flash_ex.c **** 
 415              		.loc 1 868 22 is_stmt 0 view .LVU98
 416 0012 094B     		ldr	r3, .L29+4
 417 0014 0022     		movs	r2, #0
 418 0016 DA61     		str	r2, [r3, #28]
 871:Drivers/STM32F0xx_HAL_Driver/Src/stm32f0xx_hal_flash_ex.c ****     *(__IO uint16_t*)Address = Data;
 419              		.loc 1 871 5 is_stmt 1 view .LVU99
 420 0018 084E     		ldr	r6, .L29+8
 421 001a 3369     		ldr	r3, [r6, #16]
 422 001c 1027     		movs	r7, #16
 423 001e 3B43     		orrs	r3, r7
 424 0020 3361     		str	r3, [r6, #16]
 872:Drivers/STM32F0xx_HAL_Driver/Src/stm32f0xx_hal_flash_ex.c ****     
 425              		.loc 1 872 5 view .LVU100
 872:Drivers/STM32F0xx_HAL_Driver/Src/stm32f0xx_hal_flash_ex.c ****     
 426              		.loc 1 872 30 is_stmt 0 view .LVU101
 427 0022 2580     		strh	r5, [r4]
 875:Drivers/STM32F0xx_HAL_Driver/Src/stm32f0xx_hal_flash_ex.c ****     
 428              		.loc 1 875 5 is_stmt 1 view .LVU102
 875:Drivers/STM32F0xx_HAL_Driver/Src/stm32f0xx_hal_flash_ex.c ****     
ARM GAS  /tmp/cc84vCsN.s 			page 26


 429              		.loc 1 875 14 is_stmt 0 view .LVU103
 430 0024 0348     		ldr	r0, .L29
 431              	.LVL30:
 875:Drivers/STM32F0xx_HAL_Driver/Src/stm32f0xx_hal_flash_ex.c ****     
 432              		.loc 1 875 14 view .LVU104
 433 0026 FFF7FEFF 		bl	FLASH_WaitForLastOperation
 434              	.LVL31:
 878:Drivers/STM32F0xx_HAL_Driver/Src/stm32f0xx_hal_flash_ex.c ****   }
 435              		.loc 1 878 5 is_stmt 1 view .LVU105
 436 002a 3369     		ldr	r3, [r6, #16]
 437 002c BB43     		bics	r3, r7
 438 002e 3361     		str	r3, [r6, #16]
 439 0030 EEE7     		b	.L27
 440              	.L30:
 441 0032 C046     		.align	2
 442              	.L29:
 443 0034 50C30000 		.word	50000
 444 0038 00000000 		.word	pFlash
 445 003c 00200240 		.word	1073881088
 446              		.cfi_endproc
 447              	.LFE51:
 449              		.section	.text.HAL_FLASHEx_OBErase,"ax",%progbits
 450              		.align	1
 451              		.global	HAL_FLASHEx_OBErase
 452              		.syntax unified
 453              		.code	16
 454              		.thumb_func
 456              	HAL_FLASHEx_OBErase:
 457              	.LFB42:
 312:Drivers/STM32F0xx_HAL_Driver/Src/stm32f0xx_hal_flash_ex.c ****   uint8_t rdptmp = OB_RDP_LEVEL_0;
 458              		.loc 1 312 1 view -0
 459              		.cfi_startproc
 460              		@ args = 0, pretend = 0, frame = 0
 461              		@ frame_needed = 0, uses_anonymous_args = 0
 462 0000 70B5     		push	{r4, r5, r6, lr}
 463              	.LCFI3:
 464              		.cfi_def_cfa_offset 16
 465              		.cfi_offset 4, -16
 466              		.cfi_offset 5, -12
 467              		.cfi_offset 6, -8
 468              		.cfi_offset 14, -4
 313:Drivers/STM32F0xx_HAL_Driver/Src/stm32f0xx_hal_flash_ex.c ****   HAL_StatusTypeDef status = HAL_ERROR;
 469              		.loc 1 313 3 view .LVU107
 470              	.LVL32:
 314:Drivers/STM32F0xx_HAL_Driver/Src/stm32f0xx_hal_flash_ex.c **** 
 471              		.loc 1 314 3 view .LVU108
 317:Drivers/STM32F0xx_HAL_Driver/Src/stm32f0xx_hal_flash_ex.c **** 
 472              		.loc 1 317 3 view .LVU109
 317:Drivers/STM32F0xx_HAL_Driver/Src/stm32f0xx_hal_flash_ex.c **** 
 473              		.loc 1 317 12 is_stmt 0 view .LVU110
 474 0002 FFF7FEFF 		bl	FLASH_OB_GetRDP
 475              	.LVL33:
 317:Drivers/STM32F0xx_HAL_Driver/Src/stm32f0xx_hal_flash_ex.c **** 
 476              		.loc 1 317 10 discriminator 1 view .LVU111
 477 0006 C5B2     		uxtb	r5, r0
 478              	.LVL34:
 320:Drivers/STM32F0xx_HAL_Driver/Src/stm32f0xx_hal_flash_ex.c **** 
ARM GAS  /tmp/cc84vCsN.s 			page 27


 479              		.loc 1 320 3 is_stmt 1 view .LVU112
 320:Drivers/STM32F0xx_HAL_Driver/Src/stm32f0xx_hal_flash_ex.c **** 
 480              		.loc 1 320 12 is_stmt 0 view .LVU113
 481 0008 0E48     		ldr	r0, .L34
 482 000a FFF7FEFF 		bl	FLASH_WaitForLastOperation
 483              	.LVL35:
 322:Drivers/STM32F0xx_HAL_Driver/Src/stm32f0xx_hal_flash_ex.c ****   {
 484              		.loc 1 322 3 is_stmt 1 view .LVU114
 322:Drivers/STM32F0xx_HAL_Driver/Src/stm32f0xx_hal_flash_ex.c ****   {
 485              		.loc 1 322 5 is_stmt 0 view .LVU115
 486 000e 0028     		cmp	r0, #0
 487 0010 00D0     		beq	.L33
 488              	.LVL36:
 489              	.L32:
 345:Drivers/STM32F0xx_HAL_Driver/Src/stm32f0xx_hal_flash_ex.c **** }
 490              		.loc 1 345 3 is_stmt 1 view .LVU116
 346:Drivers/STM32F0xx_HAL_Driver/Src/stm32f0xx_hal_flash_ex.c **** 
 491              		.loc 1 346 1 is_stmt 0 view .LVU117
 492              		@ sp needed
 493              	.LVL37:
 346:Drivers/STM32F0xx_HAL_Driver/Src/stm32f0xx_hal_flash_ex.c **** 
 494              		.loc 1 346 1 view .LVU118
 495 0012 70BD     		pop	{r4, r5, r6, pc}
 496              	.LVL38:
 497              	.L33:
 325:Drivers/STM32F0xx_HAL_Driver/Src/stm32f0xx_hal_flash_ex.c **** 
 498              		.loc 1 325 5 is_stmt 1 view .LVU119
 325:Drivers/STM32F0xx_HAL_Driver/Src/stm32f0xx_hal_flash_ex.c **** 
 499              		.loc 1 325 22 is_stmt 0 view .LVU120
 500 0014 0C4B     		ldr	r3, .L34+4
 501 0016 0022     		movs	r2, #0
 502 0018 DA61     		str	r2, [r3, #28]
 328:Drivers/STM32F0xx_HAL_Driver/Src/stm32f0xx_hal_flash_ex.c ****     SET_BIT(FLASH->CR, FLASH_CR_STRT);
 503              		.loc 1 328 5 is_stmt 1 view .LVU121
 504 001a 0C4C     		ldr	r4, .L34+8
 505 001c 2369     		ldr	r3, [r4, #16]
 506 001e 2026     		movs	r6, #32
 507 0020 3343     		orrs	r3, r6
 508 0022 2361     		str	r3, [r4, #16]
 329:Drivers/STM32F0xx_HAL_Driver/Src/stm32f0xx_hal_flash_ex.c **** 
 509              		.loc 1 329 5 view .LVU122
 510 0024 2369     		ldr	r3, [r4, #16]
 511 0026 4032     		adds	r2, r2, #64
 512 0028 1343     		orrs	r3, r2
 513 002a 2361     		str	r3, [r4, #16]
 332:Drivers/STM32F0xx_HAL_Driver/Src/stm32f0xx_hal_flash_ex.c **** 
 514              		.loc 1 332 5 view .LVU123
 332:Drivers/STM32F0xx_HAL_Driver/Src/stm32f0xx_hal_flash_ex.c **** 
 515              		.loc 1 332 14 is_stmt 0 view .LVU124
 516 002c 0548     		ldr	r0, .L34
 517              	.LVL39:
 332:Drivers/STM32F0xx_HAL_Driver/Src/stm32f0xx_hal_flash_ex.c **** 
 518              		.loc 1 332 14 view .LVU125
 519 002e FFF7FEFF 		bl	FLASH_WaitForLastOperation
 520              	.LVL40:
 335:Drivers/STM32F0xx_HAL_Driver/Src/stm32f0xx_hal_flash_ex.c **** 
 521              		.loc 1 335 5 is_stmt 1 view .LVU126
ARM GAS  /tmp/cc84vCsN.s 			page 28


 522 0032 2369     		ldr	r3, [r4, #16]
 523 0034 B343     		bics	r3, r6
 524 0036 2361     		str	r3, [r4, #16]
 337:Drivers/STM32F0xx_HAL_Driver/Src/stm32f0xx_hal_flash_ex.c ****     {
 525              		.loc 1 337 5 view .LVU127
 337:Drivers/STM32F0xx_HAL_Driver/Src/stm32f0xx_hal_flash_ex.c ****     {
 526              		.loc 1 337 7 is_stmt 0 view .LVU128
 527 0038 0028     		cmp	r0, #0
 528 003a EAD1     		bne	.L32
 340:Drivers/STM32F0xx_HAL_Driver/Src/stm32f0xx_hal_flash_ex.c ****     }
 529              		.loc 1 340 7 is_stmt 1 view .LVU129
 340:Drivers/STM32F0xx_HAL_Driver/Src/stm32f0xx_hal_flash_ex.c ****     }
 530              		.loc 1 340 16 is_stmt 0 view .LVU130
 531 003c 2800     		movs	r0, r5
 532              	.LVL41:
 340:Drivers/STM32F0xx_HAL_Driver/Src/stm32f0xx_hal_flash_ex.c ****     }
 533              		.loc 1 340 16 view .LVU131
 534 003e FFF7FEFF 		bl	FLASH_OB_RDP_LevelConfig
 535              	.LVL42:
 340:Drivers/STM32F0xx_HAL_Driver/Src/stm32f0xx_hal_flash_ex.c ****     }
 536              		.loc 1 340 16 view .LVU132
 537 0042 E6E7     		b	.L32
 538              	.L35:
 539              		.align	2
 540              	.L34:
 541 0044 50C30000 		.word	50000
 542 0048 00000000 		.word	pFlash
 543 004c 00200240 		.word	1073881088
 544              		.cfi_endproc
 545              	.LFE42:
 547              		.section	.text.FLASH_OB_EnableWRP,"ax",%progbits
 548              		.align	1
 549              		.syntax unified
 550              		.code	16
 551              		.thumb_func
 553              	FLASH_OB_EnableWRP:
 554              	.LVL43:
 555              	.LFB47:
 520:Drivers/STM32F0xx_HAL_Driver/Src/stm32f0xx_hal_flash_ex.c ****   HAL_StatusTypeDef status = HAL_OK;
 556              		.loc 1 520 1 is_stmt 1 view -0
 557              		.cfi_startproc
 558              		@ args = 0, pretend = 0, frame = 0
 559              		@ frame_needed = 0, uses_anonymous_args = 0
 520:Drivers/STM32F0xx_HAL_Driver/Src/stm32f0xx_hal_flash_ex.c ****   HAL_StatusTypeDef status = HAL_OK;
 560              		.loc 1 520 1 is_stmt 0 view .LVU134
 561 0000 F8B5     		push	{r3, r4, r5, r6, r7, lr}
 562              	.LCFI4:
 563              		.cfi_def_cfa_offset 24
 564              		.cfi_offset 3, -24
 565              		.cfi_offset 4, -20
 566              		.cfi_offset 5, -16
 567              		.cfi_offset 6, -12
 568              		.cfi_offset 7, -8
 569              		.cfi_offset 14, -4
 570 0002 0400     		movs	r4, r0
 521:Drivers/STM32F0xx_HAL_Driver/Src/stm32f0xx_hal_flash_ex.c ****   uint16_t WRP0_Data = 0xFFFFU;
 571              		.loc 1 521 3 is_stmt 1 view .LVU135
ARM GAS  /tmp/cc84vCsN.s 			page 29


 572              	.LVL44:
 522:Drivers/STM32F0xx_HAL_Driver/Src/stm32f0xx_hal_flash_ex.c **** #if defined(OB_WRP1_WRP1)
 573              		.loc 1 522 3 view .LVU136
 524:Drivers/STM32F0xx_HAL_Driver/Src/stm32f0xx_hal_flash_ex.c **** #endif /* OB_WRP1_WRP1 */
 574              		.loc 1 524 3 view .LVU137
 527:Drivers/STM32F0xx_HAL_Driver/Src/stm32f0xx_hal_flash_ex.c **** #endif /* OB_WRP2_WRP2 */
 575              		.loc 1 527 3 view .LVU138
 530:Drivers/STM32F0xx_HAL_Driver/Src/stm32f0xx_hal_flash_ex.c **** #endif /* OB_WRP3_WRP3 */
 576              		.loc 1 530 3 view .LVU139
 534:Drivers/STM32F0xx_HAL_Driver/Src/stm32f0xx_hal_flash_ex.c ****     
 577              		.loc 1 534 3 view .LVU140
 537:Drivers/STM32F0xx_HAL_Driver/Src/stm32f0xx_hal_flash_ex.c ****   
 578              		.loc 1 537 3 view .LVU141
 537:Drivers/STM32F0xx_HAL_Driver/Src/stm32f0xx_hal_flash_ex.c ****   
 579              		.loc 1 537 37 is_stmt 0 view .LVU142
 580 0004 FFF7FEFF 		bl	FLASH_OB_GetWRP
 581              	.LVL45:
 537:Drivers/STM32F0xx_HAL_Driver/Src/stm32f0xx_hal_flash_ex.c ****   
 582              		.loc 1 537 20 discriminator 1 view .LVU143
 583 0008 A043     		bics	r0, r4
 584              	.LVL46:
 540:Drivers/STM32F0xx_HAL_Driver/Src/stm32f0xx_hal_flash_ex.c **** #elif defined(OB_WRP_PAGES0TO31MASK)
 585              		.loc 1 540 3 is_stmt 1 view .LVU144
 540:Drivers/STM32F0xx_HAL_Driver/Src/stm32f0xx_hal_flash_ex.c **** #elif defined(OB_WRP_PAGES0TO31MASK)
 586              		.loc 1 540 13 is_stmt 0 view .LVU145
 587 000a FF25     		movs	r5, #255
 588 000c 0700     		movs	r7, r0
 589 000e 2F40     		ands	r7, r5
 590              	.LVL47:
 546:Drivers/STM32F0xx_HAL_Driver/Src/stm32f0xx_hal_flash_ex.c **** #elif defined(OB_WRP_PAGES32TO63MASK)
 591              		.loc 1 546 3 is_stmt 1 view .LVU146
 546:Drivers/STM32F0xx_HAL_Driver/Src/stm32f0xx_hal_flash_ex.c **** #elif defined(OB_WRP_PAGES32TO63MASK)
 592              		.loc 1 546 70 is_stmt 0 view .LVU147
 593 0010 060A     		lsrs	r6, r0, #8
 546:Drivers/STM32F0xx_HAL_Driver/Src/stm32f0xx_hal_flash_ex.c **** #elif defined(OB_WRP_PAGES32TO63MASK)
 594              		.loc 1 546 13 view .LVU148
 595 0012 2E40     		ands	r6, r5
 596              	.LVL48:
 552:Drivers/STM32F0xx_HAL_Driver/Src/stm32f0xx_hal_flash_ex.c **** #endif /* OB_WRP_PAGES32TO47MASK */
 597              		.loc 1 552 3 is_stmt 1 view .LVU149
 552:Drivers/STM32F0xx_HAL_Driver/Src/stm32f0xx_hal_flash_ex.c **** #endif /* OB_WRP_PAGES32TO47MASK */
 598              		.loc 1 552 15 is_stmt 0 view .LVU150
 599 0014 030C     		lsrs	r3, r0, #16
 552:Drivers/STM32F0xx_HAL_Driver/Src/stm32f0xx_hal_flash_ex.c **** #endif /* OB_WRP_PAGES32TO47MASK */
 600              		.loc 1 552 13 view .LVU151
 601 0016 1D40     		ands	r5, r3
 602              	.LVL49:
 558:Drivers/STM32F0xx_HAL_Driver/Src/stm32f0xx_hal_flash_ex.c **** #endif /* OB_WRP_PAGES48TO63MASK */
 603              		.loc 1 558 3 is_stmt 1 view .LVU152
 558:Drivers/STM32F0xx_HAL_Driver/Src/stm32f0xx_hal_flash_ex.c **** #endif /* OB_WRP_PAGES48TO63MASK */
 604              		.loc 1 558 13 is_stmt 0 view .LVU153
 605 0018 040E     		lsrs	r4, r0, #24
 606              	.LVL50:
 562:Drivers/STM32F0xx_HAL_Driver/Src/stm32f0xx_hal_flash_ex.c **** 
 607              		.loc 1 562 3 is_stmt 1 view .LVU154
 562:Drivers/STM32F0xx_HAL_Driver/Src/stm32f0xx_hal_flash_ex.c **** 
 608              		.loc 1 562 12 is_stmt 0 view .LVU155
ARM GAS  /tmp/cc84vCsN.s 			page 30


 609 001a 2348     		ldr	r0, .L47
 610              	.LVL51:
 562:Drivers/STM32F0xx_HAL_Driver/Src/stm32f0xx_hal_flash_ex.c **** 
 611              		.loc 1 562 12 view .LVU156
 612 001c FFF7FEFF 		bl	FLASH_WaitForLastOperation
 613              	.LVL52:
 564:Drivers/STM32F0xx_HAL_Driver/Src/stm32f0xx_hal_flash_ex.c ****   { 
 614              		.loc 1 564 3 is_stmt 1 view .LVU157
 564:Drivers/STM32F0xx_HAL_Driver/Src/stm32f0xx_hal_flash_ex.c ****   { 
 615              		.loc 1 564 5 is_stmt 0 view .LVU158
 616 0020 0028     		cmp	r0, #0
 617 0022 00D0     		beq	.L42
 618              	.LVL53:
 619              	.L37:
 621:Drivers/STM32F0xx_HAL_Driver/Src/stm32f0xx_hal_flash_ex.c **** }
 620              		.loc 1 621 3 is_stmt 1 view .LVU159
 622:Drivers/STM32F0xx_HAL_Driver/Src/stm32f0xx_hal_flash_ex.c **** 
 621              		.loc 1 622 1 is_stmt 0 view .LVU160
 622              		@ sp needed
 623              	.LVL54:
 624              	.LVL55:
 625              	.LVL56:
 626              	.LVL57:
 622:Drivers/STM32F0xx_HAL_Driver/Src/stm32f0xx_hal_flash_ex.c **** 
 627              		.loc 1 622 1 view .LVU161
 628 0024 F8BD     		pop	{r3, r4, r5, r6, r7, pc}
 629              	.LVL58:
 630              	.L42:
 567:Drivers/STM32F0xx_HAL_Driver/Src/stm32f0xx_hal_flash_ex.c **** 
 631              		.loc 1 567 5 is_stmt 1 view .LVU162
 567:Drivers/STM32F0xx_HAL_Driver/Src/stm32f0xx_hal_flash_ex.c **** 
 632              		.loc 1 567 22 is_stmt 0 view .LVU163
 633 0026 214B     		ldr	r3, .L47+4
 634 0028 0022     		movs	r2, #0
 635 002a DA61     		str	r2, [r3, #28]
 570:Drivers/STM32F0xx_HAL_Driver/Src/stm32f0xx_hal_flash_ex.c ****     if (status == HAL_OK)  
 636              		.loc 1 570 5 is_stmt 1 view .LVU164
 570:Drivers/STM32F0xx_HAL_Driver/Src/stm32f0xx_hal_flash_ex.c ****     if (status == HAL_OK)  
 637              		.loc 1 570 14 is_stmt 0 view .LVU165
 638 002c FFF7FEFF 		bl	HAL_FLASHEx_OBErase
 639              	.LVL59:
 571:Drivers/STM32F0xx_HAL_Driver/Src/stm32f0xx_hal_flash_ex.c ****     {
 640              		.loc 1 571 5 is_stmt 1 view .LVU166
 571:Drivers/STM32F0xx_HAL_Driver/Src/stm32f0xx_hal_flash_ex.c ****     {
 641              		.loc 1 571 8 is_stmt 0 view .LVU167
 642 0030 0028     		cmp	r0, #0
 643 0032 F7D1     		bne	.L37
 574:Drivers/STM32F0xx_HAL_Driver/Src/stm32f0xx_hal_flash_ex.c **** 
 644              		.loc 1 574 7 is_stmt 1 view .LVU168
 645 0034 1E4A     		ldr	r2, .L47+8
 646 0036 1369     		ldr	r3, [r2, #16]
 647 0038 1021     		movs	r1, #16
 648 003a 0B43     		orrs	r3, r1
 649 003c 1361     		str	r3, [r2, #16]
 577:Drivers/STM32F0xx_HAL_Driver/Src/stm32f0xx_hal_flash_ex.c ****       {
 650              		.loc 1 577 7 view .LVU169
 577:Drivers/STM32F0xx_HAL_Driver/Src/stm32f0xx_hal_flash_ex.c ****       {
ARM GAS  /tmp/cc84vCsN.s 			page 31


 651              		.loc 1 577 9 is_stmt 0 view .LVU170
 652 003e FF2F     		cmp	r7, #255
 653 0040 11D1     		bne	.L43
 654              	.LVL60:
 655              	.L38:
 587:Drivers/STM32F0xx_HAL_Driver/Src/stm32f0xx_hal_flash_ex.c ****       {
 656              		.loc 1 587 7 is_stmt 1 view .LVU171
 587:Drivers/STM32F0xx_HAL_Driver/Src/stm32f0xx_hal_flash_ex.c ****       {
 657              		.loc 1 587 9 is_stmt 0 view .LVU172
 658 0042 0028     		cmp	r0, #0
 659 0044 05D1     		bne	.L39
 587:Drivers/STM32F0xx_HAL_Driver/Src/stm32f0xx_hal_flash_ex.c ****       {
 660              		.loc 1 587 29 discriminator 1 view .LVU173
 661 0046 FF2E     		cmp	r6, #255
 662 0048 15D1     		bne	.L44
 663              	.LVL61:
 664              	.L40:
 597:Drivers/STM32F0xx_HAL_Driver/Src/stm32f0xx_hal_flash_ex.c ****       {
 665              		.loc 1 597 7 is_stmt 1 view .LVU174
 597:Drivers/STM32F0xx_HAL_Driver/Src/stm32f0xx_hal_flash_ex.c ****       {
 666              		.loc 1 597 9 is_stmt 0 view .LVU175
 667 004a 0028     		cmp	r0, #0
 668 004c 05D1     		bne	.L41
 597:Drivers/STM32F0xx_HAL_Driver/Src/stm32f0xx_hal_flash_ex.c ****       {
 669              		.loc 1 597 29 discriminator 1 view .LVU176
 670 004e FF2D     		cmp	r5, #255
 671 0050 19D1     		bne	.L45
 672              	.LVL62:
 673              	.L39:
 607:Drivers/STM32F0xx_HAL_Driver/Src/stm32f0xx_hal_flash_ex.c ****       {
 674              		.loc 1 607 7 is_stmt 1 view .LVU177
 607:Drivers/STM32F0xx_HAL_Driver/Src/stm32f0xx_hal_flash_ex.c ****       {
 675              		.loc 1 607 9 is_stmt 0 view .LVU178
 676 0052 0028     		cmp	r0, #0
 677 0054 01D1     		bne	.L41
 607:Drivers/STM32F0xx_HAL_Driver/Src/stm32f0xx_hal_flash_ex.c ****       {
 678              		.loc 1 607 29 discriminator 1 view .LVU179
 679 0056 FF2C     		cmp	r4, #255
 680 0058 1DD1     		bne	.L46
 681              	.LVL63:
 682              	.L41:
 617:Drivers/STM32F0xx_HAL_Driver/Src/stm32f0xx_hal_flash_ex.c ****     }
 683              		.loc 1 617 7 is_stmt 1 view .LVU180
 684 005a 154A     		ldr	r2, .L47+8
 685 005c 1369     		ldr	r3, [r2, #16]
 686 005e 1021     		movs	r1, #16
 687 0060 8B43     		bics	r3, r1
 688 0062 1361     		str	r3, [r2, #16]
 689 0064 DEE7     		b	.L37
 690              	.L43:
 579:Drivers/STM32F0xx_HAL_Driver/Src/stm32f0xx_hal_flash_ex.c ****         
 691              		.loc 1 579 9 view .LVU181
 579:Drivers/STM32F0xx_HAL_Driver/Src/stm32f0xx_hal_flash_ex.c ****         
 692              		.loc 1 579 11 is_stmt 0 view .LVU182
 693 0066 134A     		ldr	r2, .L47+12
 694 0068 1389     		ldrh	r3, [r2, #8]
 579:Drivers/STM32F0xx_HAL_Driver/Src/stm32f0xx_hal_flash_ex.c ****         
ARM GAS  /tmp/cc84vCsN.s 			page 32


 695              		.loc 1 579 18 view .LVU183
 696 006a 3B40     		ands	r3, r7
 697 006c 1381     		strh	r3, [r2, #8]
 582:Drivers/STM32F0xx_HAL_Driver/Src/stm32f0xx_hal_flash_ex.c ****       }
 698              		.loc 1 582 9 is_stmt 1 view .LVU184
 582:Drivers/STM32F0xx_HAL_Driver/Src/stm32f0xx_hal_flash_ex.c ****       }
 699              		.loc 1 582 18 is_stmt 0 view .LVU185
 700 006e 0E48     		ldr	r0, .L47
 701              	.LVL64:
 582:Drivers/STM32F0xx_HAL_Driver/Src/stm32f0xx_hal_flash_ex.c ****       }
 702              		.loc 1 582 18 view .LVU186
 703 0070 FFF7FEFF 		bl	FLASH_WaitForLastOperation
 704              	.LVL65:
 582:Drivers/STM32F0xx_HAL_Driver/Src/stm32f0xx_hal_flash_ex.c ****       }
 705              		.loc 1 582 18 view .LVU187
 706 0074 E5E7     		b	.L38
 707              	.L44:
 589:Drivers/STM32F0xx_HAL_Driver/Src/stm32f0xx_hal_flash_ex.c ****         
 708              		.loc 1 589 9 is_stmt 1 view .LVU188
 589:Drivers/STM32F0xx_HAL_Driver/Src/stm32f0xx_hal_flash_ex.c ****         
 709              		.loc 1 589 11 is_stmt 0 view .LVU189
 710 0076 0F4A     		ldr	r2, .L47+12
 711 0078 5389     		ldrh	r3, [r2, #10]
 589:Drivers/STM32F0xx_HAL_Driver/Src/stm32f0xx_hal_flash_ex.c ****         
 712              		.loc 1 589 18 view .LVU190
 713 007a 3340     		ands	r3, r6
 714 007c 5381     		strh	r3, [r2, #10]
 592:Drivers/STM32F0xx_HAL_Driver/Src/stm32f0xx_hal_flash_ex.c ****       }
 715              		.loc 1 592 9 is_stmt 1 view .LVU191
 592:Drivers/STM32F0xx_HAL_Driver/Src/stm32f0xx_hal_flash_ex.c ****       }
 716              		.loc 1 592 18 is_stmt 0 view .LVU192
 717 007e 0A48     		ldr	r0, .L47
 718              	.LVL66:
 592:Drivers/STM32F0xx_HAL_Driver/Src/stm32f0xx_hal_flash_ex.c ****       }
 719              		.loc 1 592 18 view .LVU193
 720 0080 FFF7FEFF 		bl	FLASH_WaitForLastOperation
 721              	.LVL67:
 592:Drivers/STM32F0xx_HAL_Driver/Src/stm32f0xx_hal_flash_ex.c ****       }
 722              		.loc 1 592 18 view .LVU194
 723 0084 E1E7     		b	.L40
 724              	.L45:
 599:Drivers/STM32F0xx_HAL_Driver/Src/stm32f0xx_hal_flash_ex.c ****         
 725              		.loc 1 599 9 is_stmt 1 view .LVU195
 599:Drivers/STM32F0xx_HAL_Driver/Src/stm32f0xx_hal_flash_ex.c ****         
 726              		.loc 1 599 11 is_stmt 0 view .LVU196
 727 0086 0B4A     		ldr	r2, .L47+12
 728 0088 9389     		ldrh	r3, [r2, #12]
 599:Drivers/STM32F0xx_HAL_Driver/Src/stm32f0xx_hal_flash_ex.c ****         
 729              		.loc 1 599 18 view .LVU197
 730 008a 2B40     		ands	r3, r5
 731 008c 9381     		strh	r3, [r2, #12]
 602:Drivers/STM32F0xx_HAL_Driver/Src/stm32f0xx_hal_flash_ex.c ****       }
 732              		.loc 1 602 9 is_stmt 1 view .LVU198
 602:Drivers/STM32F0xx_HAL_Driver/Src/stm32f0xx_hal_flash_ex.c ****       }
 733              		.loc 1 602 18 is_stmt 0 view .LVU199
 734 008e 0648     		ldr	r0, .L47
 735              	.LVL68:
ARM GAS  /tmp/cc84vCsN.s 			page 33


 602:Drivers/STM32F0xx_HAL_Driver/Src/stm32f0xx_hal_flash_ex.c ****       }
 736              		.loc 1 602 18 view .LVU200
 737 0090 FFF7FEFF 		bl	FLASH_WaitForLastOperation
 738              	.LVL69:
 602:Drivers/STM32F0xx_HAL_Driver/Src/stm32f0xx_hal_flash_ex.c ****       }
 739              		.loc 1 602 18 view .LVU201
 740 0094 DDE7     		b	.L39
 741              	.L46:
 609:Drivers/STM32F0xx_HAL_Driver/Src/stm32f0xx_hal_flash_ex.c ****         
 742              		.loc 1 609 9 is_stmt 1 view .LVU202
 609:Drivers/STM32F0xx_HAL_Driver/Src/stm32f0xx_hal_flash_ex.c ****         
 743              		.loc 1 609 11 is_stmt 0 view .LVU203
 744 0096 074A     		ldr	r2, .L47+12
 745 0098 D389     		ldrh	r3, [r2, #14]
 609:Drivers/STM32F0xx_HAL_Driver/Src/stm32f0xx_hal_flash_ex.c ****         
 746              		.loc 1 609 18 view .LVU204
 747 009a 2340     		ands	r3, r4
 748 009c D381     		strh	r3, [r2, #14]
 612:Drivers/STM32F0xx_HAL_Driver/Src/stm32f0xx_hal_flash_ex.c ****       }
 749              		.loc 1 612 9 is_stmt 1 view .LVU205
 612:Drivers/STM32F0xx_HAL_Driver/Src/stm32f0xx_hal_flash_ex.c ****       }
 750              		.loc 1 612 18 is_stmt 0 view .LVU206
 751 009e 0248     		ldr	r0, .L47
 752              	.LVL70:
 612:Drivers/STM32F0xx_HAL_Driver/Src/stm32f0xx_hal_flash_ex.c ****       }
 753              		.loc 1 612 18 view .LVU207
 754 00a0 FFF7FEFF 		bl	FLASH_WaitForLastOperation
 755              	.LVL71:
 612:Drivers/STM32F0xx_HAL_Driver/Src/stm32f0xx_hal_flash_ex.c ****       }
 756              		.loc 1 612 18 view .LVU208
 757 00a4 D9E7     		b	.L41
 758              	.L48:
 759 00a6 C046     		.align	2
 760              	.L47:
 761 00a8 50C30000 		.word	50000
 762 00ac 00000000 		.word	pFlash
 763 00b0 00200240 		.word	1073881088
 764 00b4 00F8FF1F 		.word	536868864
 765              		.cfi_endproc
 766              	.LFE47:
 768              		.section	.text.FLASH_OB_DisableWRP,"ax",%progbits
 769              		.align	1
 770              		.syntax unified
 771              		.code	16
 772              		.thumb_func
 774              	FLASH_OB_DisableWRP:
 775              	.LVL72:
 776              	.LFB48:
 636:Drivers/STM32F0xx_HAL_Driver/Src/stm32f0xx_hal_flash_ex.c ****   HAL_StatusTypeDef status = HAL_OK;
 777              		.loc 1 636 1 is_stmt 1 view -0
 778              		.cfi_startproc
 779              		@ args = 0, pretend = 0, frame = 0
 780              		@ frame_needed = 0, uses_anonymous_args = 0
 636:Drivers/STM32F0xx_HAL_Driver/Src/stm32f0xx_hal_flash_ex.c ****   HAL_StatusTypeDef status = HAL_OK;
 781              		.loc 1 636 1 is_stmt 0 view .LVU210
 782 0000 F8B5     		push	{r3, r4, r5, r6, r7, lr}
 783              	.LCFI5:
ARM GAS  /tmp/cc84vCsN.s 			page 34


 784              		.cfi_def_cfa_offset 24
 785              		.cfi_offset 3, -24
 786              		.cfi_offset 4, -20
 787              		.cfi_offset 5, -16
 788              		.cfi_offset 6, -12
 789              		.cfi_offset 7, -8
 790              		.cfi_offset 14, -4
 791 0002 0400     		movs	r4, r0
 637:Drivers/STM32F0xx_HAL_Driver/Src/stm32f0xx_hal_flash_ex.c ****   uint16_t WRP0_Data = 0xFFFFU;
 792              		.loc 1 637 3 is_stmt 1 view .LVU211
 793              	.LVL73:
 638:Drivers/STM32F0xx_HAL_Driver/Src/stm32f0xx_hal_flash_ex.c **** #if defined(OB_WRP1_WRP1)
 794              		.loc 1 638 3 view .LVU212
 640:Drivers/STM32F0xx_HAL_Driver/Src/stm32f0xx_hal_flash_ex.c **** #endif /* OB_WRP1_WRP1 */
 795              		.loc 1 640 3 view .LVU213
 643:Drivers/STM32F0xx_HAL_Driver/Src/stm32f0xx_hal_flash_ex.c **** #endif /* OB_WRP2_WRP2 */
 796              		.loc 1 643 3 view .LVU214
 646:Drivers/STM32F0xx_HAL_Driver/Src/stm32f0xx_hal_flash_ex.c **** #endif /* OB_WRP3_WRP3 */
 797              		.loc 1 646 3 view .LVU215
 650:Drivers/STM32F0xx_HAL_Driver/Src/stm32f0xx_hal_flash_ex.c **** 
 798              		.loc 1 650 3 view .LVU216
 653:Drivers/STM32F0xx_HAL_Driver/Src/stm32f0xx_hal_flash_ex.c **** 
 799              		.loc 1 653 3 view .LVU217
 653:Drivers/STM32F0xx_HAL_Driver/Src/stm32f0xx_hal_flash_ex.c **** 
 800              		.loc 1 653 23 is_stmt 0 view .LVU218
 801 0004 FFF7FEFF 		bl	FLASH_OB_GetWRP
 802              	.LVL74:
 653:Drivers/STM32F0xx_HAL_Driver/Src/stm32f0xx_hal_flash_ex.c **** 
 803              		.loc 1 653 20 discriminator 1 view .LVU219
 804 0008 0443     		orrs	r4, r0
 805              	.LVL75:
 656:Drivers/STM32F0xx_HAL_Driver/Src/stm32f0xx_hal_flash_ex.c **** #elif defined(OB_WRP_PAGES0TO31MASK)
 806              		.loc 1 656 3 is_stmt 1 view .LVU220
 656:Drivers/STM32F0xx_HAL_Driver/Src/stm32f0xx_hal_flash_ex.c **** #elif defined(OB_WRP_PAGES0TO31MASK)
 807              		.loc 1 656 13 is_stmt 0 view .LVU221
 808 000a FF25     		movs	r5, #255
 809 000c 2700     		movs	r7, r4
 810 000e 2F40     		ands	r7, r5
 811              	.LVL76:
 662:Drivers/STM32F0xx_HAL_Driver/Src/stm32f0xx_hal_flash_ex.c **** #elif defined(OB_WRP_PAGES32TO63MASK)
 812              		.loc 1 662 3 is_stmt 1 view .LVU222
 662:Drivers/STM32F0xx_HAL_Driver/Src/stm32f0xx_hal_flash_ex.c **** #elif defined(OB_WRP_PAGES32TO63MASK)
 813              		.loc 1 662 70 is_stmt 0 view .LVU223
 814 0010 260A     		lsrs	r6, r4, #8
 662:Drivers/STM32F0xx_HAL_Driver/Src/stm32f0xx_hal_flash_ex.c **** #elif defined(OB_WRP_PAGES32TO63MASK)
 815              		.loc 1 662 13 view .LVU224
 816 0012 2E40     		ands	r6, r5
 817              	.LVL77:
 668:Drivers/STM32F0xx_HAL_Driver/Src/stm32f0xx_hal_flash_ex.c **** #endif /* OB_WRP_PAGES32TO47MASK */
 818              		.loc 1 668 3 is_stmt 1 view .LVU225
 668:Drivers/STM32F0xx_HAL_Driver/Src/stm32f0xx_hal_flash_ex.c **** #endif /* OB_WRP_PAGES32TO47MASK */
 819              		.loc 1 668 15 is_stmt 0 view .LVU226
 820 0014 230C     		lsrs	r3, r4, #16
 668:Drivers/STM32F0xx_HAL_Driver/Src/stm32f0xx_hal_flash_ex.c **** #endif /* OB_WRP_PAGES32TO47MASK */
 821              		.loc 1 668 13 view .LVU227
 822 0016 1D40     		ands	r5, r3
 823              	.LVL78:
ARM GAS  /tmp/cc84vCsN.s 			page 35


 674:Drivers/STM32F0xx_HAL_Driver/Src/stm32f0xx_hal_flash_ex.c **** #endif /* OB_WRP_PAGES48TO63MASK */
 824              		.loc 1 674 3 is_stmt 1 view .LVU228
 674:Drivers/STM32F0xx_HAL_Driver/Src/stm32f0xx_hal_flash_ex.c **** #endif /* OB_WRP_PAGES48TO63MASK */
 825              		.loc 1 674 13 is_stmt 0 view .LVU229
 826 0018 240E     		lsrs	r4, r4, #24
 827              	.LVL79:
 679:Drivers/STM32F0xx_HAL_Driver/Src/stm32f0xx_hal_flash_ex.c **** 
 828              		.loc 1 679 3 is_stmt 1 view .LVU230
 679:Drivers/STM32F0xx_HAL_Driver/Src/stm32f0xx_hal_flash_ex.c **** 
 829              		.loc 1 679 12 is_stmt 0 view .LVU231
 830 001a 2348     		ldr	r0, .L60
 831              	.LVL80:
 679:Drivers/STM32F0xx_HAL_Driver/Src/stm32f0xx_hal_flash_ex.c **** 
 832              		.loc 1 679 12 view .LVU232
 833 001c FFF7FEFF 		bl	FLASH_WaitForLastOperation
 834              	.LVL81:
 681:Drivers/STM32F0xx_HAL_Driver/Src/stm32f0xx_hal_flash_ex.c ****   { 
 835              		.loc 1 681 3 is_stmt 1 view .LVU233
 681:Drivers/STM32F0xx_HAL_Driver/Src/stm32f0xx_hal_flash_ex.c ****   { 
 836              		.loc 1 681 5 is_stmt 0 view .LVU234
 837 0020 0028     		cmp	r0, #0
 838 0022 00D0     		beq	.L55
 839              	.LVL82:
 840              	.L50:
 736:Drivers/STM32F0xx_HAL_Driver/Src/stm32f0xx_hal_flash_ex.c **** }
 841              		.loc 1 736 3 is_stmt 1 view .LVU235
 737:Drivers/STM32F0xx_HAL_Driver/Src/stm32f0xx_hal_flash_ex.c **** 
 842              		.loc 1 737 1 is_stmt 0 view .LVU236
 843              		@ sp needed
 844              	.LVL83:
 845              	.LVL84:
 846              	.LVL85:
 847              	.LVL86:
 737:Drivers/STM32F0xx_HAL_Driver/Src/stm32f0xx_hal_flash_ex.c **** 
 848              		.loc 1 737 1 view .LVU237
 849 0024 F8BD     		pop	{r3, r4, r5, r6, r7, pc}
 850              	.LVL87:
 851              	.L55:
 684:Drivers/STM32F0xx_HAL_Driver/Src/stm32f0xx_hal_flash_ex.c **** 
 852              		.loc 1 684 5 is_stmt 1 view .LVU238
 684:Drivers/STM32F0xx_HAL_Driver/Src/stm32f0xx_hal_flash_ex.c **** 
 853              		.loc 1 684 22 is_stmt 0 view .LVU239
 854 0026 214B     		ldr	r3, .L60+4
 855 0028 0022     		movs	r2, #0
 856 002a DA61     		str	r2, [r3, #28]
 687:Drivers/STM32F0xx_HAL_Driver/Src/stm32f0xx_hal_flash_ex.c ****     if (status == HAL_OK)  
 857              		.loc 1 687 5 is_stmt 1 view .LVU240
 687:Drivers/STM32F0xx_HAL_Driver/Src/stm32f0xx_hal_flash_ex.c ****     if (status == HAL_OK)  
 858              		.loc 1 687 14 is_stmt 0 view .LVU241
 859 002c FFF7FEFF 		bl	HAL_FLASHEx_OBErase
 860              	.LVL88:
 688:Drivers/STM32F0xx_HAL_Driver/Src/stm32f0xx_hal_flash_ex.c ****     {
 861              		.loc 1 688 5 is_stmt 1 view .LVU242
 688:Drivers/STM32F0xx_HAL_Driver/Src/stm32f0xx_hal_flash_ex.c ****     {
 862              		.loc 1 688 8 is_stmt 0 view .LVU243
 863 0030 0028     		cmp	r0, #0
 864 0032 F7D1     		bne	.L50
ARM GAS  /tmp/cc84vCsN.s 			page 36


 690:Drivers/STM32F0xx_HAL_Driver/Src/stm32f0xx_hal_flash_ex.c **** 
 865              		.loc 1 690 7 is_stmt 1 view .LVU244
 866 0034 1E4A     		ldr	r2, .L60+8
 867 0036 1369     		ldr	r3, [r2, #16]
 868 0038 1021     		movs	r1, #16
 869 003a 0B43     		orrs	r3, r1
 870 003c 1361     		str	r3, [r2, #16]
 693:Drivers/STM32F0xx_HAL_Driver/Src/stm32f0xx_hal_flash_ex.c ****       {
 871              		.loc 1 693 7 view .LVU245
 693:Drivers/STM32F0xx_HAL_Driver/Src/stm32f0xx_hal_flash_ex.c ****       {
 872              		.loc 1 693 9 is_stmt 0 view .LVU246
 873 003e FF2F     		cmp	r7, #255
 874 0040 11D1     		bne	.L56
 875              	.LVL89:
 876              	.L51:
 703:Drivers/STM32F0xx_HAL_Driver/Src/stm32f0xx_hal_flash_ex.c ****       {
 877              		.loc 1 703 7 is_stmt 1 view .LVU247
 703:Drivers/STM32F0xx_HAL_Driver/Src/stm32f0xx_hal_flash_ex.c ****       {
 878              		.loc 1 703 9 is_stmt 0 view .LVU248
 879 0042 0028     		cmp	r0, #0
 880 0044 05D1     		bne	.L52
 703:Drivers/STM32F0xx_HAL_Driver/Src/stm32f0xx_hal_flash_ex.c ****       {
 881              		.loc 1 703 29 discriminator 1 view .LVU249
 882 0046 FF2E     		cmp	r6, #255
 883 0048 15D1     		bne	.L57
 884              	.LVL90:
 885              	.L53:
 713:Drivers/STM32F0xx_HAL_Driver/Src/stm32f0xx_hal_flash_ex.c ****       {
 886              		.loc 1 713 7 is_stmt 1 view .LVU250
 713:Drivers/STM32F0xx_HAL_Driver/Src/stm32f0xx_hal_flash_ex.c ****       {
 887              		.loc 1 713 9 is_stmt 0 view .LVU251
 888 004a 0028     		cmp	r0, #0
 889 004c 05D1     		bne	.L54
 713:Drivers/STM32F0xx_HAL_Driver/Src/stm32f0xx_hal_flash_ex.c ****       {
 890              		.loc 1 713 29 discriminator 1 view .LVU252
 891 004e FF2D     		cmp	r5, #255
 892 0050 19D1     		bne	.L58
 893              	.LVL91:
 894              	.L52:
 723:Drivers/STM32F0xx_HAL_Driver/Src/stm32f0xx_hal_flash_ex.c ****       {
 895              		.loc 1 723 7 is_stmt 1 view .LVU253
 723:Drivers/STM32F0xx_HAL_Driver/Src/stm32f0xx_hal_flash_ex.c ****       {
 896              		.loc 1 723 9 is_stmt 0 view .LVU254
 897 0052 0028     		cmp	r0, #0
 898 0054 01D1     		bne	.L54
 723:Drivers/STM32F0xx_HAL_Driver/Src/stm32f0xx_hal_flash_ex.c ****       {
 899              		.loc 1 723 29 discriminator 1 view .LVU255
 900 0056 FF2C     		cmp	r4, #255
 901 0058 1DD1     		bne	.L59
 902              	.LVL92:
 903              	.L54:
 733:Drivers/STM32F0xx_HAL_Driver/Src/stm32f0xx_hal_flash_ex.c ****     }
 904              		.loc 1 733 7 is_stmt 1 view .LVU256
 905 005a 154A     		ldr	r2, .L60+8
 906 005c 1369     		ldr	r3, [r2, #16]
 907 005e 1021     		movs	r1, #16
 908 0060 8B43     		bics	r3, r1
ARM GAS  /tmp/cc84vCsN.s 			page 37


 909 0062 1361     		str	r3, [r2, #16]
 910 0064 DEE7     		b	.L50
 911              	.L56:
 695:Drivers/STM32F0xx_HAL_Driver/Src/stm32f0xx_hal_flash_ex.c ****         
 912              		.loc 1 695 9 view .LVU257
 695:Drivers/STM32F0xx_HAL_Driver/Src/stm32f0xx_hal_flash_ex.c ****         
 913              		.loc 1 695 11 is_stmt 0 view .LVU258
 914 0066 134A     		ldr	r2, .L60+12
 915 0068 1389     		ldrh	r3, [r2, #8]
 695:Drivers/STM32F0xx_HAL_Driver/Src/stm32f0xx_hal_flash_ex.c ****         
 916              		.loc 1 695 18 view .LVU259
 917 006a 3B40     		ands	r3, r7
 918 006c 1381     		strh	r3, [r2, #8]
 698:Drivers/STM32F0xx_HAL_Driver/Src/stm32f0xx_hal_flash_ex.c ****       }
 919              		.loc 1 698 9 is_stmt 1 view .LVU260
 698:Drivers/STM32F0xx_HAL_Driver/Src/stm32f0xx_hal_flash_ex.c ****       }
 920              		.loc 1 698 18 is_stmt 0 view .LVU261
 921 006e 0E48     		ldr	r0, .L60
 922              	.LVL93:
 698:Drivers/STM32F0xx_HAL_Driver/Src/stm32f0xx_hal_flash_ex.c ****       }
 923              		.loc 1 698 18 view .LVU262
 924 0070 FFF7FEFF 		bl	FLASH_WaitForLastOperation
 925              	.LVL94:
 698:Drivers/STM32F0xx_HAL_Driver/Src/stm32f0xx_hal_flash_ex.c ****       }
 926              		.loc 1 698 18 view .LVU263
 927 0074 E5E7     		b	.L51
 928              	.L57:
 705:Drivers/STM32F0xx_HAL_Driver/Src/stm32f0xx_hal_flash_ex.c ****         
 929              		.loc 1 705 9 is_stmt 1 view .LVU264
 705:Drivers/STM32F0xx_HAL_Driver/Src/stm32f0xx_hal_flash_ex.c ****         
 930              		.loc 1 705 11 is_stmt 0 view .LVU265
 931 0076 0F4A     		ldr	r2, .L60+12
 932 0078 5389     		ldrh	r3, [r2, #10]
 705:Drivers/STM32F0xx_HAL_Driver/Src/stm32f0xx_hal_flash_ex.c ****         
 933              		.loc 1 705 18 view .LVU266
 934 007a 3340     		ands	r3, r6
 935 007c 5381     		strh	r3, [r2, #10]
 708:Drivers/STM32F0xx_HAL_Driver/Src/stm32f0xx_hal_flash_ex.c ****       }
 936              		.loc 1 708 9 is_stmt 1 view .LVU267
 708:Drivers/STM32F0xx_HAL_Driver/Src/stm32f0xx_hal_flash_ex.c ****       }
 937              		.loc 1 708 18 is_stmt 0 view .LVU268
 938 007e 0A48     		ldr	r0, .L60
 939              	.LVL95:
 708:Drivers/STM32F0xx_HAL_Driver/Src/stm32f0xx_hal_flash_ex.c ****       }
 940              		.loc 1 708 18 view .LVU269
 941 0080 FFF7FEFF 		bl	FLASH_WaitForLastOperation
 942              	.LVL96:
 708:Drivers/STM32F0xx_HAL_Driver/Src/stm32f0xx_hal_flash_ex.c ****       }
 943              		.loc 1 708 18 view .LVU270
 944 0084 E1E7     		b	.L53
 945              	.L58:
 715:Drivers/STM32F0xx_HAL_Driver/Src/stm32f0xx_hal_flash_ex.c ****         
 946              		.loc 1 715 9 is_stmt 1 view .LVU271
 715:Drivers/STM32F0xx_HAL_Driver/Src/stm32f0xx_hal_flash_ex.c ****         
 947              		.loc 1 715 11 is_stmt 0 view .LVU272
 948 0086 0B4A     		ldr	r2, .L60+12
 949 0088 9389     		ldrh	r3, [r2, #12]
ARM GAS  /tmp/cc84vCsN.s 			page 38


 715:Drivers/STM32F0xx_HAL_Driver/Src/stm32f0xx_hal_flash_ex.c ****         
 950              		.loc 1 715 18 view .LVU273
 951 008a 2B40     		ands	r3, r5
 952 008c 9381     		strh	r3, [r2, #12]
 718:Drivers/STM32F0xx_HAL_Driver/Src/stm32f0xx_hal_flash_ex.c ****       }
 953              		.loc 1 718 9 is_stmt 1 view .LVU274
 718:Drivers/STM32F0xx_HAL_Driver/Src/stm32f0xx_hal_flash_ex.c ****       }
 954              		.loc 1 718 18 is_stmt 0 view .LVU275
 955 008e 0648     		ldr	r0, .L60
 956              	.LVL97:
 718:Drivers/STM32F0xx_HAL_Driver/Src/stm32f0xx_hal_flash_ex.c ****       }
 957              		.loc 1 718 18 view .LVU276
 958 0090 FFF7FEFF 		bl	FLASH_WaitForLastOperation
 959              	.LVL98:
 718:Drivers/STM32F0xx_HAL_Driver/Src/stm32f0xx_hal_flash_ex.c ****       }
 960              		.loc 1 718 18 view .LVU277
 961 0094 DDE7     		b	.L52
 962              	.L59:
 725:Drivers/STM32F0xx_HAL_Driver/Src/stm32f0xx_hal_flash_ex.c ****         
 963              		.loc 1 725 9 is_stmt 1 view .LVU278
 725:Drivers/STM32F0xx_HAL_Driver/Src/stm32f0xx_hal_flash_ex.c ****         
 964              		.loc 1 725 11 is_stmt 0 view .LVU279
 965 0096 074A     		ldr	r2, .L60+12
 966 0098 D389     		ldrh	r3, [r2, #14]
 725:Drivers/STM32F0xx_HAL_Driver/Src/stm32f0xx_hal_flash_ex.c ****         
 967              		.loc 1 725 18 view .LVU280
 968 009a 2340     		ands	r3, r4
 969 009c D381     		strh	r3, [r2, #14]
 728:Drivers/STM32F0xx_HAL_Driver/Src/stm32f0xx_hal_flash_ex.c ****       }
 970              		.loc 1 728 9 is_stmt 1 view .LVU281
 728:Drivers/STM32F0xx_HAL_Driver/Src/stm32f0xx_hal_flash_ex.c ****       }
 971              		.loc 1 728 18 is_stmt 0 view .LVU282
 972 009e 0248     		ldr	r0, .L60
 973              	.LVL99:
 728:Drivers/STM32F0xx_HAL_Driver/Src/stm32f0xx_hal_flash_ex.c ****       }
 974              		.loc 1 728 18 view .LVU283
 975 00a0 FFF7FEFF 		bl	FLASH_WaitForLastOperation
 976              	.LVL100:
 728:Drivers/STM32F0xx_HAL_Driver/Src/stm32f0xx_hal_flash_ex.c ****       }
 977              		.loc 1 728 18 view .LVU284
 978 00a4 D9E7     		b	.L54
 979              	.L61:
 980 00a6 C046     		.align	2
 981              	.L60:
 982 00a8 50C30000 		.word	50000
 983 00ac 00000000 		.word	pFlash
 984 00b0 00200240 		.word	1073881088
 985 00b4 00F8FF1F 		.word	536868864
 986              		.cfi_endproc
 987              	.LFE48:
 989              		.section	.text.HAL_FLASHEx_OBProgram,"ax",%progbits
 990              		.align	1
 991              		.global	HAL_FLASHEx_OBProgram
 992              		.syntax unified
 993              		.code	16
 994              		.thumb_func
 996              	HAL_FLASHEx_OBProgram:
ARM GAS  /tmp/cc84vCsN.s 			page 39


 997              	.LVL101:
 998              	.LFB43:
 361:Drivers/STM32F0xx_HAL_Driver/Src/stm32f0xx_hal_flash_ex.c ****   HAL_StatusTypeDef status = HAL_ERROR;
 999              		.loc 1 361 1 is_stmt 1 view -0
 1000              		.cfi_startproc
 1001              		@ args = 0, pretend = 0, frame = 0
 1002              		@ frame_needed = 0, uses_anonymous_args = 0
 361:Drivers/STM32F0xx_HAL_Driver/Src/stm32f0xx_hal_flash_ex.c ****   HAL_StatusTypeDef status = HAL_ERROR;
 1003              		.loc 1 361 1 is_stmt 0 view .LVU286
 1004 0000 10B5     		push	{r4, lr}
 1005              	.LCFI6:
 1006              		.cfi_def_cfa_offset 8
 1007              		.cfi_offset 4, -8
 1008              		.cfi_offset 14, -4
 1009 0002 0400     		movs	r4, r0
 362:Drivers/STM32F0xx_HAL_Driver/Src/stm32f0xx_hal_flash_ex.c **** 
 1010              		.loc 1 362 3 is_stmt 1 view .LVU287
 1011              	.LVL102:
 365:Drivers/STM32F0xx_HAL_Driver/Src/stm32f0xx_hal_flash_ex.c **** 
 1012              		.loc 1 365 3 view .LVU288
 365:Drivers/STM32F0xx_HAL_Driver/Src/stm32f0xx_hal_flash_ex.c **** 
 1013              		.loc 1 365 3 view .LVU289
 1014 0004 224B     		ldr	r3, .L79
 1015 0006 1B7E     		ldrb	r3, [r3, #24]
 1016 0008 012B     		cmp	r3, #1
 1017 000a 3FD0     		beq	.L70
 365:Drivers/STM32F0xx_HAL_Driver/Src/stm32f0xx_hal_flash_ex.c **** 
 1018              		.loc 1 365 3 discriminator 2 view .LVU290
 1019 000c 204B     		ldr	r3, .L79
 1020 000e 0122     		movs	r2, #1
 1021 0010 1A76     		strb	r2, [r3, #24]
 365:Drivers/STM32F0xx_HAL_Driver/Src/stm32f0xx_hal_flash_ex.c **** 
 1022              		.loc 1 365 3 discriminator 2 view .LVU291
 368:Drivers/STM32F0xx_HAL_Driver/Src/stm32f0xx_hal_flash_ex.c **** 
 1023              		.loc 1 368 3 view .LVU292
 371:Drivers/STM32F0xx_HAL_Driver/Src/stm32f0xx_hal_flash_ex.c ****   {
 1024              		.loc 1 371 3 view .LVU293
 371:Drivers/STM32F0xx_HAL_Driver/Src/stm32f0xx_hal_flash_ex.c ****   {
 1025              		.loc 1 371 14 is_stmt 0 view .LVU294
 1026 0012 0368     		ldr	r3, [r0]
 371:Drivers/STM32F0xx_HAL_Driver/Src/stm32f0xx_hal_flash_ex.c ****   {
 1027              		.loc 1 371 5 view .LVU295
 1028 0014 1A42     		tst	r2, r3
 1029 0016 0FD0     		beq	.L71
 373:Drivers/STM32F0xx_HAL_Driver/Src/stm32f0xx_hal_flash_ex.c ****     if (pOBInit->WRPState == OB_WRPSTATE_ENABLE)
 1030              		.loc 1 373 5 is_stmt 1 view .LVU296
 374:Drivers/STM32F0xx_HAL_Driver/Src/stm32f0xx_hal_flash_ex.c ****     {
 1031              		.loc 1 374 5 view .LVU297
 374:Drivers/STM32F0xx_HAL_Driver/Src/stm32f0xx_hal_flash_ex.c ****     {
 1032              		.loc 1 374 16 is_stmt 0 view .LVU298
 1033 0018 4368     		ldr	r3, [r0, #4]
 374:Drivers/STM32F0xx_HAL_Driver/Src/stm32f0xx_hal_flash_ex.c ****     {
 1034              		.loc 1 374 8 view .LVU299
 1035 001a 012B     		cmp	r3, #1
 1036 001c 08D0     		beq	.L75
 382:Drivers/STM32F0xx_HAL_Driver/Src/stm32f0xx_hal_flash_ex.c ****     }
 1037              		.loc 1 382 7 is_stmt 1 view .LVU300
ARM GAS  /tmp/cc84vCsN.s 			page 40


 382:Drivers/STM32F0xx_HAL_Driver/Src/stm32f0xx_hal_flash_ex.c ****     }
 1038              		.loc 1 382 16 is_stmt 0 view .LVU301
 1039 001e 8068     		ldr	r0, [r0, #8]
 1040              	.LVL103:
 382:Drivers/STM32F0xx_HAL_Driver/Src/stm32f0xx_hal_flash_ex.c ****     }
 1041              		.loc 1 382 16 view .LVU302
 1042 0020 FFF7FEFF 		bl	FLASH_OB_DisableWRP
 1043              	.LVL104:
 1044              	.L66:
 384:Drivers/STM32F0xx_HAL_Driver/Src/stm32f0xx_hal_flash_ex.c ****     {
 1045              		.loc 1 384 5 is_stmt 1 view .LVU303
 384:Drivers/STM32F0xx_HAL_Driver/Src/stm32f0xx_hal_flash_ex.c ****     {
 1046              		.loc 1 384 8 is_stmt 0 view .LVU304
 1047 0024 0028     		cmp	r0, #0
 1048 0026 08D0     		beq	.L64
 387:Drivers/STM32F0xx_HAL_Driver/Src/stm32f0xx_hal_flash_ex.c ****       return status;
 1049              		.loc 1 387 7 is_stmt 1 view .LVU305
 387:Drivers/STM32F0xx_HAL_Driver/Src/stm32f0xx_hal_flash_ex.c ****       return status;
 1050              		.loc 1 387 7 view .LVU306
 1051 0028 194B     		ldr	r3, .L79
 1052 002a 0022     		movs	r2, #0
 1053 002c 1A76     		strb	r2, [r3, #24]
 387:Drivers/STM32F0xx_HAL_Driver/Src/stm32f0xx_hal_flash_ex.c ****       return status;
 1054              		.loc 1 387 7 view .LVU307
 388:Drivers/STM32F0xx_HAL_Driver/Src/stm32f0xx_hal_flash_ex.c ****     }
 1055              		.loc 1 388 7 view .LVU308
 388:Drivers/STM32F0xx_HAL_Driver/Src/stm32f0xx_hal_flash_ex.c ****     }
 1056              		.loc 1 388 14 is_stmt 0 view .LVU309
 1057 002e 10E0     		b	.L63
 1058              	.LVL105:
 1059              	.L75:
 377:Drivers/STM32F0xx_HAL_Driver/Src/stm32f0xx_hal_flash_ex.c ****     }
 1060              		.loc 1 377 7 is_stmt 1 view .LVU310
 377:Drivers/STM32F0xx_HAL_Driver/Src/stm32f0xx_hal_flash_ex.c ****     }
 1061              		.loc 1 377 16 is_stmt 0 view .LVU311
 1062 0030 8068     		ldr	r0, [r0, #8]
 1063              	.LVL106:
 377:Drivers/STM32F0xx_HAL_Driver/Src/stm32f0xx_hal_flash_ex.c ****     }
 1064              		.loc 1 377 16 view .LVU312
 1065 0032 FFF7FEFF 		bl	FLASH_OB_EnableWRP
 1066              	.LVL107:
 377:Drivers/STM32F0xx_HAL_Driver/Src/stm32f0xx_hal_flash_ex.c ****     }
 1067              		.loc 1 377 16 view .LVU313
 1068 0036 F5E7     		b	.L66
 1069              	.LVL108:
 1070              	.L71:
 362:Drivers/STM32F0xx_HAL_Driver/Src/stm32f0xx_hal_flash_ex.c **** 
 1071              		.loc 1 362 21 view .LVU314
 1072 0038 0120     		movs	r0, #1
 1073              	.LVL109:
 1074              	.L64:
 393:Drivers/STM32F0xx_HAL_Driver/Src/stm32f0xx_hal_flash_ex.c ****   {
 1075              		.loc 1 393 3 is_stmt 1 view .LVU315
 393:Drivers/STM32F0xx_HAL_Driver/Src/stm32f0xx_hal_flash_ex.c ****   {
 1076              		.loc 1 393 14 is_stmt 0 view .LVU316
 1077 003a 2368     		ldr	r3, [r4]
 393:Drivers/STM32F0xx_HAL_Driver/Src/stm32f0xx_hal_flash_ex.c ****   {
ARM GAS  /tmp/cc84vCsN.s 			page 41


 1078              		.loc 1 393 5 view .LVU317
 1079 003c 9B07     		lsls	r3, r3, #30
 1080 003e 09D4     		bmi	.L76
 1081              	.LVL110:
 1082              	.L67:
 405:Drivers/STM32F0xx_HAL_Driver/Src/stm32f0xx_hal_flash_ex.c ****   {
 1083              		.loc 1 405 3 is_stmt 1 view .LVU318
 405:Drivers/STM32F0xx_HAL_Driver/Src/stm32f0xx_hal_flash_ex.c ****   {
 1084              		.loc 1 405 14 is_stmt 0 view .LVU319
 1085 0040 2368     		ldr	r3, [r4]
 405:Drivers/STM32F0xx_HAL_Driver/Src/stm32f0xx_hal_flash_ex.c ****   {
 1086              		.loc 1 405 5 view .LVU320
 1087 0042 5B07     		lsls	r3, r3, #29
 1088 0044 0FD4     		bmi	.L77
 1089              	.LVL111:
 1090              	.L68:
 417:Drivers/STM32F0xx_HAL_Driver/Src/stm32f0xx_hal_flash_ex.c ****   {
 1091              		.loc 1 417 3 is_stmt 1 view .LVU321
 417:Drivers/STM32F0xx_HAL_Driver/Src/stm32f0xx_hal_flash_ex.c ****   {
 1092              		.loc 1 417 14 is_stmt 0 view .LVU322
 1093 0046 2368     		ldr	r3, [r4]
 417:Drivers/STM32F0xx_HAL_Driver/Src/stm32f0xx_hal_flash_ex.c ****   {
 1094              		.loc 1 417 5 view .LVU323
 1095 0048 1B07     		lsls	r3, r3, #28
 1096 004a 15D4     		bmi	.L78
 1097              	.LVL112:
 1098              	.L69:
 429:Drivers/STM32F0xx_HAL_Driver/Src/stm32f0xx_hal_flash_ex.c **** 
 1099              		.loc 1 429 3 is_stmt 1 view .LVU324
 429:Drivers/STM32F0xx_HAL_Driver/Src/stm32f0xx_hal_flash_ex.c **** 
 1100              		.loc 1 429 3 view .LVU325
 1101 004c 104B     		ldr	r3, .L79
 1102 004e 0022     		movs	r2, #0
 1103 0050 1A76     		strb	r2, [r3, #24]
 429:Drivers/STM32F0xx_HAL_Driver/Src/stm32f0xx_hal_flash_ex.c **** 
 1104              		.loc 1 429 3 view .LVU326
 431:Drivers/STM32F0xx_HAL_Driver/Src/stm32f0xx_hal_flash_ex.c **** }
 1105              		.loc 1 431 3 view .LVU327
 1106              	.LVL113:
 1107              	.L63:
 432:Drivers/STM32F0xx_HAL_Driver/Src/stm32f0xx_hal_flash_ex.c **** 
 1108              		.loc 1 432 1 is_stmt 0 view .LVU328
 1109              		@ sp needed
 1110              	.LVL114:
 432:Drivers/STM32F0xx_HAL_Driver/Src/stm32f0xx_hal_flash_ex.c **** 
 1111              		.loc 1 432 1 view .LVU329
 1112 0052 10BD     		pop	{r4, pc}
 1113              	.LVL115:
 1114              	.L76:
 395:Drivers/STM32F0xx_HAL_Driver/Src/stm32f0xx_hal_flash_ex.c ****     if (status != HAL_OK)
 1115              		.loc 1 395 5 is_stmt 1 view .LVU330
 395:Drivers/STM32F0xx_HAL_Driver/Src/stm32f0xx_hal_flash_ex.c ****     if (status != HAL_OK)
 1116              		.loc 1 395 14 is_stmt 0 view .LVU331
 1117 0054 207B     		ldrb	r0, [r4, #12]
 1118              	.LVL116:
 395:Drivers/STM32F0xx_HAL_Driver/Src/stm32f0xx_hal_flash_ex.c ****     if (status != HAL_OK)
 1119              		.loc 1 395 14 view .LVU332
ARM GAS  /tmp/cc84vCsN.s 			page 42


 1120 0056 FFF7FEFF 		bl	FLASH_OB_RDP_LevelConfig
 1121              	.LVL117:
 396:Drivers/STM32F0xx_HAL_Driver/Src/stm32f0xx_hal_flash_ex.c ****     {
 1122              		.loc 1 396 5 is_stmt 1 view .LVU333
 396:Drivers/STM32F0xx_HAL_Driver/Src/stm32f0xx_hal_flash_ex.c ****     {
 1123              		.loc 1 396 8 is_stmt 0 view .LVU334
 1124 005a 0028     		cmp	r0, #0
 1125 005c F0D0     		beq	.L67
 399:Drivers/STM32F0xx_HAL_Driver/Src/stm32f0xx_hal_flash_ex.c ****       return status;
 1126              		.loc 1 399 7 is_stmt 1 view .LVU335
 399:Drivers/STM32F0xx_HAL_Driver/Src/stm32f0xx_hal_flash_ex.c ****       return status;
 1127              		.loc 1 399 7 view .LVU336
 1128 005e 0C4B     		ldr	r3, .L79
 1129 0060 0022     		movs	r2, #0
 1130 0062 1A76     		strb	r2, [r3, #24]
 399:Drivers/STM32F0xx_HAL_Driver/Src/stm32f0xx_hal_flash_ex.c ****       return status;
 1131              		.loc 1 399 7 view .LVU337
 400:Drivers/STM32F0xx_HAL_Driver/Src/stm32f0xx_hal_flash_ex.c ****     }
 1132              		.loc 1 400 7 view .LVU338
 400:Drivers/STM32F0xx_HAL_Driver/Src/stm32f0xx_hal_flash_ex.c ****     }
 1133              		.loc 1 400 14 is_stmt 0 view .LVU339
 1134 0064 F5E7     		b	.L63
 1135              	.L77:
 407:Drivers/STM32F0xx_HAL_Driver/Src/stm32f0xx_hal_flash_ex.c ****     if (status != HAL_OK)
 1136              		.loc 1 407 5 is_stmt 1 view .LVU340
 407:Drivers/STM32F0xx_HAL_Driver/Src/stm32f0xx_hal_flash_ex.c ****     if (status != HAL_OK)
 1137              		.loc 1 407 14 is_stmt 0 view .LVU341
 1138 0066 607B     		ldrb	r0, [r4, #13]
 1139              	.LVL118:
 407:Drivers/STM32F0xx_HAL_Driver/Src/stm32f0xx_hal_flash_ex.c ****     if (status != HAL_OK)
 1140              		.loc 1 407 14 view .LVU342
 1141 0068 FFF7FEFF 		bl	FLASH_OB_UserConfig
 1142              	.LVL119:
 408:Drivers/STM32F0xx_HAL_Driver/Src/stm32f0xx_hal_flash_ex.c ****     {
 1143              		.loc 1 408 5 is_stmt 1 view .LVU343
 408:Drivers/STM32F0xx_HAL_Driver/Src/stm32f0xx_hal_flash_ex.c ****     {
 1144              		.loc 1 408 8 is_stmt 0 view .LVU344
 1145 006c 0028     		cmp	r0, #0
 1146 006e EAD0     		beq	.L68
 411:Drivers/STM32F0xx_HAL_Driver/Src/stm32f0xx_hal_flash_ex.c ****       return status;
 1147              		.loc 1 411 7 is_stmt 1 view .LVU345
 411:Drivers/STM32F0xx_HAL_Driver/Src/stm32f0xx_hal_flash_ex.c ****       return status;
 1148              		.loc 1 411 7 view .LVU346
 1149 0070 074B     		ldr	r3, .L79
 1150 0072 0022     		movs	r2, #0
 1151 0074 1A76     		strb	r2, [r3, #24]
 411:Drivers/STM32F0xx_HAL_Driver/Src/stm32f0xx_hal_flash_ex.c ****       return status;
 1152              		.loc 1 411 7 view .LVU347
 412:Drivers/STM32F0xx_HAL_Driver/Src/stm32f0xx_hal_flash_ex.c ****     }
 1153              		.loc 1 412 7 view .LVU348
 412:Drivers/STM32F0xx_HAL_Driver/Src/stm32f0xx_hal_flash_ex.c ****     }
 1154              		.loc 1 412 14 is_stmt 0 view .LVU349
 1155 0076 ECE7     		b	.L63
 1156              	.L78:
 419:Drivers/STM32F0xx_HAL_Driver/Src/stm32f0xx_hal_flash_ex.c ****     if (status != HAL_OK)
 1157              		.loc 1 419 5 is_stmt 1 view .LVU350
 419:Drivers/STM32F0xx_HAL_Driver/Src/stm32f0xx_hal_flash_ex.c ****     if (status != HAL_OK)
ARM GAS  /tmp/cc84vCsN.s 			page 43


 1158              		.loc 1 419 14 is_stmt 0 view .LVU351
 1159 0078 217D     		ldrb	r1, [r4, #20]
 1160 007a 2069     		ldr	r0, [r4, #16]
 1161              	.LVL120:
 419:Drivers/STM32F0xx_HAL_Driver/Src/stm32f0xx_hal_flash_ex.c ****     if (status != HAL_OK)
 1162              		.loc 1 419 14 view .LVU352
 1163 007c FFF7FEFF 		bl	FLASH_OB_ProgramData
 1164              	.LVL121:
 420:Drivers/STM32F0xx_HAL_Driver/Src/stm32f0xx_hal_flash_ex.c ****     {
 1165              		.loc 1 420 5 is_stmt 1 view .LVU353
 420:Drivers/STM32F0xx_HAL_Driver/Src/stm32f0xx_hal_flash_ex.c ****     {
 1166              		.loc 1 420 8 is_stmt 0 view .LVU354
 1167 0080 0028     		cmp	r0, #0
 1168 0082 E3D0     		beq	.L69
 423:Drivers/STM32F0xx_HAL_Driver/Src/stm32f0xx_hal_flash_ex.c ****       return status;
 1169              		.loc 1 423 7 is_stmt 1 view .LVU355
 423:Drivers/STM32F0xx_HAL_Driver/Src/stm32f0xx_hal_flash_ex.c ****       return status;
 1170              		.loc 1 423 7 view .LVU356
 1171 0084 024B     		ldr	r3, .L79
 1172 0086 0022     		movs	r2, #0
 1173 0088 1A76     		strb	r2, [r3, #24]
 423:Drivers/STM32F0xx_HAL_Driver/Src/stm32f0xx_hal_flash_ex.c ****       return status;
 1174              		.loc 1 423 7 view .LVU357
 424:Drivers/STM32F0xx_HAL_Driver/Src/stm32f0xx_hal_flash_ex.c ****     }
 1175              		.loc 1 424 7 view .LVU358
 424:Drivers/STM32F0xx_HAL_Driver/Src/stm32f0xx_hal_flash_ex.c ****     }
 1176              		.loc 1 424 14 is_stmt 0 view .LVU359
 1177 008a E2E7     		b	.L63
 1178              	.LVL122:
 1179              	.L70:
 365:Drivers/STM32F0xx_HAL_Driver/Src/stm32f0xx_hal_flash_ex.c **** 
 1180              		.loc 1 365 3 discriminator 1 view .LVU360
 1181 008c 0220     		movs	r0, #2
 1182              	.LVL123:
 365:Drivers/STM32F0xx_HAL_Driver/Src/stm32f0xx_hal_flash_ex.c **** 
 1183              		.loc 1 365 3 discriminator 1 view .LVU361
 1184 008e E0E7     		b	.L63
 1185              	.L80:
 1186              		.align	2
 1187              	.L79:
 1188 0090 00000000 		.word	pFlash
 1189              		.cfi_endproc
 1190              	.LFE43:
 1192              		.section	.text.HAL_FLASHEx_OBGetConfig,"ax",%progbits
 1193              		.align	1
 1194              		.global	HAL_FLASHEx_OBGetConfig
 1195              		.syntax unified
 1196              		.code	16
 1197              		.thumb_func
 1199              	HAL_FLASHEx_OBGetConfig:
 1200              	.LVL124:
 1201              	.LFB44:
 442:Drivers/STM32F0xx_HAL_Driver/Src/stm32f0xx_hal_flash_ex.c ****   pOBInit->OptionType = OPTIONBYTE_WRP | OPTIONBYTE_RDP | OPTIONBYTE_USER;
 1202              		.loc 1 442 1 is_stmt 1 view -0
 1203              		.cfi_startproc
 1204              		@ args = 0, pretend = 0, frame = 0
 1205              		@ frame_needed = 0, uses_anonymous_args = 0
ARM GAS  /tmp/cc84vCsN.s 			page 44


 442:Drivers/STM32F0xx_HAL_Driver/Src/stm32f0xx_hal_flash_ex.c ****   pOBInit->OptionType = OPTIONBYTE_WRP | OPTIONBYTE_RDP | OPTIONBYTE_USER;
 1206              		.loc 1 442 1 is_stmt 0 view .LVU363
 1207 0000 10B5     		push	{r4, lr}
 1208              	.LCFI7:
 1209              		.cfi_def_cfa_offset 8
 1210              		.cfi_offset 4, -8
 1211              		.cfi_offset 14, -4
 1212 0002 0400     		movs	r4, r0
 443:Drivers/STM32F0xx_HAL_Driver/Src/stm32f0xx_hal_flash_ex.c **** 
 1213              		.loc 1 443 3 is_stmt 1 view .LVU364
 443:Drivers/STM32F0xx_HAL_Driver/Src/stm32f0xx_hal_flash_ex.c **** 
 1214              		.loc 1 443 23 is_stmt 0 view .LVU365
 1215 0004 0723     		movs	r3, #7
 1216 0006 0360     		str	r3, [r0]
 446:Drivers/STM32F0xx_HAL_Driver/Src/stm32f0xx_hal_flash_ex.c **** 
 1217              		.loc 1 446 3 is_stmt 1 view .LVU366
 446:Drivers/STM32F0xx_HAL_Driver/Src/stm32f0xx_hal_flash_ex.c **** 
 1218              		.loc 1 446 22 is_stmt 0 view .LVU367
 1219 0008 FFF7FEFF 		bl	FLASH_OB_GetWRP
 1220              	.LVL125:
 446:Drivers/STM32F0xx_HAL_Driver/Src/stm32f0xx_hal_flash_ex.c **** 
 1221              		.loc 1 446 20 discriminator 1 view .LVU368
 1222 000c A060     		str	r0, [r4, #8]
 449:Drivers/STM32F0xx_HAL_Driver/Src/stm32f0xx_hal_flash_ex.c **** 
 1223              		.loc 1 449 3 is_stmt 1 view .LVU369
 449:Drivers/STM32F0xx_HAL_Driver/Src/stm32f0xx_hal_flash_ex.c **** 
 1224              		.loc 1 449 23 is_stmt 0 view .LVU370
 1225 000e FFF7FEFF 		bl	FLASH_OB_GetRDP
 1226              	.LVL126:
 449:Drivers/STM32F0xx_HAL_Driver/Src/stm32f0xx_hal_flash_ex.c **** 
 1227              		.loc 1 449 21 discriminator 1 view .LVU371
 1228 0012 2073     		strb	r0, [r4, #12]
 452:Drivers/STM32F0xx_HAL_Driver/Src/stm32f0xx_hal_flash_ex.c **** }
 1229              		.loc 1 452 3 is_stmt 1 view .LVU372
 452:Drivers/STM32F0xx_HAL_Driver/Src/stm32f0xx_hal_flash_ex.c **** }
 1230              		.loc 1 452 25 is_stmt 0 view .LVU373
 1231 0014 FFF7FEFF 		bl	FLASH_OB_GetUser
 1232              	.LVL127:
 452:Drivers/STM32F0xx_HAL_Driver/Src/stm32f0xx_hal_flash_ex.c **** }
 1233              		.loc 1 452 23 discriminator 1 view .LVU374
 1234 0018 6073     		strb	r0, [r4, #13]
 453:Drivers/STM32F0xx_HAL_Driver/Src/stm32f0xx_hal_flash_ex.c **** 
 1235              		.loc 1 453 1 view .LVU375
 1236              		@ sp needed
 1237              	.LVL128:
 453:Drivers/STM32F0xx_HAL_Driver/Src/stm32f0xx_hal_flash_ex.c **** 
 1238              		.loc 1 453 1 view .LVU376
 1239 001a 10BD     		pop	{r4, pc}
 1240              		.cfi_endproc
 1241              	.LFE44:
 1243              		.section	.text.HAL_FLASHEx_OBGetUserData,"ax",%progbits
 1244              		.align	1
 1245              		.global	HAL_FLASHEx_OBGetUserData
 1246              		.syntax unified
 1247              		.code	16
 1248              		.thumb_func
 1250              	HAL_FLASHEx_OBGetUserData:
ARM GAS  /tmp/cc84vCsN.s 			page 45


 1251              	.LVL129:
 1252              	.LFB45:
 464:Drivers/STM32F0xx_HAL_Driver/Src/stm32f0xx_hal_flash_ex.c ****   uint32_t value = 0U;
 1253              		.loc 1 464 1 is_stmt 1 view -0
 1254              		.cfi_startproc
 1255              		@ args = 0, pretend = 0, frame = 0
 1256              		@ frame_needed = 0, uses_anonymous_args = 0
 1257              		@ link register save eliminated.
 465:Drivers/STM32F0xx_HAL_Driver/Src/stm32f0xx_hal_flash_ex.c ****   
 1258              		.loc 1 465 3 view .LVU378
 467:Drivers/STM32F0xx_HAL_Driver/Src/stm32f0xx_hal_flash_ex.c ****   {
 1259              		.loc 1 467 3 view .LVU379
 467:Drivers/STM32F0xx_HAL_Driver/Src/stm32f0xx_hal_flash_ex.c ****   {
 1260              		.loc 1 467 6 is_stmt 0 view .LVU380
 1261 0000 064B     		ldr	r3, .L86
 1262 0002 9842     		cmp	r0, r3
 1263 0004 03D0     		beq	.L85
 475:Drivers/STM32F0xx_HAL_Driver/Src/stm32f0xx_hal_flash_ex.c ****   }
 1264              		.loc 1 475 5 is_stmt 1 view .LVU381
 475:Drivers/STM32F0xx_HAL_Driver/Src/stm32f0xx_hal_flash_ex.c ****   }
 1265              		.loc 1 475 13 is_stmt 0 view .LVU382
 1266 0006 064B     		ldr	r3, .L86+4
 1267 0008 D869     		ldr	r0, [r3, #28]
 1268              	.LVL130:
 475:Drivers/STM32F0xx_HAL_Driver/Src/stm32f0xx_hal_flash_ex.c ****   }
 1269              		.loc 1 475 51 view .LVU383
 1270 000a 000E     		lsrs	r0, r0, #24
 1271              	.LVL131:
 478:Drivers/STM32F0xx_HAL_Driver/Src/stm32f0xx_hal_flash_ex.c **** }
 1272              		.loc 1 478 3 is_stmt 1 view .LVU384
 1273              	.L82:
 479:Drivers/STM32F0xx_HAL_Driver/Src/stm32f0xx_hal_flash_ex.c **** 
 1274              		.loc 1 479 1 is_stmt 0 view .LVU385
 1275              		@ sp needed
 1276 000c 7047     		bx	lr
 1277              	.LVL132:
 1278              	.L85:
 470:Drivers/STM32F0xx_HAL_Driver/Src/stm32f0xx_hal_flash_ex.c ****   }
 1279              		.loc 1 470 5 is_stmt 1 view .LVU386
 470:Drivers/STM32F0xx_HAL_Driver/Src/stm32f0xx_hal_flash_ex.c ****   }
 1280              		.loc 1 470 13 is_stmt 0 view .LVU387
 1281 000e 044B     		ldr	r3, .L86+4
 1282 0010 DB69     		ldr	r3, [r3, #28]
 470:Drivers/STM32F0xx_HAL_Driver/Src/stm32f0xx_hal_flash_ex.c ****   }
 1283              		.loc 1 470 51 view .LVU388
 1284 0012 1B0C     		lsrs	r3, r3, #16
 470:Drivers/STM32F0xx_HAL_Driver/Src/stm32f0xx_hal_flash_ex.c ****   }
 1285              		.loc 1 470 11 view .LVU389
 1286 0014 FF20     		movs	r0, #255
 1287              	.LVL133:
 470:Drivers/STM32F0xx_HAL_Driver/Src/stm32f0xx_hal_flash_ex.c ****   }
 1288              		.loc 1 470 11 view .LVU390
 1289 0016 1840     		ands	r0, r3
 1290              	.LVL134:
 470:Drivers/STM32F0xx_HAL_Driver/Src/stm32f0xx_hal_flash_ex.c ****   }
 1291              		.loc 1 470 11 view .LVU391
 1292 0018 F8E7     		b	.L82
ARM GAS  /tmp/cc84vCsN.s 			page 46


 1293              	.L87:
 1294 001a C046     		.align	2
 1295              	.L86:
 1296 001c 04F8FF1F 		.word	536868868
 1297 0020 00200240 		.word	1073881088
 1298              		.cfi_endproc
 1299              	.LFE45:
 1301              		.section	.text.FLASH_PageErase,"ax",%progbits
 1302              		.align	1
 1303              		.global	FLASH_PageErase
 1304              		.syntax unified
 1305              		.code	16
 1306              		.thumb_func
 1308              	FLASH_PageErase:
 1309              	.LVL135:
 1310              	.LFB55:
 934:Drivers/STM32F0xx_HAL_Driver/Src/stm32f0xx_hal_flash_ex.c **** 
 935:Drivers/STM32F0xx_HAL_Driver/Src/stm32f0xx_hal_flash_ex.c **** /**
 936:Drivers/STM32F0xx_HAL_Driver/Src/stm32f0xx_hal_flash_ex.c ****   * @}
 937:Drivers/STM32F0xx_HAL_Driver/Src/stm32f0xx_hal_flash_ex.c ****   */
 938:Drivers/STM32F0xx_HAL_Driver/Src/stm32f0xx_hal_flash_ex.c **** 
 939:Drivers/STM32F0xx_HAL_Driver/Src/stm32f0xx_hal_flash_ex.c **** /**
 940:Drivers/STM32F0xx_HAL_Driver/Src/stm32f0xx_hal_flash_ex.c ****   * @}
 941:Drivers/STM32F0xx_HAL_Driver/Src/stm32f0xx_hal_flash_ex.c ****   */
 942:Drivers/STM32F0xx_HAL_Driver/Src/stm32f0xx_hal_flash_ex.c **** 
 943:Drivers/STM32F0xx_HAL_Driver/Src/stm32f0xx_hal_flash_ex.c **** /** @addtogroup FLASH
 944:Drivers/STM32F0xx_HAL_Driver/Src/stm32f0xx_hal_flash_ex.c ****   * @{
 945:Drivers/STM32F0xx_HAL_Driver/Src/stm32f0xx_hal_flash_ex.c ****   */
 946:Drivers/STM32F0xx_HAL_Driver/Src/stm32f0xx_hal_flash_ex.c **** 
 947:Drivers/STM32F0xx_HAL_Driver/Src/stm32f0xx_hal_flash_ex.c **** /** @addtogroup FLASH_Private_Functions
 948:Drivers/STM32F0xx_HAL_Driver/Src/stm32f0xx_hal_flash_ex.c ****  * @{
 949:Drivers/STM32F0xx_HAL_Driver/Src/stm32f0xx_hal_flash_ex.c ****  */
 950:Drivers/STM32F0xx_HAL_Driver/Src/stm32f0xx_hal_flash_ex.c **** 
 951:Drivers/STM32F0xx_HAL_Driver/Src/stm32f0xx_hal_flash_ex.c **** /**
 952:Drivers/STM32F0xx_HAL_Driver/Src/stm32f0xx_hal_flash_ex.c ****   * @brief  Erase the specified FLASH memory page
 953:Drivers/STM32F0xx_HAL_Driver/Src/stm32f0xx_hal_flash_ex.c ****   * @param  PageAddress FLASH page to erase
 954:Drivers/STM32F0xx_HAL_Driver/Src/stm32f0xx_hal_flash_ex.c ****   *         The value of this parameter depend on device used within the same series      
 955:Drivers/STM32F0xx_HAL_Driver/Src/stm32f0xx_hal_flash_ex.c ****   * 
 956:Drivers/STM32F0xx_HAL_Driver/Src/stm32f0xx_hal_flash_ex.c ****   * @retval None
 957:Drivers/STM32F0xx_HAL_Driver/Src/stm32f0xx_hal_flash_ex.c ****   */
 958:Drivers/STM32F0xx_HAL_Driver/Src/stm32f0xx_hal_flash_ex.c **** void FLASH_PageErase(uint32_t PageAddress)
 959:Drivers/STM32F0xx_HAL_Driver/Src/stm32f0xx_hal_flash_ex.c **** {
 1311              		.loc 1 959 1 is_stmt 1 view -0
 1312              		.cfi_startproc
 1313              		@ args = 0, pretend = 0, frame = 0
 1314              		@ frame_needed = 0, uses_anonymous_args = 0
 1315              		@ link register save eliminated.
 960:Drivers/STM32F0xx_HAL_Driver/Src/stm32f0xx_hal_flash_ex.c ****   /* Clean the error context */
 961:Drivers/STM32F0xx_HAL_Driver/Src/stm32f0xx_hal_flash_ex.c ****   pFlash.ErrorCode = HAL_FLASH_ERROR_NONE;
 1316              		.loc 1 961 3 view .LVU393
 1317              		.loc 1 961 20 is_stmt 0 view .LVU394
 1318 0000 064B     		ldr	r3, .L89
 1319 0002 0022     		movs	r2, #0
 1320 0004 DA61     		str	r2, [r3, #28]
 962:Drivers/STM32F0xx_HAL_Driver/Src/stm32f0xx_hal_flash_ex.c **** 
 963:Drivers/STM32F0xx_HAL_Driver/Src/stm32f0xx_hal_flash_ex.c ****     /* Proceed to erase the page */
 964:Drivers/STM32F0xx_HAL_Driver/Src/stm32f0xx_hal_flash_ex.c ****     SET_BIT(FLASH->CR, FLASH_CR_PER);
ARM GAS  /tmp/cc84vCsN.s 			page 47


 1321              		.loc 1 964 5 is_stmt 1 view .LVU395
 1322 0006 064B     		ldr	r3, .L89+4
 1323 0008 1A69     		ldr	r2, [r3, #16]
 1324 000a 0221     		movs	r1, #2
 1325 000c 0A43     		orrs	r2, r1
 1326 000e 1A61     		str	r2, [r3, #16]
 965:Drivers/STM32F0xx_HAL_Driver/Src/stm32f0xx_hal_flash_ex.c ****     WRITE_REG(FLASH->AR, PageAddress);
 1327              		.loc 1 965 5 view .LVU396
 1328 0010 5861     		str	r0, [r3, #20]
 966:Drivers/STM32F0xx_HAL_Driver/Src/stm32f0xx_hal_flash_ex.c ****     SET_BIT(FLASH->CR, FLASH_CR_STRT);
 1329              		.loc 1 966 5 view .LVU397
 1330 0012 1A69     		ldr	r2, [r3, #16]
 1331 0014 3E31     		adds	r1, r1, #62
 1332 0016 0A43     		orrs	r2, r1
 1333 0018 1A61     		str	r2, [r3, #16]
 967:Drivers/STM32F0xx_HAL_Driver/Src/stm32f0xx_hal_flash_ex.c **** }
 1334              		.loc 1 967 1 is_stmt 0 view .LVU398
 1335              		@ sp needed
 1336 001a 7047     		bx	lr
 1337              	.L90:
 1338              		.align	2
 1339              	.L89:
 1340 001c 00000000 		.word	pFlash
 1341 0020 00200240 		.word	1073881088
 1342              		.cfi_endproc
 1343              	.LFE55:
 1345              		.section	.text.HAL_FLASHEx_Erase,"ax",%progbits
 1346              		.align	1
 1347              		.global	HAL_FLASHEx_Erase
 1348              		.syntax unified
 1349              		.code	16
 1350              		.thumb_func
 1352              	HAL_FLASHEx_Erase:
 1353              	.LVL136:
 1354              	.LFB40:
 158:Drivers/STM32F0xx_HAL_Driver/Src/stm32f0xx_hal_flash_ex.c ****   HAL_StatusTypeDef status = HAL_ERROR;
 1355              		.loc 1 158 1 is_stmt 1 view -0
 1356              		.cfi_startproc
 1357              		@ args = 0, pretend = 0, frame = 0
 1358              		@ frame_needed = 0, uses_anonymous_args = 0
 158:Drivers/STM32F0xx_HAL_Driver/Src/stm32f0xx_hal_flash_ex.c ****   HAL_StatusTypeDef status = HAL_ERROR;
 1359              		.loc 1 158 1 is_stmt 0 view .LVU400
 1360 0000 70B5     		push	{r4, r5, r6, lr}
 1361              	.LCFI8:
 1362              		.cfi_def_cfa_offset 16
 1363              		.cfi_offset 4, -16
 1364              		.cfi_offset 5, -12
 1365              		.cfi_offset 6, -8
 1366              		.cfi_offset 14, -4
 1367 0002 0500     		movs	r5, r0
 1368 0004 0E00     		movs	r6, r1
 159:Drivers/STM32F0xx_HAL_Driver/Src/stm32f0xx_hal_flash_ex.c ****   uint32_t address = 0U;
 1369              		.loc 1 159 3 is_stmt 1 view .LVU401
 1370              	.LVL137:
 160:Drivers/STM32F0xx_HAL_Driver/Src/stm32f0xx_hal_flash_ex.c **** 
 1371              		.loc 1 160 3 view .LVU402
 163:Drivers/STM32F0xx_HAL_Driver/Src/stm32f0xx_hal_flash_ex.c **** 
ARM GAS  /tmp/cc84vCsN.s 			page 48


 1372              		.loc 1 163 3 view .LVU403
 163:Drivers/STM32F0xx_HAL_Driver/Src/stm32f0xx_hal_flash_ex.c **** 
 1373              		.loc 1 163 3 view .LVU404
 1374 0006 234B     		ldr	r3, .L104
 1375 0008 1B7E     		ldrb	r3, [r3, #24]
 1376 000a 012B     		cmp	r3, #1
 1377 000c 40D0     		beq	.L98
 163:Drivers/STM32F0xx_HAL_Driver/Src/stm32f0xx_hal_flash_ex.c **** 
 1378              		.loc 1 163 3 discriminator 2 view .LVU405
 1379 000e 214B     		ldr	r3, .L104
 1380 0010 0122     		movs	r2, #1
 1381 0012 1A76     		strb	r2, [r3, #24]
 163:Drivers/STM32F0xx_HAL_Driver/Src/stm32f0xx_hal_flash_ex.c **** 
 1382              		.loc 1 163 3 discriminator 2 view .LVU406
 166:Drivers/STM32F0xx_HAL_Driver/Src/stm32f0xx_hal_flash_ex.c **** 
 1383              		.loc 1 166 3 view .LVU407
 168:Drivers/STM32F0xx_HAL_Driver/Src/stm32f0xx_hal_flash_ex.c ****   {
 1384              		.loc 1 168 3 view .LVU408
 168:Drivers/STM32F0xx_HAL_Driver/Src/stm32f0xx_hal_flash_ex.c ****   {
 1385              		.loc 1 168 17 is_stmt 0 view .LVU409
 1386 0014 0368     		ldr	r3, [r0]
 168:Drivers/STM32F0xx_HAL_Driver/Src/stm32f0xx_hal_flash_ex.c ****   {
 1387              		.loc 1 168 6 view .LVU410
 1388 0016 012B     		cmp	r3, #1
 1389 0018 21D0     		beq	.L101
 188:Drivers/STM32F0xx_HAL_Driver/Src/stm32f0xx_hal_flash_ex.c ****     assert_param(IS_FLASH_NB_PAGES(pEraseInit->PageAddress, pEraseInit->NbPages));
 1390              		.loc 1 188 5 is_stmt 1 view .LVU411
 189:Drivers/STM32F0xx_HAL_Driver/Src/stm32f0xx_hal_flash_ex.c ****     
 1391              		.loc 1 189 5 view .LVU412
 193:Drivers/STM32F0xx_HAL_Driver/Src/stm32f0xx_hal_flash_ex.c ****       {
 1392              		.loc 1 193 7 view .LVU413
 193:Drivers/STM32F0xx_HAL_Driver/Src/stm32f0xx_hal_flash_ex.c ****       {
 1393              		.loc 1 193 11 is_stmt 0 view .LVU414
 1394 001a 1F48     		ldr	r0, .L104+4
 1395              	.LVL138:
 193:Drivers/STM32F0xx_HAL_Driver/Src/stm32f0xx_hal_flash_ex.c ****       {
 1396              		.loc 1 193 11 view .LVU415
 1397 001c FFF7FEFF 		bl	FLASH_WaitForLastOperation
 1398              	.LVL139:
 193:Drivers/STM32F0xx_HAL_Driver/Src/stm32f0xx_hal_flash_ex.c ****       {
 1399              		.loc 1 193 10 discriminator 1 view .LVU416
 1400 0020 0028     		cmp	r0, #0
 1401 0022 30D1     		bne	.L100
 196:Drivers/STM32F0xx_HAL_Driver/Src/stm32f0xx_hal_flash_ex.c ****         
 1402              		.loc 1 196 9 is_stmt 1 view .LVU417
 196:Drivers/STM32F0xx_HAL_Driver/Src/stm32f0xx_hal_flash_ex.c ****         
 1403              		.loc 1 196 20 is_stmt 0 view .LVU418
 1404 0024 0123     		movs	r3, #1
 1405 0026 5B42     		rsbs	r3, r3, #0
 1406 0028 3360     		str	r3, [r6]
 199:Drivers/STM32F0xx_HAL_Driver/Src/stm32f0xx_hal_flash_ex.c ****             address < ((pEraseInit->NbPages * FLASH_PAGE_SIZE) + pEraseInit->PageAddress);
 1407              		.loc 1 199 9 is_stmt 1 view .LVU419
 199:Drivers/STM32F0xx_HAL_Driver/Src/stm32f0xx_hal_flash_ex.c ****             address < ((pEraseInit->NbPages * FLASH_PAGE_SIZE) + pEraseInit->PageAddress);
 1408              		.loc 1 199 21 is_stmt 0 view .LVU420
 1409 002a 6C68     		ldr	r4, [r5, #4]
 1410              	.LVL140:
 159:Drivers/STM32F0xx_HAL_Driver/Src/stm32f0xx_hal_flash_ex.c ****   uint32_t address = 0U;
ARM GAS  /tmp/cc84vCsN.s 			page 49


 1411              		.loc 1 159 21 view .LVU421
 1412 002c 0130     		adds	r0, r0, #1
 1413              	.LVL141:
 1414              	.L95:
 200:Drivers/STM32F0xx_HAL_Driver/Src/stm32f0xx_hal_flash_ex.c ****             address += FLASH_PAGE_SIZE)
 1415              		.loc 1 200 21 is_stmt 1 view .LVU422
 200:Drivers/STM32F0xx_HAL_Driver/Src/stm32f0xx_hal_flash_ex.c ****             address += FLASH_PAGE_SIZE)
 1416              		.loc 1 200 35 is_stmt 0 view .LVU423
 1417 002e AB68     		ldr	r3, [r5, #8]
 200:Drivers/STM32F0xx_HAL_Driver/Src/stm32f0xx_hal_flash_ex.c ****             address += FLASH_PAGE_SIZE)
 1418              		.loc 1 200 45 view .LVU424
 1419 0030 DB02     		lsls	r3, r3, #11
 200:Drivers/STM32F0xx_HAL_Driver/Src/stm32f0xx_hal_flash_ex.c ****             address += FLASH_PAGE_SIZE)
 1420              		.loc 1 200 76 view .LVU425
 1421 0032 6A68     		ldr	r2, [r5, #4]
 200:Drivers/STM32F0xx_HAL_Driver/Src/stm32f0xx_hal_flash_ex.c ****             address += FLASH_PAGE_SIZE)
 1422              		.loc 1 200 64 view .LVU426
 1423 0034 9B18     		adds	r3, r3, r2
 200:Drivers/STM32F0xx_HAL_Driver/Src/stm32f0xx_hal_flash_ex.c ****             address += FLASH_PAGE_SIZE)
 1424              		.loc 1 200 21 view .LVU427
 1425 0036 A342     		cmp	r3, r4
 1426 0038 26D9     		bls	.L94
 203:Drivers/STM32F0xx_HAL_Driver/Src/stm32f0xx_hal_flash_ex.c ****           
 1427              		.loc 1 203 11 is_stmt 1 view .LVU428
 1428 003a 2000     		movs	r0, r4
 1429              	.LVL142:
 203:Drivers/STM32F0xx_HAL_Driver/Src/stm32f0xx_hal_flash_ex.c ****           
 1430              		.loc 1 203 11 is_stmt 0 view .LVU429
 1431 003c FFF7FEFF 		bl	FLASH_PageErase
 1432              	.LVL143:
 206:Drivers/STM32F0xx_HAL_Driver/Src/stm32f0xx_hal_flash_ex.c ****           
 1433              		.loc 1 206 11 is_stmt 1 view .LVU430
 206:Drivers/STM32F0xx_HAL_Driver/Src/stm32f0xx_hal_flash_ex.c ****           
 1434              		.loc 1 206 20 is_stmt 0 view .LVU431
 1435 0040 1548     		ldr	r0, .L104+4
 1436 0042 FFF7FEFF 		bl	FLASH_WaitForLastOperation
 1437              	.LVL144:
 209:Drivers/STM32F0xx_HAL_Driver/Src/stm32f0xx_hal_flash_ex.c ****           
 1438              		.loc 1 209 11 is_stmt 1 view .LVU432
 1439 0046 154A     		ldr	r2, .L104+8
 1440 0048 1369     		ldr	r3, [r2, #16]
 1441 004a 0221     		movs	r1, #2
 1442 004c 8B43     		bics	r3, r1
 1443 004e 1361     		str	r3, [r2, #16]
 211:Drivers/STM32F0xx_HAL_Driver/Src/stm32f0xx_hal_flash_ex.c ****           {
 1444              		.loc 1 211 11 view .LVU433
 211:Drivers/STM32F0xx_HAL_Driver/Src/stm32f0xx_hal_flash_ex.c ****           {
 1445              		.loc 1 211 14 is_stmt 0 view .LVU434
 1446 0050 0028     		cmp	r0, #0
 1447 0052 16D1     		bne	.L102
 201:Drivers/STM32F0xx_HAL_Driver/Src/stm32f0xx_hal_flash_ex.c ****         {
 1448              		.loc 1 201 21 is_stmt 1 view .LVU435
 1449 0054 8023     		movs	r3, #128
 1450 0056 1B01     		lsls	r3, r3, #4
 1451 0058 9C46     		mov	ip, r3
 1452 005a 6444     		add	r4, r4, ip
 1453              	.LVL145:
ARM GAS  /tmp/cc84vCsN.s 			page 50


 201:Drivers/STM32F0xx_HAL_Driver/Src/stm32f0xx_hal_flash_ex.c ****         {
 1454              		.loc 1 201 21 is_stmt 0 view .LVU436
 1455 005c E7E7     		b	.L95
 1456              	.LVL146:
 1457              	.L101:
 172:Drivers/STM32F0xx_HAL_Driver/Src/stm32f0xx_hal_flash_ex.c ****       {
 1458              		.loc 1 172 7 is_stmt 1 view .LVU437
 172:Drivers/STM32F0xx_HAL_Driver/Src/stm32f0xx_hal_flash_ex.c ****       {
 1459              		.loc 1 172 11 is_stmt 0 view .LVU438
 1460 005e 0E48     		ldr	r0, .L104+4
 1461              	.LVL147:
 172:Drivers/STM32F0xx_HAL_Driver/Src/stm32f0xx_hal_flash_ex.c ****       {
 1462              		.loc 1 172 11 view .LVU439
 1463 0060 FFF7FEFF 		bl	FLASH_WaitForLastOperation
 1464              	.LVL148:
 172:Drivers/STM32F0xx_HAL_Driver/Src/stm32f0xx_hal_flash_ex.c ****       {
 1465              		.loc 1 172 10 discriminator 1 view .LVU440
 1466 0064 0028     		cmp	r0, #0
 1467 0066 01D0     		beq	.L103
 159:Drivers/STM32F0xx_HAL_Driver/Src/stm32f0xx_hal_flash_ex.c ****   uint32_t address = 0U;
 1468              		.loc 1 159 21 view .LVU441
 1469 0068 0120     		movs	r0, #1
 1470 006a 0DE0     		b	.L94
 1471              	.L103:
 175:Drivers/STM32F0xx_HAL_Driver/Src/stm32f0xx_hal_flash_ex.c ****         
 1472              		.loc 1 175 9 is_stmt 1 view .LVU442
 1473 006c FFF7FEFF 		bl	FLASH_MassErase
 1474              	.LVL149:
 178:Drivers/STM32F0xx_HAL_Driver/Src/stm32f0xx_hal_flash_ex.c ****         
 1475              		.loc 1 178 9 view .LVU443
 178:Drivers/STM32F0xx_HAL_Driver/Src/stm32f0xx_hal_flash_ex.c ****         
 1476              		.loc 1 178 18 is_stmt 0 view .LVU444
 1477 0070 0948     		ldr	r0, .L104+4
 1478 0072 FFF7FEFF 		bl	FLASH_WaitForLastOperation
 1479              	.LVL150:
 181:Drivers/STM32F0xx_HAL_Driver/Src/stm32f0xx_hal_flash_ex.c ****       }
 1480              		.loc 1 181 9 is_stmt 1 view .LVU445
 1481 0076 094A     		ldr	r2, .L104+8
 1482 0078 1369     		ldr	r3, [r2, #16]
 1483 007a 0421     		movs	r1, #4
 1484 007c 8B43     		bics	r3, r1
 1485 007e 1361     		str	r3, [r2, #16]
 1486 0080 02E0     		b	.L94
 1487              	.LVL151:
 1488              	.L102:
 214:Drivers/STM32F0xx_HAL_Driver/Src/stm32f0xx_hal_flash_ex.c ****             break;
 1489              		.loc 1 214 13 view .LVU446
 214:Drivers/STM32F0xx_HAL_Driver/Src/stm32f0xx_hal_flash_ex.c ****             break;
 1490              		.loc 1 214 24 is_stmt 0 view .LVU447
 1491 0082 3460     		str	r4, [r6]
 215:Drivers/STM32F0xx_HAL_Driver/Src/stm32f0xx_hal_flash_ex.c ****           }
 1492              		.loc 1 215 13 is_stmt 1 view .LVU448
 1493 0084 00E0     		b	.L94
 1494              	.LVL152:
 1495              	.L100:
 159:Drivers/STM32F0xx_HAL_Driver/Src/stm32f0xx_hal_flash_ex.c ****   uint32_t address = 0U;
 1496              		.loc 1 159 21 is_stmt 0 view .LVU449
ARM GAS  /tmp/cc84vCsN.s 			page 51


 1497 0086 0120     		movs	r0, #1
 1498              	.LVL153:
 1499              	.L94:
 222:Drivers/STM32F0xx_HAL_Driver/Src/stm32f0xx_hal_flash_ex.c **** 
 1500              		.loc 1 222 3 is_stmt 1 view .LVU450
 222:Drivers/STM32F0xx_HAL_Driver/Src/stm32f0xx_hal_flash_ex.c **** 
 1501              		.loc 1 222 3 view .LVU451
 1502 0088 024B     		ldr	r3, .L104
 1503 008a 0022     		movs	r2, #0
 1504 008c 1A76     		strb	r2, [r3, #24]
 222:Drivers/STM32F0xx_HAL_Driver/Src/stm32f0xx_hal_flash_ex.c **** 
 1505              		.loc 1 222 3 view .LVU452
 224:Drivers/STM32F0xx_HAL_Driver/Src/stm32f0xx_hal_flash_ex.c **** }
 1506              		.loc 1 224 3 view .LVU453
 1507              	.LVL154:
 1508              	.L92:
 225:Drivers/STM32F0xx_HAL_Driver/Src/stm32f0xx_hal_flash_ex.c **** 
 1509              		.loc 1 225 1 is_stmt 0 view .LVU454
 1510              		@ sp needed
 1511              	.LVL155:
 1512              	.LVL156:
 225:Drivers/STM32F0xx_HAL_Driver/Src/stm32f0xx_hal_flash_ex.c **** 
 1513              		.loc 1 225 1 view .LVU455
 1514 008e 70BD     		pop	{r4, r5, r6, pc}
 1515              	.LVL157:
 1516              	.L98:
 163:Drivers/STM32F0xx_HAL_Driver/Src/stm32f0xx_hal_flash_ex.c **** 
 1517              		.loc 1 163 3 discriminator 1 view .LVU456
 1518 0090 0220     		movs	r0, #2
 1519              	.LVL158:
 163:Drivers/STM32F0xx_HAL_Driver/Src/stm32f0xx_hal_flash_ex.c **** 
 1520              		.loc 1 163 3 discriminator 1 view .LVU457
 1521 0092 FCE7     		b	.L92
 1522              	.L105:
 1523              		.align	2
 1524              	.L104:
 1525 0094 00000000 		.word	pFlash
 1526 0098 50C30000 		.word	50000
 1527 009c 00200240 		.word	1073881088
 1528              		.cfi_endproc
 1529              	.LFE40:
 1531              		.section	.text.HAL_FLASHEx_Erase_IT,"ax",%progbits
 1532              		.align	1
 1533              		.global	HAL_FLASHEx_Erase_IT
 1534              		.syntax unified
 1535              		.code	16
 1536              		.thumb_func
 1538              	HAL_FLASHEx_Erase_IT:
 1539              	.LVL159:
 1540              	.LFB41:
 239:Drivers/STM32F0xx_HAL_Driver/Src/stm32f0xx_hal_flash_ex.c ****   HAL_StatusTypeDef status = HAL_OK;
 1541              		.loc 1 239 1 is_stmt 1 view -0
 1542              		.cfi_startproc
 1543              		@ args = 0, pretend = 0, frame = 0
 1544              		@ frame_needed = 0, uses_anonymous_args = 0
 239:Drivers/STM32F0xx_HAL_Driver/Src/stm32f0xx_hal_flash_ex.c ****   HAL_StatusTypeDef status = HAL_OK;
 1545              		.loc 1 239 1 is_stmt 0 view .LVU459
ARM GAS  /tmp/cc84vCsN.s 			page 52


 1546 0000 10B5     		push	{r4, lr}
 1547              	.LCFI9:
 1548              		.cfi_def_cfa_offset 8
 1549              		.cfi_offset 4, -8
 1550              		.cfi_offset 14, -4
 240:Drivers/STM32F0xx_HAL_Driver/Src/stm32f0xx_hal_flash_ex.c **** 
 1551              		.loc 1 240 3 is_stmt 1 view .LVU460
 1552              	.LVL160:
 243:Drivers/STM32F0xx_HAL_Driver/Src/stm32f0xx_hal_flash_ex.c **** 
 1553              		.loc 1 243 3 view .LVU461
 243:Drivers/STM32F0xx_HAL_Driver/Src/stm32f0xx_hal_flash_ex.c **** 
 1554              		.loc 1 243 3 view .LVU462
 1555 0002 144B     		ldr	r3, .L112
 1556 0004 1B7E     		ldrb	r3, [r3, #24]
 1557 0006 012B     		cmp	r3, #1
 1558 0008 20D0     		beq	.L109
 243:Drivers/STM32F0xx_HAL_Driver/Src/stm32f0xx_hal_flash_ex.c **** 
 1559              		.loc 1 243 3 discriminator 2 view .LVU463
 1560 000a 124B     		ldr	r3, .L112
 1561 000c 0122     		movs	r2, #1
 1562 000e 1A76     		strb	r2, [r3, #24]
 243:Drivers/STM32F0xx_HAL_Driver/Src/stm32f0xx_hal_flash_ex.c **** 
 1563              		.loc 1 243 3 discriminator 2 view .LVU464
 246:Drivers/STM32F0xx_HAL_Driver/Src/stm32f0xx_hal_flash_ex.c ****   {
 1564              		.loc 1 246 3 view .LVU465
 246:Drivers/STM32F0xx_HAL_Driver/Src/stm32f0xx_hal_flash_ex.c ****   {
 1565              		.loc 1 246 13 is_stmt 0 view .LVU466
 1566 0010 1B78     		ldrb	r3, [r3]
 1567 0012 DCB2     		uxtb	r4, r3
 246:Drivers/STM32F0xx_HAL_Driver/Src/stm32f0xx_hal_flash_ex.c ****   {
 1568              		.loc 1 246 6 view .LVU467
 1569 0014 002B     		cmp	r3, #0
 1570 0016 1BD1     		bne	.L110
 252:Drivers/STM32F0xx_HAL_Driver/Src/stm32f0xx_hal_flash_ex.c **** 
 1571              		.loc 1 252 3 is_stmt 1 view .LVU468
 255:Drivers/STM32F0xx_HAL_Driver/Src/stm32f0xx_hal_flash_ex.c **** 
 1572              		.loc 1 255 3 view .LVU469
 1573 0018 0F4A     		ldr	r2, .L112+4
 1574 001a 1169     		ldr	r1, [r2, #16]
 1575 001c A023     		movs	r3, #160
 1576 001e 5B01     		lsls	r3, r3, #5
 1577 0020 0B43     		orrs	r3, r1
 1578 0022 1361     		str	r3, [r2, #16]
 257:Drivers/STM32F0xx_HAL_Driver/Src/stm32f0xx_hal_flash_ex.c ****   {
 1579              		.loc 1 257 3 view .LVU470
 257:Drivers/STM32F0xx_HAL_Driver/Src/stm32f0xx_hal_flash_ex.c ****   {
 1580              		.loc 1 257 17 is_stmt 0 view .LVU471
 1581 0024 0368     		ldr	r3, [r0]
 257:Drivers/STM32F0xx_HAL_Driver/Src/stm32f0xx_hal_flash_ex.c ****   {
 1582              		.loc 1 257 6 view .LVU472
 1583 0026 012B     		cmp	r3, #1
 1584 0028 0AD0     		beq	.L111
 268:Drivers/STM32F0xx_HAL_Driver/Src/stm32f0xx_hal_flash_ex.c ****     assert_param(IS_FLASH_NB_PAGES(pEraseInit->PageAddress, pEraseInit->NbPages));
 1585              		.loc 1 268 5 is_stmt 1 view .LVU473
 269:Drivers/STM32F0xx_HAL_Driver/Src/stm32f0xx_hal_flash_ex.c **** 
 1586              		.loc 1 269 5 view .LVU474
 271:Drivers/STM32F0xx_HAL_Driver/Src/stm32f0xx_hal_flash_ex.c ****     pFlash.DataRemaining = pEraseInit->NbPages;
ARM GAS  /tmp/cc84vCsN.s 			page 53


 1587              		.loc 1 271 5 view .LVU475
 271:Drivers/STM32F0xx_HAL_Driver/Src/stm32f0xx_hal_flash_ex.c ****     pFlash.DataRemaining = pEraseInit->NbPages;
 1588              		.loc 1 271 29 is_stmt 0 view .LVU476
 1589 002a 0A4B     		ldr	r3, .L112
 1590 002c 0122     		movs	r2, #1
 1591 002e 1A70     		strb	r2, [r3]
 272:Drivers/STM32F0xx_HAL_Driver/Src/stm32f0xx_hal_flash_ex.c ****     pFlash.Address = pEraseInit->PageAddress;
 1592              		.loc 1 272 5 is_stmt 1 view .LVU477
 272:Drivers/STM32F0xx_HAL_Driver/Src/stm32f0xx_hal_flash_ex.c ****     pFlash.Address = pEraseInit->PageAddress;
 1593              		.loc 1 272 38 is_stmt 0 view .LVU478
 1594 0030 8268     		ldr	r2, [r0, #8]
 272:Drivers/STM32F0xx_HAL_Driver/Src/stm32f0xx_hal_flash_ex.c ****     pFlash.Address = pEraseInit->PageAddress;
 1595              		.loc 1 272 26 view .LVU479
 1596 0032 5A60     		str	r2, [r3, #4]
 273:Drivers/STM32F0xx_HAL_Driver/Src/stm32f0xx_hal_flash_ex.c **** 
 1597              		.loc 1 273 5 is_stmt 1 view .LVU480
 273:Drivers/STM32F0xx_HAL_Driver/Src/stm32f0xx_hal_flash_ex.c **** 
 1598              		.loc 1 273 32 is_stmt 0 view .LVU481
 1599 0034 4068     		ldr	r0, [r0, #4]
 1600              	.LVL161:
 273:Drivers/STM32F0xx_HAL_Driver/Src/stm32f0xx_hal_flash_ex.c **** 
 1601              		.loc 1 273 20 view .LVU482
 1602 0036 9860     		str	r0, [r3, #8]
 276:Drivers/STM32F0xx_HAL_Driver/Src/stm32f0xx_hal_flash_ex.c ****   }
 1603              		.loc 1 276 5 is_stmt 1 view .LVU483
 1604 0038 FFF7FEFF 		bl	FLASH_PageErase
 1605              	.LVL162:
 1606              	.L107:
 280:Drivers/STM32F0xx_HAL_Driver/Src/stm32f0xx_hal_flash_ex.c **** 
 1607              		.loc 1 280 1 is_stmt 0 view .LVU484
 1608 003c 2000     		movs	r0, r4
 1609              		@ sp needed
 1610 003e 10BD     		pop	{r4, pc}
 1611              	.LVL163:
 1612              	.L111:
 260:Drivers/STM32F0xx_HAL_Driver/Src/stm32f0xx_hal_flash_ex.c ****         FLASH_MassErase();
 1613              		.loc 1 260 5 is_stmt 1 view .LVU485
 260:Drivers/STM32F0xx_HAL_Driver/Src/stm32f0xx_hal_flash_ex.c ****         FLASH_MassErase();
 1614              		.loc 1 260 29 is_stmt 0 view .LVU486
 1615 0040 044B     		ldr	r3, .L112
 1616 0042 0222     		movs	r2, #2
 1617 0044 1A70     		strb	r2, [r3]
 261:Drivers/STM32F0xx_HAL_Driver/Src/stm32f0xx_hal_flash_ex.c ****   }
 1618              		.loc 1 261 9 is_stmt 1 view .LVU487
 1619 0046 FFF7FEFF 		bl	FLASH_MassErase
 1620              	.LVL164:
 261:Drivers/STM32F0xx_HAL_Driver/Src/stm32f0xx_hal_flash_ex.c ****   }
 1621              		.loc 1 261 9 is_stmt 0 view .LVU488
 1622 004a F7E7     		b	.L107
 1623              	.LVL165:
 1624              	.L109:
 243:Drivers/STM32F0xx_HAL_Driver/Src/stm32f0xx_hal_flash_ex.c **** 
 1625              		.loc 1 243 3 discriminator 1 view .LVU489
 1626 004c 0224     		movs	r4, #2
 1627 004e F5E7     		b	.L107
 1628              	.L110:
 248:Drivers/STM32F0xx_HAL_Driver/Src/stm32f0xx_hal_flash_ex.c ****   }
ARM GAS  /tmp/cc84vCsN.s 			page 54


 1629              		.loc 1 248 12 view .LVU490
 1630 0050 0124     		movs	r4, #1
 1631 0052 F3E7     		b	.L107
 1632              	.L113:
 1633              		.align	2
 1634              	.L112:
 1635 0054 00000000 		.word	pFlash
 1636 0058 00200240 		.word	1073881088
 1637              		.cfi_endproc
 1638              	.LFE41:
 1640              		.text
 1641              	.Letext0:
 1642              		.file 2 "/usr/lib/gcc/arm-none-eabi/13.2.1/include/stdint.h"
 1643              		.file 3 "Drivers/CMSIS/Device/ST/STM32F0xx/Include/stm32f091xc.h"
 1644              		.file 4 "Drivers/STM32F0xx_HAL_Driver/Inc/stm32f0xx_hal_def.h"
 1645              		.file 5 "Drivers/STM32F0xx_HAL_Driver/Inc/stm32f0xx_hal_flash.h"
 1646              		.file 6 "Drivers/STM32F0xx_HAL_Driver/Inc/stm32f0xx_hal_flash_ex.h"
ARM GAS  /tmp/cc84vCsN.s 			page 55


DEFINED SYMBOLS
                            *ABS*:00000000 stm32f0xx_hal_flash_ex.c
     /tmp/cc84vCsN.s:19     .text.FLASH_MassErase:00000000 $t
     /tmp/cc84vCsN.s:24     .text.FLASH_MassErase:00000000 FLASH_MassErase
     /tmp/cc84vCsN.s:53     .text.FLASH_MassErase:0000001c $d
     /tmp/cc84vCsN.s:59     .text.FLASH_OB_GetWRP:00000000 $t
     /tmp/cc84vCsN.s:64     .text.FLASH_OB_GetWRP:00000000 FLASH_OB_GetWRP
     /tmp/cc84vCsN.s:81     .text.FLASH_OB_GetWRP:00000008 $d
     /tmp/cc84vCsN.s:86     .text.FLASH_OB_GetRDP:00000000 $t
     /tmp/cc84vCsN.s:91     .text.FLASH_OB_GetRDP:00000000 FLASH_OB_GetRDP
     /tmp/cc84vCsN.s:134    .text.FLASH_OB_GetRDP:0000001c $d
     /tmp/cc84vCsN.s:139    .text.FLASH_OB_GetUser:00000000 $t
     /tmp/cc84vCsN.s:144    .text.FLASH_OB_GetUser:00000000 FLASH_OB_GetUser
     /tmp/cc84vCsN.s:165    .text.FLASH_OB_GetUser:0000000c $d
     /tmp/cc84vCsN.s:170    .text.FLASH_OB_RDP_LevelConfig:00000000 $t
     /tmp/cc84vCsN.s:175    .text.FLASH_OB_RDP_LevelConfig:00000000 FLASH_OB_RDP_LevelConfig
     /tmp/cc84vCsN.s:268    .text.FLASH_OB_RDP_LevelConfig:00000054 $d
     /tmp/cc84vCsN.s:276    .text.FLASH_OB_UserConfig:00000000 $t
     /tmp/cc84vCsN.s:281    .text.FLASH_OB_UserConfig:00000000 FLASH_OB_UserConfig
     /tmp/cc84vCsN.s:357    .text.FLASH_OB_UserConfig:00000034 $d
     /tmp/cc84vCsN.s:365    .text.FLASH_OB_ProgramData:00000000 $t
     /tmp/cc84vCsN.s:370    .text.FLASH_OB_ProgramData:00000000 FLASH_OB_ProgramData
     /tmp/cc84vCsN.s:443    .text.FLASH_OB_ProgramData:00000034 $d
     /tmp/cc84vCsN.s:450    .text.HAL_FLASHEx_OBErase:00000000 $t
     /tmp/cc84vCsN.s:456    .text.HAL_FLASHEx_OBErase:00000000 HAL_FLASHEx_OBErase
     /tmp/cc84vCsN.s:541    .text.HAL_FLASHEx_OBErase:00000044 $d
     /tmp/cc84vCsN.s:548    .text.FLASH_OB_EnableWRP:00000000 $t
     /tmp/cc84vCsN.s:553    .text.FLASH_OB_EnableWRP:00000000 FLASH_OB_EnableWRP
     /tmp/cc84vCsN.s:761    .text.FLASH_OB_EnableWRP:000000a8 $d
     /tmp/cc84vCsN.s:769    .text.FLASH_OB_DisableWRP:00000000 $t
     /tmp/cc84vCsN.s:774    .text.FLASH_OB_DisableWRP:00000000 FLASH_OB_DisableWRP
     /tmp/cc84vCsN.s:982    .text.FLASH_OB_DisableWRP:000000a8 $d
     /tmp/cc84vCsN.s:990    .text.HAL_FLASHEx_OBProgram:00000000 $t
     /tmp/cc84vCsN.s:996    .text.HAL_FLASHEx_OBProgram:00000000 HAL_FLASHEx_OBProgram
     /tmp/cc84vCsN.s:1188   .text.HAL_FLASHEx_OBProgram:00000090 $d
     /tmp/cc84vCsN.s:1193   .text.HAL_FLASHEx_OBGetConfig:00000000 $t
     /tmp/cc84vCsN.s:1199   .text.HAL_FLASHEx_OBGetConfig:00000000 HAL_FLASHEx_OBGetConfig
     /tmp/cc84vCsN.s:1244   .text.HAL_FLASHEx_OBGetUserData:00000000 $t
     /tmp/cc84vCsN.s:1250   .text.HAL_FLASHEx_OBGetUserData:00000000 HAL_FLASHEx_OBGetUserData
     /tmp/cc84vCsN.s:1296   .text.HAL_FLASHEx_OBGetUserData:0000001c $d
     /tmp/cc84vCsN.s:1302   .text.FLASH_PageErase:00000000 $t
     /tmp/cc84vCsN.s:1308   .text.FLASH_PageErase:00000000 FLASH_PageErase
     /tmp/cc84vCsN.s:1340   .text.FLASH_PageErase:0000001c $d
     /tmp/cc84vCsN.s:1346   .text.HAL_FLASHEx_Erase:00000000 $t
     /tmp/cc84vCsN.s:1352   .text.HAL_FLASHEx_Erase:00000000 HAL_FLASHEx_Erase
     /tmp/cc84vCsN.s:1525   .text.HAL_FLASHEx_Erase:00000094 $d
     /tmp/cc84vCsN.s:1532   .text.HAL_FLASHEx_Erase_IT:00000000 $t
     /tmp/cc84vCsN.s:1538   .text.HAL_FLASHEx_Erase_IT:00000000 HAL_FLASHEx_Erase_IT
     /tmp/cc84vCsN.s:1635   .text.HAL_FLASHEx_Erase_IT:00000054 $d

UNDEFINED SYMBOLS
pFlash
FLASH_WaitForLastOperation
