ARM GAS  /tmp/ccxePDI1.s 			page 1


   1              		.cpu cortex-m0
   2              		.arch armv6s-m
   3              		.fpu softvfp
   4              		.eabi_attribute 20, 1
   5              		.eabi_attribute 21, 1
   6              		.eabi_attribute 23, 3
   7              		.eabi_attribute 24, 1
   8              		.eabi_attribute 25, 1
   9              		.eabi_attribute 26, 1
  10              		.eabi_attribute 30, 1
  11              		.eabi_attribute 34, 0
  12              		.eabi_attribute 18, 4
  13              		.file	"stm32f0xx_hal_can.c"
  14              		.text
  15              	.Ltext0:
  16              		.cfi_sections	.debug_frame
  17              		.file 1 "Drivers/STM32F0xx_HAL_Driver/Src/stm32f0xx_hal_can.c"
  18              		.section	.text.HAL_CAN_MspInit,"ax",%progbits
  19              		.align	1
  20              		.weak	HAL_CAN_MspInit
  21              		.syntax unified
  22              		.code	16
  23              		.thumb_func
  25              	HAL_CAN_MspInit:
  26              	.LVL0:
  27              	.LFB42:
   1:Drivers/STM32F0xx_HAL_Driver/Src/stm32f0xx_hal_can.c **** /**
   2:Drivers/STM32F0xx_HAL_Driver/Src/stm32f0xx_hal_can.c ****   ******************************************************************************
   3:Drivers/STM32F0xx_HAL_Driver/Src/stm32f0xx_hal_can.c ****   * @file    stm32f0xx_hal_can.c
   4:Drivers/STM32F0xx_HAL_Driver/Src/stm32f0xx_hal_can.c ****   * @author  MCD Application Team
   5:Drivers/STM32F0xx_HAL_Driver/Src/stm32f0xx_hal_can.c ****   * @brief   CAN HAL module driver.
   6:Drivers/STM32F0xx_HAL_Driver/Src/stm32f0xx_hal_can.c ****   *          This file provides firmware functions to manage the following
   7:Drivers/STM32F0xx_HAL_Driver/Src/stm32f0xx_hal_can.c ****   *          functionalities of the Controller Area Network (CAN) peripheral:
   8:Drivers/STM32F0xx_HAL_Driver/Src/stm32f0xx_hal_can.c ****   *           + Initialization and de-initialization functions
   9:Drivers/STM32F0xx_HAL_Driver/Src/stm32f0xx_hal_can.c ****   *           + Configuration functions
  10:Drivers/STM32F0xx_HAL_Driver/Src/stm32f0xx_hal_can.c ****   *           + Control functions
  11:Drivers/STM32F0xx_HAL_Driver/Src/stm32f0xx_hal_can.c ****   *           + Interrupts management
  12:Drivers/STM32F0xx_HAL_Driver/Src/stm32f0xx_hal_can.c ****   *           + Callbacks functions
  13:Drivers/STM32F0xx_HAL_Driver/Src/stm32f0xx_hal_can.c ****   *           + Peripheral State and Error functions
  14:Drivers/STM32F0xx_HAL_Driver/Src/stm32f0xx_hal_can.c ****   *
  15:Drivers/STM32F0xx_HAL_Driver/Src/stm32f0xx_hal_can.c ****   ******************************************************************************
  16:Drivers/STM32F0xx_HAL_Driver/Src/stm32f0xx_hal_can.c ****   * @attention
  17:Drivers/STM32F0xx_HAL_Driver/Src/stm32f0xx_hal_can.c ****   *
  18:Drivers/STM32F0xx_HAL_Driver/Src/stm32f0xx_hal_can.c ****   * Copyright (c) 2016 STMicroelectronics.
  19:Drivers/STM32F0xx_HAL_Driver/Src/stm32f0xx_hal_can.c ****   * All rights reserved.
  20:Drivers/STM32F0xx_HAL_Driver/Src/stm32f0xx_hal_can.c ****   *
  21:Drivers/STM32F0xx_HAL_Driver/Src/stm32f0xx_hal_can.c ****   * This software is licensed under terms that can be found in the LICENSE file
  22:Drivers/STM32F0xx_HAL_Driver/Src/stm32f0xx_hal_can.c ****   * in the root directory of this software component.
  23:Drivers/STM32F0xx_HAL_Driver/Src/stm32f0xx_hal_can.c ****   * If no LICENSE file comes with this software, it is provided AS-IS.
  24:Drivers/STM32F0xx_HAL_Driver/Src/stm32f0xx_hal_can.c ****   *
  25:Drivers/STM32F0xx_HAL_Driver/Src/stm32f0xx_hal_can.c ****   ******************************************************************************
  26:Drivers/STM32F0xx_HAL_Driver/Src/stm32f0xx_hal_can.c ****   @verbatim
  27:Drivers/STM32F0xx_HAL_Driver/Src/stm32f0xx_hal_can.c ****   ==============================================================================
  28:Drivers/STM32F0xx_HAL_Driver/Src/stm32f0xx_hal_can.c ****                         ##### How to use this driver #####
  29:Drivers/STM32F0xx_HAL_Driver/Src/stm32f0xx_hal_can.c ****   ==============================================================================
  30:Drivers/STM32F0xx_HAL_Driver/Src/stm32f0xx_hal_can.c ****     [..]
  31:Drivers/STM32F0xx_HAL_Driver/Src/stm32f0xx_hal_can.c ****       (#) Initialize the CAN low level resources by implementing the
ARM GAS  /tmp/ccxePDI1.s 			page 2


  32:Drivers/STM32F0xx_HAL_Driver/Src/stm32f0xx_hal_can.c ****           HAL_CAN_MspInit():
  33:Drivers/STM32F0xx_HAL_Driver/Src/stm32f0xx_hal_can.c ****          (++) Enable the CAN interface clock using __HAL_RCC_CANx_CLK_ENABLE()
  34:Drivers/STM32F0xx_HAL_Driver/Src/stm32f0xx_hal_can.c ****          (++) Configure CAN pins
  35:Drivers/STM32F0xx_HAL_Driver/Src/stm32f0xx_hal_can.c ****              (+++) Enable the clock for the CAN GPIOs
  36:Drivers/STM32F0xx_HAL_Driver/Src/stm32f0xx_hal_can.c ****              (+++) Configure CAN pins as alternate function
  37:Drivers/STM32F0xx_HAL_Driver/Src/stm32f0xx_hal_can.c ****          (++) In case of using interrupts (e.g. HAL_CAN_ActivateNotification())
  38:Drivers/STM32F0xx_HAL_Driver/Src/stm32f0xx_hal_can.c ****              (+++) Configure the CAN interrupt priority using
  39:Drivers/STM32F0xx_HAL_Driver/Src/stm32f0xx_hal_can.c ****                    HAL_NVIC_SetPriority()
  40:Drivers/STM32F0xx_HAL_Driver/Src/stm32f0xx_hal_can.c ****              (+++) Enable the CAN IRQ handler using HAL_NVIC_EnableIRQ()
  41:Drivers/STM32F0xx_HAL_Driver/Src/stm32f0xx_hal_can.c ****              (+++) In CAN IRQ handler, call HAL_CAN_IRQHandler()
  42:Drivers/STM32F0xx_HAL_Driver/Src/stm32f0xx_hal_can.c **** 
  43:Drivers/STM32F0xx_HAL_Driver/Src/stm32f0xx_hal_can.c ****       (#) Initialize the CAN peripheral using HAL_CAN_Init() function. This
  44:Drivers/STM32F0xx_HAL_Driver/Src/stm32f0xx_hal_can.c ****           function resorts to HAL_CAN_MspInit() for low-level initialization.
  45:Drivers/STM32F0xx_HAL_Driver/Src/stm32f0xx_hal_can.c **** 
  46:Drivers/STM32F0xx_HAL_Driver/Src/stm32f0xx_hal_can.c ****       (#) Configure the reception filters using the following configuration
  47:Drivers/STM32F0xx_HAL_Driver/Src/stm32f0xx_hal_can.c ****           functions:
  48:Drivers/STM32F0xx_HAL_Driver/Src/stm32f0xx_hal_can.c ****             (++) HAL_CAN_ConfigFilter()
  49:Drivers/STM32F0xx_HAL_Driver/Src/stm32f0xx_hal_can.c **** 
  50:Drivers/STM32F0xx_HAL_Driver/Src/stm32f0xx_hal_can.c ****       (#) Start the CAN module using HAL_CAN_Start() function. At this level
  51:Drivers/STM32F0xx_HAL_Driver/Src/stm32f0xx_hal_can.c ****           the node is active on the bus: it receive messages, and can send
  52:Drivers/STM32F0xx_HAL_Driver/Src/stm32f0xx_hal_can.c ****           messages.
  53:Drivers/STM32F0xx_HAL_Driver/Src/stm32f0xx_hal_can.c **** 
  54:Drivers/STM32F0xx_HAL_Driver/Src/stm32f0xx_hal_can.c ****       (#) To manage messages transmission, the following Tx control functions
  55:Drivers/STM32F0xx_HAL_Driver/Src/stm32f0xx_hal_can.c ****           can be used:
  56:Drivers/STM32F0xx_HAL_Driver/Src/stm32f0xx_hal_can.c ****             (++) HAL_CAN_AddTxMessage() to request transmission of a new
  57:Drivers/STM32F0xx_HAL_Driver/Src/stm32f0xx_hal_can.c ****                  message.
  58:Drivers/STM32F0xx_HAL_Driver/Src/stm32f0xx_hal_can.c ****             (++) HAL_CAN_AbortTxRequest() to abort transmission of a pending
  59:Drivers/STM32F0xx_HAL_Driver/Src/stm32f0xx_hal_can.c ****                  message.
  60:Drivers/STM32F0xx_HAL_Driver/Src/stm32f0xx_hal_can.c ****             (++) HAL_CAN_GetTxMailboxesFreeLevel() to get the number of free Tx
  61:Drivers/STM32F0xx_HAL_Driver/Src/stm32f0xx_hal_can.c ****                  mailboxes.
  62:Drivers/STM32F0xx_HAL_Driver/Src/stm32f0xx_hal_can.c ****             (++) HAL_CAN_IsTxMessagePending() to check if a message is pending
  63:Drivers/STM32F0xx_HAL_Driver/Src/stm32f0xx_hal_can.c ****                  in a Tx mailbox.
  64:Drivers/STM32F0xx_HAL_Driver/Src/stm32f0xx_hal_can.c ****             (++) HAL_CAN_GetTxTimestamp() to get the timestamp of Tx message
  65:Drivers/STM32F0xx_HAL_Driver/Src/stm32f0xx_hal_can.c ****                  sent, if time triggered communication mode is enabled.
  66:Drivers/STM32F0xx_HAL_Driver/Src/stm32f0xx_hal_can.c **** 
  67:Drivers/STM32F0xx_HAL_Driver/Src/stm32f0xx_hal_can.c ****       (#) When a message is received into the CAN Rx FIFOs, it can be retrieved
  68:Drivers/STM32F0xx_HAL_Driver/Src/stm32f0xx_hal_can.c ****           using the HAL_CAN_GetRxMessage() function. The function
  69:Drivers/STM32F0xx_HAL_Driver/Src/stm32f0xx_hal_can.c ****           HAL_CAN_GetRxFifoFillLevel() allows to know how many Rx message are
  70:Drivers/STM32F0xx_HAL_Driver/Src/stm32f0xx_hal_can.c ****           stored in the Rx Fifo.
  71:Drivers/STM32F0xx_HAL_Driver/Src/stm32f0xx_hal_can.c **** 
  72:Drivers/STM32F0xx_HAL_Driver/Src/stm32f0xx_hal_can.c ****       (#) Calling the HAL_CAN_Stop() function stops the CAN module.
  73:Drivers/STM32F0xx_HAL_Driver/Src/stm32f0xx_hal_can.c **** 
  74:Drivers/STM32F0xx_HAL_Driver/Src/stm32f0xx_hal_can.c ****       (#) The deinitialization is achieved with HAL_CAN_DeInit() function.
  75:Drivers/STM32F0xx_HAL_Driver/Src/stm32f0xx_hal_can.c **** 
  76:Drivers/STM32F0xx_HAL_Driver/Src/stm32f0xx_hal_can.c **** 
  77:Drivers/STM32F0xx_HAL_Driver/Src/stm32f0xx_hal_can.c ****       *** Polling mode operation ***
  78:Drivers/STM32F0xx_HAL_Driver/Src/stm32f0xx_hal_can.c ****       ==============================
  79:Drivers/STM32F0xx_HAL_Driver/Src/stm32f0xx_hal_can.c ****     [..]
  80:Drivers/STM32F0xx_HAL_Driver/Src/stm32f0xx_hal_can.c ****       (#) Reception:
  81:Drivers/STM32F0xx_HAL_Driver/Src/stm32f0xx_hal_can.c ****             (++) Monitor reception of message using HAL_CAN_GetRxFifoFillLevel()
  82:Drivers/STM32F0xx_HAL_Driver/Src/stm32f0xx_hal_can.c ****                  until at least one message is received.
  83:Drivers/STM32F0xx_HAL_Driver/Src/stm32f0xx_hal_can.c ****             (++) Then get the message using HAL_CAN_GetRxMessage().
  84:Drivers/STM32F0xx_HAL_Driver/Src/stm32f0xx_hal_can.c **** 
  85:Drivers/STM32F0xx_HAL_Driver/Src/stm32f0xx_hal_can.c ****       (#) Transmission:
  86:Drivers/STM32F0xx_HAL_Driver/Src/stm32f0xx_hal_can.c ****             (++) Monitor the Tx mailboxes availability until at least one Tx
  87:Drivers/STM32F0xx_HAL_Driver/Src/stm32f0xx_hal_can.c ****                  mailbox is free, using HAL_CAN_GetTxMailboxesFreeLevel().
  88:Drivers/STM32F0xx_HAL_Driver/Src/stm32f0xx_hal_can.c ****             (++) Then request transmission of a message using
ARM GAS  /tmp/ccxePDI1.s 			page 3


  89:Drivers/STM32F0xx_HAL_Driver/Src/stm32f0xx_hal_can.c ****                  HAL_CAN_AddTxMessage().
  90:Drivers/STM32F0xx_HAL_Driver/Src/stm32f0xx_hal_can.c **** 
  91:Drivers/STM32F0xx_HAL_Driver/Src/stm32f0xx_hal_can.c **** 
  92:Drivers/STM32F0xx_HAL_Driver/Src/stm32f0xx_hal_can.c ****       *** Interrupt mode operation ***
  93:Drivers/STM32F0xx_HAL_Driver/Src/stm32f0xx_hal_can.c ****       ================================
  94:Drivers/STM32F0xx_HAL_Driver/Src/stm32f0xx_hal_can.c ****     [..]
  95:Drivers/STM32F0xx_HAL_Driver/Src/stm32f0xx_hal_can.c ****       (#) Notifications are activated using HAL_CAN_ActivateNotification()
  96:Drivers/STM32F0xx_HAL_Driver/Src/stm32f0xx_hal_can.c ****           function. Then, the process can be controlled through the
  97:Drivers/STM32F0xx_HAL_Driver/Src/stm32f0xx_hal_can.c ****           available user callbacks: HAL_CAN_xxxCallback(), using same APIs
  98:Drivers/STM32F0xx_HAL_Driver/Src/stm32f0xx_hal_can.c ****           HAL_CAN_GetRxMessage() and HAL_CAN_AddTxMessage().
  99:Drivers/STM32F0xx_HAL_Driver/Src/stm32f0xx_hal_can.c **** 
 100:Drivers/STM32F0xx_HAL_Driver/Src/stm32f0xx_hal_can.c ****       (#) Notifications can be deactivated using
 101:Drivers/STM32F0xx_HAL_Driver/Src/stm32f0xx_hal_can.c ****           HAL_CAN_DeactivateNotification() function.
 102:Drivers/STM32F0xx_HAL_Driver/Src/stm32f0xx_hal_can.c **** 
 103:Drivers/STM32F0xx_HAL_Driver/Src/stm32f0xx_hal_can.c ****       (#) Special care should be taken for CAN_IT_RX_FIFO0_MSG_PENDING and
 104:Drivers/STM32F0xx_HAL_Driver/Src/stm32f0xx_hal_can.c ****           CAN_IT_RX_FIFO1_MSG_PENDING notifications. These notifications trig
 105:Drivers/STM32F0xx_HAL_Driver/Src/stm32f0xx_hal_can.c ****           the callbacks HAL_CAN_RxFIFO0MsgPendingCallback() and
 106:Drivers/STM32F0xx_HAL_Driver/Src/stm32f0xx_hal_can.c ****           HAL_CAN_RxFIFO1MsgPendingCallback(). User has two possible options
 107:Drivers/STM32F0xx_HAL_Driver/Src/stm32f0xx_hal_can.c ****           here.
 108:Drivers/STM32F0xx_HAL_Driver/Src/stm32f0xx_hal_can.c ****             (++) Directly get the Rx message in the callback, using
 109:Drivers/STM32F0xx_HAL_Driver/Src/stm32f0xx_hal_can.c ****                  HAL_CAN_GetRxMessage().
 110:Drivers/STM32F0xx_HAL_Driver/Src/stm32f0xx_hal_can.c ****             (++) Or deactivate the notification in the callback without
 111:Drivers/STM32F0xx_HAL_Driver/Src/stm32f0xx_hal_can.c ****                  getting the Rx message. The Rx message can then be got later
 112:Drivers/STM32F0xx_HAL_Driver/Src/stm32f0xx_hal_can.c ****                  using HAL_CAN_GetRxMessage(). Once the Rx message have been
 113:Drivers/STM32F0xx_HAL_Driver/Src/stm32f0xx_hal_can.c ****                  read, the notification can be activated again.
 114:Drivers/STM32F0xx_HAL_Driver/Src/stm32f0xx_hal_can.c **** 
 115:Drivers/STM32F0xx_HAL_Driver/Src/stm32f0xx_hal_can.c **** 
 116:Drivers/STM32F0xx_HAL_Driver/Src/stm32f0xx_hal_can.c ****       *** Sleep mode ***
 117:Drivers/STM32F0xx_HAL_Driver/Src/stm32f0xx_hal_can.c ****       ==================
 118:Drivers/STM32F0xx_HAL_Driver/Src/stm32f0xx_hal_can.c ****     [..]
 119:Drivers/STM32F0xx_HAL_Driver/Src/stm32f0xx_hal_can.c ****       (#) The CAN peripheral can be put in sleep mode (low power), using
 120:Drivers/STM32F0xx_HAL_Driver/Src/stm32f0xx_hal_can.c ****           HAL_CAN_RequestSleep(). The sleep mode will be entered as soon as the
 121:Drivers/STM32F0xx_HAL_Driver/Src/stm32f0xx_hal_can.c ****           current CAN activity (transmission or reception of a CAN frame) will
 122:Drivers/STM32F0xx_HAL_Driver/Src/stm32f0xx_hal_can.c ****           be completed.
 123:Drivers/STM32F0xx_HAL_Driver/Src/stm32f0xx_hal_can.c **** 
 124:Drivers/STM32F0xx_HAL_Driver/Src/stm32f0xx_hal_can.c ****       (#) A notification can be activated to be informed when the sleep mode
 125:Drivers/STM32F0xx_HAL_Driver/Src/stm32f0xx_hal_can.c ****           will be entered.
 126:Drivers/STM32F0xx_HAL_Driver/Src/stm32f0xx_hal_can.c **** 
 127:Drivers/STM32F0xx_HAL_Driver/Src/stm32f0xx_hal_can.c ****       (#) It can be checked if the sleep mode is entered using
 128:Drivers/STM32F0xx_HAL_Driver/Src/stm32f0xx_hal_can.c ****           HAL_CAN_IsSleepActive().
 129:Drivers/STM32F0xx_HAL_Driver/Src/stm32f0xx_hal_can.c ****           Note that the CAN state (accessible from the API HAL_CAN_GetState())
 130:Drivers/STM32F0xx_HAL_Driver/Src/stm32f0xx_hal_can.c ****           is HAL_CAN_STATE_SLEEP_PENDING as soon as the sleep mode request is
 131:Drivers/STM32F0xx_HAL_Driver/Src/stm32f0xx_hal_can.c ****           submitted (the sleep mode is not yet entered), and become
 132:Drivers/STM32F0xx_HAL_Driver/Src/stm32f0xx_hal_can.c ****           HAL_CAN_STATE_SLEEP_ACTIVE when the sleep mode is effective.
 133:Drivers/STM32F0xx_HAL_Driver/Src/stm32f0xx_hal_can.c **** 
 134:Drivers/STM32F0xx_HAL_Driver/Src/stm32f0xx_hal_can.c ****       (#) The wake-up from sleep mode can be triggered by two ways:
 135:Drivers/STM32F0xx_HAL_Driver/Src/stm32f0xx_hal_can.c ****             (++) Using HAL_CAN_WakeUp(). When returning from this function,
 136:Drivers/STM32F0xx_HAL_Driver/Src/stm32f0xx_hal_can.c ****                  the sleep mode is exited (if return status is HAL_OK).
 137:Drivers/STM32F0xx_HAL_Driver/Src/stm32f0xx_hal_can.c ****             (++) When a start of Rx CAN frame is detected by the CAN peripheral,
 138:Drivers/STM32F0xx_HAL_Driver/Src/stm32f0xx_hal_can.c ****                  if automatic wake up mode is enabled.
 139:Drivers/STM32F0xx_HAL_Driver/Src/stm32f0xx_hal_can.c **** 
 140:Drivers/STM32F0xx_HAL_Driver/Src/stm32f0xx_hal_can.c ****   *** Callback registration ***
 141:Drivers/STM32F0xx_HAL_Driver/Src/stm32f0xx_hal_can.c ****   =============================================
 142:Drivers/STM32F0xx_HAL_Driver/Src/stm32f0xx_hal_can.c **** 
 143:Drivers/STM32F0xx_HAL_Driver/Src/stm32f0xx_hal_can.c ****   The compilation define  USE_HAL_CAN_REGISTER_CALLBACKS when set to 1
 144:Drivers/STM32F0xx_HAL_Driver/Src/stm32f0xx_hal_can.c ****   allows the user to configure dynamically the driver callbacks.
 145:Drivers/STM32F0xx_HAL_Driver/Src/stm32f0xx_hal_can.c ****   Use Function HAL_CAN_RegisterCallback() to register an interrupt callback.
ARM GAS  /tmp/ccxePDI1.s 			page 4


 146:Drivers/STM32F0xx_HAL_Driver/Src/stm32f0xx_hal_can.c **** 
 147:Drivers/STM32F0xx_HAL_Driver/Src/stm32f0xx_hal_can.c ****   Function HAL_CAN_RegisterCallback() allows to register following callbacks:
 148:Drivers/STM32F0xx_HAL_Driver/Src/stm32f0xx_hal_can.c ****     (+) TxMailbox0CompleteCallback   : Tx Mailbox 0 Complete Callback.
 149:Drivers/STM32F0xx_HAL_Driver/Src/stm32f0xx_hal_can.c ****     (+) TxMailbox1CompleteCallback   : Tx Mailbox 1 Complete Callback.
 150:Drivers/STM32F0xx_HAL_Driver/Src/stm32f0xx_hal_can.c ****     (+) TxMailbox2CompleteCallback   : Tx Mailbox 2 Complete Callback.
 151:Drivers/STM32F0xx_HAL_Driver/Src/stm32f0xx_hal_can.c ****     (+) TxMailbox0AbortCallback      : Tx Mailbox 0 Abort Callback.
 152:Drivers/STM32F0xx_HAL_Driver/Src/stm32f0xx_hal_can.c ****     (+) TxMailbox1AbortCallback      : Tx Mailbox 1 Abort Callback.
 153:Drivers/STM32F0xx_HAL_Driver/Src/stm32f0xx_hal_can.c ****     (+) TxMailbox2AbortCallback      : Tx Mailbox 2 Abort Callback.
 154:Drivers/STM32F0xx_HAL_Driver/Src/stm32f0xx_hal_can.c ****     (+) RxFifo0MsgPendingCallback    : Rx Fifo 0 Message Pending Callback.
 155:Drivers/STM32F0xx_HAL_Driver/Src/stm32f0xx_hal_can.c ****     (+) RxFifo0FullCallback          : Rx Fifo 0 Full Callback.
 156:Drivers/STM32F0xx_HAL_Driver/Src/stm32f0xx_hal_can.c ****     (+) RxFifo1MsgPendingCallback    : Rx Fifo 1 Message Pending Callback.
 157:Drivers/STM32F0xx_HAL_Driver/Src/stm32f0xx_hal_can.c ****     (+) RxFifo1FullCallback          : Rx Fifo 1 Full Callback.
 158:Drivers/STM32F0xx_HAL_Driver/Src/stm32f0xx_hal_can.c ****     (+) SleepCallback                : Sleep Callback.
 159:Drivers/STM32F0xx_HAL_Driver/Src/stm32f0xx_hal_can.c ****     (+) WakeUpFromRxMsgCallback      : Wake Up From Rx Message Callback.
 160:Drivers/STM32F0xx_HAL_Driver/Src/stm32f0xx_hal_can.c ****     (+) ErrorCallback                : Error Callback.
 161:Drivers/STM32F0xx_HAL_Driver/Src/stm32f0xx_hal_can.c ****     (+) MspInitCallback              : CAN MspInit.
 162:Drivers/STM32F0xx_HAL_Driver/Src/stm32f0xx_hal_can.c ****     (+) MspDeInitCallback            : CAN MspDeInit.
 163:Drivers/STM32F0xx_HAL_Driver/Src/stm32f0xx_hal_can.c ****   This function takes as parameters the HAL peripheral handle, the Callback ID
 164:Drivers/STM32F0xx_HAL_Driver/Src/stm32f0xx_hal_can.c ****   and a pointer to the user callback function.
 165:Drivers/STM32F0xx_HAL_Driver/Src/stm32f0xx_hal_can.c **** 
 166:Drivers/STM32F0xx_HAL_Driver/Src/stm32f0xx_hal_can.c ****   Use function HAL_CAN_UnRegisterCallback() to reset a callback to the default
 167:Drivers/STM32F0xx_HAL_Driver/Src/stm32f0xx_hal_can.c ****   weak function.
 168:Drivers/STM32F0xx_HAL_Driver/Src/stm32f0xx_hal_can.c ****   HAL_CAN_UnRegisterCallback takes as parameters the HAL peripheral handle,
 169:Drivers/STM32F0xx_HAL_Driver/Src/stm32f0xx_hal_can.c ****   and the Callback ID.
 170:Drivers/STM32F0xx_HAL_Driver/Src/stm32f0xx_hal_can.c ****   This function allows to reset following callbacks:
 171:Drivers/STM32F0xx_HAL_Driver/Src/stm32f0xx_hal_can.c ****     (+) TxMailbox0CompleteCallback   : Tx Mailbox 0 Complete Callback.
 172:Drivers/STM32F0xx_HAL_Driver/Src/stm32f0xx_hal_can.c ****     (+) TxMailbox1CompleteCallback   : Tx Mailbox 1 Complete Callback.
 173:Drivers/STM32F0xx_HAL_Driver/Src/stm32f0xx_hal_can.c ****     (+) TxMailbox2CompleteCallback   : Tx Mailbox 2 Complete Callback.
 174:Drivers/STM32F0xx_HAL_Driver/Src/stm32f0xx_hal_can.c ****     (+) TxMailbox0AbortCallback      : Tx Mailbox 0 Abort Callback.
 175:Drivers/STM32F0xx_HAL_Driver/Src/stm32f0xx_hal_can.c ****     (+) TxMailbox1AbortCallback      : Tx Mailbox 1 Abort Callback.
 176:Drivers/STM32F0xx_HAL_Driver/Src/stm32f0xx_hal_can.c ****     (+) TxMailbox2AbortCallback      : Tx Mailbox 2 Abort Callback.
 177:Drivers/STM32F0xx_HAL_Driver/Src/stm32f0xx_hal_can.c ****     (+) RxFifo0MsgPendingCallback    : Rx Fifo 0 Message Pending Callback.
 178:Drivers/STM32F0xx_HAL_Driver/Src/stm32f0xx_hal_can.c ****     (+) RxFifo0FullCallback          : Rx Fifo 0 Full Callback.
 179:Drivers/STM32F0xx_HAL_Driver/Src/stm32f0xx_hal_can.c ****     (+) RxFifo1MsgPendingCallback    : Rx Fifo 1 Message Pending Callback.
 180:Drivers/STM32F0xx_HAL_Driver/Src/stm32f0xx_hal_can.c ****     (+) RxFifo1FullCallback          : Rx Fifo 1 Full Callback.
 181:Drivers/STM32F0xx_HAL_Driver/Src/stm32f0xx_hal_can.c ****     (+) SleepCallback                : Sleep Callback.
 182:Drivers/STM32F0xx_HAL_Driver/Src/stm32f0xx_hal_can.c ****     (+) WakeUpFromRxMsgCallback      : Wake Up From Rx Message Callback.
 183:Drivers/STM32F0xx_HAL_Driver/Src/stm32f0xx_hal_can.c ****     (+) ErrorCallback                : Error Callback.
 184:Drivers/STM32F0xx_HAL_Driver/Src/stm32f0xx_hal_can.c ****     (+) MspInitCallback              : CAN MspInit.
 185:Drivers/STM32F0xx_HAL_Driver/Src/stm32f0xx_hal_can.c ****     (+) MspDeInitCallback            : CAN MspDeInit.
 186:Drivers/STM32F0xx_HAL_Driver/Src/stm32f0xx_hal_can.c **** 
 187:Drivers/STM32F0xx_HAL_Driver/Src/stm32f0xx_hal_can.c ****   By default, after the HAL_CAN_Init() and when the state is HAL_CAN_STATE_RESET,
 188:Drivers/STM32F0xx_HAL_Driver/Src/stm32f0xx_hal_can.c ****   all callbacks are set to the corresponding weak functions:
 189:Drivers/STM32F0xx_HAL_Driver/Src/stm32f0xx_hal_can.c ****   example HAL_CAN_ErrorCallback().
 190:Drivers/STM32F0xx_HAL_Driver/Src/stm32f0xx_hal_can.c ****   Exception done for MspInit and MspDeInit functions that are
 191:Drivers/STM32F0xx_HAL_Driver/Src/stm32f0xx_hal_can.c ****   reset to the legacy weak function in the HAL_CAN_Init()/ HAL_CAN_DeInit() only when
 192:Drivers/STM32F0xx_HAL_Driver/Src/stm32f0xx_hal_can.c ****   these callbacks are null (not registered beforehand).
 193:Drivers/STM32F0xx_HAL_Driver/Src/stm32f0xx_hal_can.c ****   if not, MspInit or MspDeInit are not null, the HAL_CAN_Init()/ HAL_CAN_DeInit()
 194:Drivers/STM32F0xx_HAL_Driver/Src/stm32f0xx_hal_can.c ****   keep and use the user MspInit/MspDeInit callbacks (registered beforehand)
 195:Drivers/STM32F0xx_HAL_Driver/Src/stm32f0xx_hal_can.c **** 
 196:Drivers/STM32F0xx_HAL_Driver/Src/stm32f0xx_hal_can.c ****   Callbacks can be registered/unregistered in HAL_CAN_STATE_READY state only.
 197:Drivers/STM32F0xx_HAL_Driver/Src/stm32f0xx_hal_can.c ****   Exception done MspInit/MspDeInit that can be registered/unregistered
 198:Drivers/STM32F0xx_HAL_Driver/Src/stm32f0xx_hal_can.c ****   in HAL_CAN_STATE_READY or HAL_CAN_STATE_RESET state,
 199:Drivers/STM32F0xx_HAL_Driver/Src/stm32f0xx_hal_can.c ****   thus registered (user) MspInit/DeInit callbacks can be used during the Init/DeInit.
 200:Drivers/STM32F0xx_HAL_Driver/Src/stm32f0xx_hal_can.c ****   In that case first register the MspInit/MspDeInit user callbacks
 201:Drivers/STM32F0xx_HAL_Driver/Src/stm32f0xx_hal_can.c ****   using HAL_CAN_RegisterCallback() before calling HAL_CAN_DeInit()
 202:Drivers/STM32F0xx_HAL_Driver/Src/stm32f0xx_hal_can.c ****   or HAL_CAN_Init() function.
ARM GAS  /tmp/ccxePDI1.s 			page 5


 203:Drivers/STM32F0xx_HAL_Driver/Src/stm32f0xx_hal_can.c **** 
 204:Drivers/STM32F0xx_HAL_Driver/Src/stm32f0xx_hal_can.c ****   When The compilation define USE_HAL_CAN_REGISTER_CALLBACKS is set to 0 or
 205:Drivers/STM32F0xx_HAL_Driver/Src/stm32f0xx_hal_can.c ****   not defined, the callback registration feature is not available and all callbacks
 206:Drivers/STM32F0xx_HAL_Driver/Src/stm32f0xx_hal_can.c ****   are set to the corresponding weak functions.
 207:Drivers/STM32F0xx_HAL_Driver/Src/stm32f0xx_hal_can.c **** 
 208:Drivers/STM32F0xx_HAL_Driver/Src/stm32f0xx_hal_can.c ****   @endverbatim
 209:Drivers/STM32F0xx_HAL_Driver/Src/stm32f0xx_hal_can.c ****   ******************************************************************************
 210:Drivers/STM32F0xx_HAL_Driver/Src/stm32f0xx_hal_can.c ****   */
 211:Drivers/STM32F0xx_HAL_Driver/Src/stm32f0xx_hal_can.c **** 
 212:Drivers/STM32F0xx_HAL_Driver/Src/stm32f0xx_hal_can.c **** /* Includes ------------------------------------------------------------------*/
 213:Drivers/STM32F0xx_HAL_Driver/Src/stm32f0xx_hal_can.c **** #include "stm32f0xx_hal.h"
 214:Drivers/STM32F0xx_HAL_Driver/Src/stm32f0xx_hal_can.c **** 
 215:Drivers/STM32F0xx_HAL_Driver/Src/stm32f0xx_hal_can.c **** /** @addtogroup STM32F0xx_HAL_Driver
 216:Drivers/STM32F0xx_HAL_Driver/Src/stm32f0xx_hal_can.c ****   * @{
 217:Drivers/STM32F0xx_HAL_Driver/Src/stm32f0xx_hal_can.c ****   */
 218:Drivers/STM32F0xx_HAL_Driver/Src/stm32f0xx_hal_can.c **** 
 219:Drivers/STM32F0xx_HAL_Driver/Src/stm32f0xx_hal_can.c **** #if defined(CAN)
 220:Drivers/STM32F0xx_HAL_Driver/Src/stm32f0xx_hal_can.c **** 
 221:Drivers/STM32F0xx_HAL_Driver/Src/stm32f0xx_hal_can.c **** /** @defgroup CAN CAN
 222:Drivers/STM32F0xx_HAL_Driver/Src/stm32f0xx_hal_can.c ****   * @brief CAN driver modules
 223:Drivers/STM32F0xx_HAL_Driver/Src/stm32f0xx_hal_can.c ****   * @{
 224:Drivers/STM32F0xx_HAL_Driver/Src/stm32f0xx_hal_can.c ****   */
 225:Drivers/STM32F0xx_HAL_Driver/Src/stm32f0xx_hal_can.c **** 
 226:Drivers/STM32F0xx_HAL_Driver/Src/stm32f0xx_hal_can.c **** #ifdef HAL_CAN_MODULE_ENABLED
 227:Drivers/STM32F0xx_HAL_Driver/Src/stm32f0xx_hal_can.c **** 
 228:Drivers/STM32F0xx_HAL_Driver/Src/stm32f0xx_hal_can.c **** #ifdef HAL_CAN_LEGACY_MODULE_ENABLED
 229:Drivers/STM32F0xx_HAL_Driver/Src/stm32f0xx_hal_can.c **** #error "The CAN driver cannot be used with its legacy, Please enable only one CAN module at once"
 230:Drivers/STM32F0xx_HAL_Driver/Src/stm32f0xx_hal_can.c **** #endif /* HAL_CAN_LEGACY_MODULE_ENABLED */
 231:Drivers/STM32F0xx_HAL_Driver/Src/stm32f0xx_hal_can.c **** 
 232:Drivers/STM32F0xx_HAL_Driver/Src/stm32f0xx_hal_can.c **** /* Private typedef -----------------------------------------------------------*/
 233:Drivers/STM32F0xx_HAL_Driver/Src/stm32f0xx_hal_can.c **** /* Private define ------------------------------------------------------------*/
 234:Drivers/STM32F0xx_HAL_Driver/Src/stm32f0xx_hal_can.c **** /** @defgroup CAN_Private_Constants CAN Private Constants
 235:Drivers/STM32F0xx_HAL_Driver/Src/stm32f0xx_hal_can.c ****   * @{
 236:Drivers/STM32F0xx_HAL_Driver/Src/stm32f0xx_hal_can.c ****   */
 237:Drivers/STM32F0xx_HAL_Driver/Src/stm32f0xx_hal_can.c **** #define CAN_TIMEOUT_VALUE 10U
 238:Drivers/STM32F0xx_HAL_Driver/Src/stm32f0xx_hal_can.c **** #define CAN_WAKEUP_TIMEOUT_COUNTER 1000000U
 239:Drivers/STM32F0xx_HAL_Driver/Src/stm32f0xx_hal_can.c **** /**
 240:Drivers/STM32F0xx_HAL_Driver/Src/stm32f0xx_hal_can.c ****   * @}
 241:Drivers/STM32F0xx_HAL_Driver/Src/stm32f0xx_hal_can.c ****   */
 242:Drivers/STM32F0xx_HAL_Driver/Src/stm32f0xx_hal_can.c **** /* Private macro -------------------------------------------------------------*/
 243:Drivers/STM32F0xx_HAL_Driver/Src/stm32f0xx_hal_can.c **** /* Private variables ---------------------------------------------------------*/
 244:Drivers/STM32F0xx_HAL_Driver/Src/stm32f0xx_hal_can.c **** /* Private function prototypes -----------------------------------------------*/
 245:Drivers/STM32F0xx_HAL_Driver/Src/stm32f0xx_hal_can.c **** /* Exported functions --------------------------------------------------------*/
 246:Drivers/STM32F0xx_HAL_Driver/Src/stm32f0xx_hal_can.c **** 
 247:Drivers/STM32F0xx_HAL_Driver/Src/stm32f0xx_hal_can.c **** /** @defgroup CAN_Exported_Functions CAN Exported Functions
 248:Drivers/STM32F0xx_HAL_Driver/Src/stm32f0xx_hal_can.c ****   * @{
 249:Drivers/STM32F0xx_HAL_Driver/Src/stm32f0xx_hal_can.c ****   */
 250:Drivers/STM32F0xx_HAL_Driver/Src/stm32f0xx_hal_can.c **** 
 251:Drivers/STM32F0xx_HAL_Driver/Src/stm32f0xx_hal_can.c **** /** @defgroup CAN_Exported_Functions_Group1 Initialization and de-initialization functions
 252:Drivers/STM32F0xx_HAL_Driver/Src/stm32f0xx_hal_can.c ****   * @brief    Initialization and Configuration functions
 253:Drivers/STM32F0xx_HAL_Driver/Src/stm32f0xx_hal_can.c ****   *
 254:Drivers/STM32F0xx_HAL_Driver/Src/stm32f0xx_hal_can.c **** @verbatim
 255:Drivers/STM32F0xx_HAL_Driver/Src/stm32f0xx_hal_can.c ****   ==============================================================================
 256:Drivers/STM32F0xx_HAL_Driver/Src/stm32f0xx_hal_can.c ****               ##### Initialization and de-initialization functions #####
 257:Drivers/STM32F0xx_HAL_Driver/Src/stm32f0xx_hal_can.c ****   ==============================================================================
 258:Drivers/STM32F0xx_HAL_Driver/Src/stm32f0xx_hal_can.c ****     [..]  This section provides functions allowing to:
 259:Drivers/STM32F0xx_HAL_Driver/Src/stm32f0xx_hal_can.c ****       (+) HAL_CAN_Init                       : Initialize and configure the CAN.
ARM GAS  /tmp/ccxePDI1.s 			page 6


 260:Drivers/STM32F0xx_HAL_Driver/Src/stm32f0xx_hal_can.c ****       (+) HAL_CAN_DeInit                     : De-initialize the CAN.
 261:Drivers/STM32F0xx_HAL_Driver/Src/stm32f0xx_hal_can.c ****       (+) HAL_CAN_MspInit                    : Initialize the CAN MSP.
 262:Drivers/STM32F0xx_HAL_Driver/Src/stm32f0xx_hal_can.c ****       (+) HAL_CAN_MspDeInit                  : DeInitialize the CAN MSP.
 263:Drivers/STM32F0xx_HAL_Driver/Src/stm32f0xx_hal_can.c **** 
 264:Drivers/STM32F0xx_HAL_Driver/Src/stm32f0xx_hal_can.c **** @endverbatim
 265:Drivers/STM32F0xx_HAL_Driver/Src/stm32f0xx_hal_can.c ****   * @{
 266:Drivers/STM32F0xx_HAL_Driver/Src/stm32f0xx_hal_can.c ****   */
 267:Drivers/STM32F0xx_HAL_Driver/Src/stm32f0xx_hal_can.c **** 
 268:Drivers/STM32F0xx_HAL_Driver/Src/stm32f0xx_hal_can.c **** /**
 269:Drivers/STM32F0xx_HAL_Driver/Src/stm32f0xx_hal_can.c ****   * @brief  Initializes the CAN peripheral according to the specified
 270:Drivers/STM32F0xx_HAL_Driver/Src/stm32f0xx_hal_can.c ****   *         parameters in the CAN_InitStruct.
 271:Drivers/STM32F0xx_HAL_Driver/Src/stm32f0xx_hal_can.c ****   * @param  hcan pointer to a CAN_HandleTypeDef structure that contains
 272:Drivers/STM32F0xx_HAL_Driver/Src/stm32f0xx_hal_can.c ****   *         the configuration information for the specified CAN.
 273:Drivers/STM32F0xx_HAL_Driver/Src/stm32f0xx_hal_can.c ****   * @retval HAL status
 274:Drivers/STM32F0xx_HAL_Driver/Src/stm32f0xx_hal_can.c ****   */
 275:Drivers/STM32F0xx_HAL_Driver/Src/stm32f0xx_hal_can.c **** HAL_StatusTypeDef HAL_CAN_Init(CAN_HandleTypeDef *hcan)
 276:Drivers/STM32F0xx_HAL_Driver/Src/stm32f0xx_hal_can.c **** {
 277:Drivers/STM32F0xx_HAL_Driver/Src/stm32f0xx_hal_can.c ****   uint32_t tickstart;
 278:Drivers/STM32F0xx_HAL_Driver/Src/stm32f0xx_hal_can.c **** 
 279:Drivers/STM32F0xx_HAL_Driver/Src/stm32f0xx_hal_can.c ****   /* Check CAN handle */
 280:Drivers/STM32F0xx_HAL_Driver/Src/stm32f0xx_hal_can.c ****   if (hcan == NULL)
 281:Drivers/STM32F0xx_HAL_Driver/Src/stm32f0xx_hal_can.c ****   {
 282:Drivers/STM32F0xx_HAL_Driver/Src/stm32f0xx_hal_can.c ****     return HAL_ERROR;
 283:Drivers/STM32F0xx_HAL_Driver/Src/stm32f0xx_hal_can.c ****   }
 284:Drivers/STM32F0xx_HAL_Driver/Src/stm32f0xx_hal_can.c **** 
 285:Drivers/STM32F0xx_HAL_Driver/Src/stm32f0xx_hal_can.c ****   /* Check the parameters */
 286:Drivers/STM32F0xx_HAL_Driver/Src/stm32f0xx_hal_can.c ****   assert_param(IS_CAN_ALL_INSTANCE(hcan->Instance));
 287:Drivers/STM32F0xx_HAL_Driver/Src/stm32f0xx_hal_can.c ****   assert_param(IS_FUNCTIONAL_STATE(hcan->Init.TimeTriggeredMode));
 288:Drivers/STM32F0xx_HAL_Driver/Src/stm32f0xx_hal_can.c ****   assert_param(IS_FUNCTIONAL_STATE(hcan->Init.AutoBusOff));
 289:Drivers/STM32F0xx_HAL_Driver/Src/stm32f0xx_hal_can.c ****   assert_param(IS_FUNCTIONAL_STATE(hcan->Init.AutoWakeUp));
 290:Drivers/STM32F0xx_HAL_Driver/Src/stm32f0xx_hal_can.c ****   assert_param(IS_FUNCTIONAL_STATE(hcan->Init.AutoRetransmission));
 291:Drivers/STM32F0xx_HAL_Driver/Src/stm32f0xx_hal_can.c ****   assert_param(IS_FUNCTIONAL_STATE(hcan->Init.ReceiveFifoLocked));
 292:Drivers/STM32F0xx_HAL_Driver/Src/stm32f0xx_hal_can.c ****   assert_param(IS_FUNCTIONAL_STATE(hcan->Init.TransmitFifoPriority));
 293:Drivers/STM32F0xx_HAL_Driver/Src/stm32f0xx_hal_can.c ****   assert_param(IS_CAN_MODE(hcan->Init.Mode));
 294:Drivers/STM32F0xx_HAL_Driver/Src/stm32f0xx_hal_can.c ****   assert_param(IS_CAN_SJW(hcan->Init.SyncJumpWidth));
 295:Drivers/STM32F0xx_HAL_Driver/Src/stm32f0xx_hal_can.c ****   assert_param(IS_CAN_BS1(hcan->Init.TimeSeg1));
 296:Drivers/STM32F0xx_HAL_Driver/Src/stm32f0xx_hal_can.c ****   assert_param(IS_CAN_BS2(hcan->Init.TimeSeg2));
 297:Drivers/STM32F0xx_HAL_Driver/Src/stm32f0xx_hal_can.c ****   assert_param(IS_CAN_PRESCALER(hcan->Init.Prescaler));
 298:Drivers/STM32F0xx_HAL_Driver/Src/stm32f0xx_hal_can.c **** 
 299:Drivers/STM32F0xx_HAL_Driver/Src/stm32f0xx_hal_can.c **** #if USE_HAL_CAN_REGISTER_CALLBACKS == 1
 300:Drivers/STM32F0xx_HAL_Driver/Src/stm32f0xx_hal_can.c ****   if (hcan->State == HAL_CAN_STATE_RESET)
 301:Drivers/STM32F0xx_HAL_Driver/Src/stm32f0xx_hal_can.c ****   {
 302:Drivers/STM32F0xx_HAL_Driver/Src/stm32f0xx_hal_can.c ****     /* Reset callbacks to legacy functions */
 303:Drivers/STM32F0xx_HAL_Driver/Src/stm32f0xx_hal_can.c ****     hcan->RxFifo0MsgPendingCallback  =  HAL_CAN_RxFifo0MsgPendingCallback;  /* Legacy weak RxFifo0M
 304:Drivers/STM32F0xx_HAL_Driver/Src/stm32f0xx_hal_can.c ****     hcan->RxFifo0FullCallback        =  HAL_CAN_RxFifo0FullCallback;        /* Legacy weak RxFifo0F
 305:Drivers/STM32F0xx_HAL_Driver/Src/stm32f0xx_hal_can.c ****     hcan->RxFifo1MsgPendingCallback  =  HAL_CAN_RxFifo1MsgPendingCallback;  /* Legacy weak RxFifo1M
 306:Drivers/STM32F0xx_HAL_Driver/Src/stm32f0xx_hal_can.c ****     hcan->RxFifo1FullCallback        =  HAL_CAN_RxFifo1FullCallback;        /* Legacy weak RxFifo1F
 307:Drivers/STM32F0xx_HAL_Driver/Src/stm32f0xx_hal_can.c ****     hcan->TxMailbox0CompleteCallback =  HAL_CAN_TxMailbox0CompleteCallback; /* Legacy weak TxMailbo
 308:Drivers/STM32F0xx_HAL_Driver/Src/stm32f0xx_hal_can.c ****     hcan->TxMailbox1CompleteCallback =  HAL_CAN_TxMailbox1CompleteCallback; /* Legacy weak TxMailbo
 309:Drivers/STM32F0xx_HAL_Driver/Src/stm32f0xx_hal_can.c ****     hcan->TxMailbox2CompleteCallback =  HAL_CAN_TxMailbox2CompleteCallback; /* Legacy weak TxMailbo
 310:Drivers/STM32F0xx_HAL_Driver/Src/stm32f0xx_hal_can.c ****     hcan->TxMailbox0AbortCallback    =  HAL_CAN_TxMailbox0AbortCallback;    /* Legacy weak TxMailbo
 311:Drivers/STM32F0xx_HAL_Driver/Src/stm32f0xx_hal_can.c ****     hcan->TxMailbox1AbortCallback    =  HAL_CAN_TxMailbox1AbortCallback;    /* Legacy weak TxMailbo
 312:Drivers/STM32F0xx_HAL_Driver/Src/stm32f0xx_hal_can.c ****     hcan->TxMailbox2AbortCallback    =  HAL_CAN_TxMailbox2AbortCallback;    /* Legacy weak TxMailbo
 313:Drivers/STM32F0xx_HAL_Driver/Src/stm32f0xx_hal_can.c ****     hcan->SleepCallback              =  HAL_CAN_SleepCallback;              /* Legacy weak SleepCal
 314:Drivers/STM32F0xx_HAL_Driver/Src/stm32f0xx_hal_can.c ****     hcan->WakeUpFromRxMsgCallback    =  HAL_CAN_WakeUpFromRxMsgCallback;    /* Legacy weak WakeUpFr
 315:Drivers/STM32F0xx_HAL_Driver/Src/stm32f0xx_hal_can.c ****     hcan->ErrorCallback              =  HAL_CAN_ErrorCallback;              /* Legacy weak ErrorCal
 316:Drivers/STM32F0xx_HAL_Driver/Src/stm32f0xx_hal_can.c **** 
ARM GAS  /tmp/ccxePDI1.s 			page 7


 317:Drivers/STM32F0xx_HAL_Driver/Src/stm32f0xx_hal_can.c ****     if (hcan->MspInitCallback == NULL)
 318:Drivers/STM32F0xx_HAL_Driver/Src/stm32f0xx_hal_can.c ****     {
 319:Drivers/STM32F0xx_HAL_Driver/Src/stm32f0xx_hal_can.c ****       hcan->MspInitCallback = HAL_CAN_MspInit; /* Legacy weak MspInit */
 320:Drivers/STM32F0xx_HAL_Driver/Src/stm32f0xx_hal_can.c ****     }
 321:Drivers/STM32F0xx_HAL_Driver/Src/stm32f0xx_hal_can.c **** 
 322:Drivers/STM32F0xx_HAL_Driver/Src/stm32f0xx_hal_can.c ****     /* Init the low level hardware: CLOCK, NVIC */
 323:Drivers/STM32F0xx_HAL_Driver/Src/stm32f0xx_hal_can.c ****     hcan->MspInitCallback(hcan);
 324:Drivers/STM32F0xx_HAL_Driver/Src/stm32f0xx_hal_can.c ****   }
 325:Drivers/STM32F0xx_HAL_Driver/Src/stm32f0xx_hal_can.c **** 
 326:Drivers/STM32F0xx_HAL_Driver/Src/stm32f0xx_hal_can.c **** #else
 327:Drivers/STM32F0xx_HAL_Driver/Src/stm32f0xx_hal_can.c ****   if (hcan->State == HAL_CAN_STATE_RESET)
 328:Drivers/STM32F0xx_HAL_Driver/Src/stm32f0xx_hal_can.c ****   {
 329:Drivers/STM32F0xx_HAL_Driver/Src/stm32f0xx_hal_can.c ****     /* Init the low level hardware: CLOCK, NVIC */
 330:Drivers/STM32F0xx_HAL_Driver/Src/stm32f0xx_hal_can.c ****     HAL_CAN_MspInit(hcan);
 331:Drivers/STM32F0xx_HAL_Driver/Src/stm32f0xx_hal_can.c ****   }
 332:Drivers/STM32F0xx_HAL_Driver/Src/stm32f0xx_hal_can.c **** #endif /* USE_HAL_CAN_REGISTER_CALLBACKS */
 333:Drivers/STM32F0xx_HAL_Driver/Src/stm32f0xx_hal_can.c **** 
 334:Drivers/STM32F0xx_HAL_Driver/Src/stm32f0xx_hal_can.c ****   /* Request initialisation */
 335:Drivers/STM32F0xx_HAL_Driver/Src/stm32f0xx_hal_can.c ****   SET_BIT(hcan->Instance->MCR, CAN_MCR_INRQ);
 336:Drivers/STM32F0xx_HAL_Driver/Src/stm32f0xx_hal_can.c **** 
 337:Drivers/STM32F0xx_HAL_Driver/Src/stm32f0xx_hal_can.c ****   /* Get tick */
 338:Drivers/STM32F0xx_HAL_Driver/Src/stm32f0xx_hal_can.c ****   tickstart = HAL_GetTick();
 339:Drivers/STM32F0xx_HAL_Driver/Src/stm32f0xx_hal_can.c **** 
 340:Drivers/STM32F0xx_HAL_Driver/Src/stm32f0xx_hal_can.c ****   /* Wait initialisation acknowledge */
 341:Drivers/STM32F0xx_HAL_Driver/Src/stm32f0xx_hal_can.c ****   while ((hcan->Instance->MSR & CAN_MSR_INAK) == 0U)
 342:Drivers/STM32F0xx_HAL_Driver/Src/stm32f0xx_hal_can.c ****   {
 343:Drivers/STM32F0xx_HAL_Driver/Src/stm32f0xx_hal_can.c ****     if ((HAL_GetTick() - tickstart) > CAN_TIMEOUT_VALUE)
 344:Drivers/STM32F0xx_HAL_Driver/Src/stm32f0xx_hal_can.c ****     {
 345:Drivers/STM32F0xx_HAL_Driver/Src/stm32f0xx_hal_can.c ****       /* Update error code */
 346:Drivers/STM32F0xx_HAL_Driver/Src/stm32f0xx_hal_can.c ****       hcan->ErrorCode |= HAL_CAN_ERROR_TIMEOUT;
 347:Drivers/STM32F0xx_HAL_Driver/Src/stm32f0xx_hal_can.c **** 
 348:Drivers/STM32F0xx_HAL_Driver/Src/stm32f0xx_hal_can.c ****       /* Change CAN state */
 349:Drivers/STM32F0xx_HAL_Driver/Src/stm32f0xx_hal_can.c ****       hcan->State = HAL_CAN_STATE_ERROR;
 350:Drivers/STM32F0xx_HAL_Driver/Src/stm32f0xx_hal_can.c **** 
 351:Drivers/STM32F0xx_HAL_Driver/Src/stm32f0xx_hal_can.c ****       return HAL_ERROR;
 352:Drivers/STM32F0xx_HAL_Driver/Src/stm32f0xx_hal_can.c ****     }
 353:Drivers/STM32F0xx_HAL_Driver/Src/stm32f0xx_hal_can.c ****   }
 354:Drivers/STM32F0xx_HAL_Driver/Src/stm32f0xx_hal_can.c **** 
 355:Drivers/STM32F0xx_HAL_Driver/Src/stm32f0xx_hal_can.c ****   /* Exit from sleep mode */
 356:Drivers/STM32F0xx_HAL_Driver/Src/stm32f0xx_hal_can.c ****   CLEAR_BIT(hcan->Instance->MCR, CAN_MCR_SLEEP);
 357:Drivers/STM32F0xx_HAL_Driver/Src/stm32f0xx_hal_can.c **** 
 358:Drivers/STM32F0xx_HAL_Driver/Src/stm32f0xx_hal_can.c ****   /* Get tick */
 359:Drivers/STM32F0xx_HAL_Driver/Src/stm32f0xx_hal_can.c ****   tickstart = HAL_GetTick();
 360:Drivers/STM32F0xx_HAL_Driver/Src/stm32f0xx_hal_can.c **** 
 361:Drivers/STM32F0xx_HAL_Driver/Src/stm32f0xx_hal_can.c ****   /* Check Sleep mode leave acknowledge */
 362:Drivers/STM32F0xx_HAL_Driver/Src/stm32f0xx_hal_can.c ****   while ((hcan->Instance->MSR & CAN_MSR_SLAK) != 0U)
 363:Drivers/STM32F0xx_HAL_Driver/Src/stm32f0xx_hal_can.c ****   {
 364:Drivers/STM32F0xx_HAL_Driver/Src/stm32f0xx_hal_can.c ****     if ((HAL_GetTick() - tickstart) > CAN_TIMEOUT_VALUE)
 365:Drivers/STM32F0xx_HAL_Driver/Src/stm32f0xx_hal_can.c ****     {
 366:Drivers/STM32F0xx_HAL_Driver/Src/stm32f0xx_hal_can.c ****       /* Update error code */
 367:Drivers/STM32F0xx_HAL_Driver/Src/stm32f0xx_hal_can.c ****       hcan->ErrorCode |= HAL_CAN_ERROR_TIMEOUT;
 368:Drivers/STM32F0xx_HAL_Driver/Src/stm32f0xx_hal_can.c **** 
 369:Drivers/STM32F0xx_HAL_Driver/Src/stm32f0xx_hal_can.c ****       /* Change CAN state */
 370:Drivers/STM32F0xx_HAL_Driver/Src/stm32f0xx_hal_can.c ****       hcan->State = HAL_CAN_STATE_ERROR;
 371:Drivers/STM32F0xx_HAL_Driver/Src/stm32f0xx_hal_can.c **** 
 372:Drivers/STM32F0xx_HAL_Driver/Src/stm32f0xx_hal_can.c ****       return HAL_ERROR;
 373:Drivers/STM32F0xx_HAL_Driver/Src/stm32f0xx_hal_can.c ****     }
ARM GAS  /tmp/ccxePDI1.s 			page 8


 374:Drivers/STM32F0xx_HAL_Driver/Src/stm32f0xx_hal_can.c ****   }
 375:Drivers/STM32F0xx_HAL_Driver/Src/stm32f0xx_hal_can.c **** 
 376:Drivers/STM32F0xx_HAL_Driver/Src/stm32f0xx_hal_can.c ****   /* Set the time triggered communication mode */
 377:Drivers/STM32F0xx_HAL_Driver/Src/stm32f0xx_hal_can.c ****   if (hcan->Init.TimeTriggeredMode == ENABLE)
 378:Drivers/STM32F0xx_HAL_Driver/Src/stm32f0xx_hal_can.c ****   {
 379:Drivers/STM32F0xx_HAL_Driver/Src/stm32f0xx_hal_can.c ****     SET_BIT(hcan->Instance->MCR, CAN_MCR_TTCM);
 380:Drivers/STM32F0xx_HAL_Driver/Src/stm32f0xx_hal_can.c ****   }
 381:Drivers/STM32F0xx_HAL_Driver/Src/stm32f0xx_hal_can.c ****   else
 382:Drivers/STM32F0xx_HAL_Driver/Src/stm32f0xx_hal_can.c ****   {
 383:Drivers/STM32F0xx_HAL_Driver/Src/stm32f0xx_hal_can.c ****     CLEAR_BIT(hcan->Instance->MCR, CAN_MCR_TTCM);
 384:Drivers/STM32F0xx_HAL_Driver/Src/stm32f0xx_hal_can.c ****   }
 385:Drivers/STM32F0xx_HAL_Driver/Src/stm32f0xx_hal_can.c **** 
 386:Drivers/STM32F0xx_HAL_Driver/Src/stm32f0xx_hal_can.c ****   /* Set the automatic bus-off management */
 387:Drivers/STM32F0xx_HAL_Driver/Src/stm32f0xx_hal_can.c ****   if (hcan->Init.AutoBusOff == ENABLE)
 388:Drivers/STM32F0xx_HAL_Driver/Src/stm32f0xx_hal_can.c ****   {
 389:Drivers/STM32F0xx_HAL_Driver/Src/stm32f0xx_hal_can.c ****     SET_BIT(hcan->Instance->MCR, CAN_MCR_ABOM);
 390:Drivers/STM32F0xx_HAL_Driver/Src/stm32f0xx_hal_can.c ****   }
 391:Drivers/STM32F0xx_HAL_Driver/Src/stm32f0xx_hal_can.c ****   else
 392:Drivers/STM32F0xx_HAL_Driver/Src/stm32f0xx_hal_can.c ****   {
 393:Drivers/STM32F0xx_HAL_Driver/Src/stm32f0xx_hal_can.c ****     CLEAR_BIT(hcan->Instance->MCR, CAN_MCR_ABOM);
 394:Drivers/STM32F0xx_HAL_Driver/Src/stm32f0xx_hal_can.c ****   }
 395:Drivers/STM32F0xx_HAL_Driver/Src/stm32f0xx_hal_can.c **** 
 396:Drivers/STM32F0xx_HAL_Driver/Src/stm32f0xx_hal_can.c ****   /* Set the automatic wake-up mode */
 397:Drivers/STM32F0xx_HAL_Driver/Src/stm32f0xx_hal_can.c ****   if (hcan->Init.AutoWakeUp == ENABLE)
 398:Drivers/STM32F0xx_HAL_Driver/Src/stm32f0xx_hal_can.c ****   {
 399:Drivers/STM32F0xx_HAL_Driver/Src/stm32f0xx_hal_can.c ****     SET_BIT(hcan->Instance->MCR, CAN_MCR_AWUM);
 400:Drivers/STM32F0xx_HAL_Driver/Src/stm32f0xx_hal_can.c ****   }
 401:Drivers/STM32F0xx_HAL_Driver/Src/stm32f0xx_hal_can.c ****   else
 402:Drivers/STM32F0xx_HAL_Driver/Src/stm32f0xx_hal_can.c ****   {
 403:Drivers/STM32F0xx_HAL_Driver/Src/stm32f0xx_hal_can.c ****     CLEAR_BIT(hcan->Instance->MCR, CAN_MCR_AWUM);
 404:Drivers/STM32F0xx_HAL_Driver/Src/stm32f0xx_hal_can.c ****   }
 405:Drivers/STM32F0xx_HAL_Driver/Src/stm32f0xx_hal_can.c **** 
 406:Drivers/STM32F0xx_HAL_Driver/Src/stm32f0xx_hal_can.c ****   /* Set the automatic retransmission */
 407:Drivers/STM32F0xx_HAL_Driver/Src/stm32f0xx_hal_can.c ****   if (hcan->Init.AutoRetransmission == ENABLE)
 408:Drivers/STM32F0xx_HAL_Driver/Src/stm32f0xx_hal_can.c ****   {
 409:Drivers/STM32F0xx_HAL_Driver/Src/stm32f0xx_hal_can.c ****     CLEAR_BIT(hcan->Instance->MCR, CAN_MCR_NART);
 410:Drivers/STM32F0xx_HAL_Driver/Src/stm32f0xx_hal_can.c ****   }
 411:Drivers/STM32F0xx_HAL_Driver/Src/stm32f0xx_hal_can.c ****   else
 412:Drivers/STM32F0xx_HAL_Driver/Src/stm32f0xx_hal_can.c ****   {
 413:Drivers/STM32F0xx_HAL_Driver/Src/stm32f0xx_hal_can.c ****     SET_BIT(hcan->Instance->MCR, CAN_MCR_NART);
 414:Drivers/STM32F0xx_HAL_Driver/Src/stm32f0xx_hal_can.c ****   }
 415:Drivers/STM32F0xx_HAL_Driver/Src/stm32f0xx_hal_can.c **** 
 416:Drivers/STM32F0xx_HAL_Driver/Src/stm32f0xx_hal_can.c ****   /* Set the receive FIFO locked mode */
 417:Drivers/STM32F0xx_HAL_Driver/Src/stm32f0xx_hal_can.c ****   if (hcan->Init.ReceiveFifoLocked == ENABLE)
 418:Drivers/STM32F0xx_HAL_Driver/Src/stm32f0xx_hal_can.c ****   {
 419:Drivers/STM32F0xx_HAL_Driver/Src/stm32f0xx_hal_can.c ****     SET_BIT(hcan->Instance->MCR, CAN_MCR_RFLM);
 420:Drivers/STM32F0xx_HAL_Driver/Src/stm32f0xx_hal_can.c ****   }
 421:Drivers/STM32F0xx_HAL_Driver/Src/stm32f0xx_hal_can.c ****   else
 422:Drivers/STM32F0xx_HAL_Driver/Src/stm32f0xx_hal_can.c ****   {
 423:Drivers/STM32F0xx_HAL_Driver/Src/stm32f0xx_hal_can.c ****     CLEAR_BIT(hcan->Instance->MCR, CAN_MCR_RFLM);
 424:Drivers/STM32F0xx_HAL_Driver/Src/stm32f0xx_hal_can.c ****   }
 425:Drivers/STM32F0xx_HAL_Driver/Src/stm32f0xx_hal_can.c **** 
 426:Drivers/STM32F0xx_HAL_Driver/Src/stm32f0xx_hal_can.c ****   /* Set the transmit FIFO priority */
 427:Drivers/STM32F0xx_HAL_Driver/Src/stm32f0xx_hal_can.c ****   if (hcan->Init.TransmitFifoPriority == ENABLE)
 428:Drivers/STM32F0xx_HAL_Driver/Src/stm32f0xx_hal_can.c ****   {
 429:Drivers/STM32F0xx_HAL_Driver/Src/stm32f0xx_hal_can.c ****     SET_BIT(hcan->Instance->MCR, CAN_MCR_TXFP);
 430:Drivers/STM32F0xx_HAL_Driver/Src/stm32f0xx_hal_can.c ****   }
ARM GAS  /tmp/ccxePDI1.s 			page 9


 431:Drivers/STM32F0xx_HAL_Driver/Src/stm32f0xx_hal_can.c ****   else
 432:Drivers/STM32F0xx_HAL_Driver/Src/stm32f0xx_hal_can.c ****   {
 433:Drivers/STM32F0xx_HAL_Driver/Src/stm32f0xx_hal_can.c ****     CLEAR_BIT(hcan->Instance->MCR, CAN_MCR_TXFP);
 434:Drivers/STM32F0xx_HAL_Driver/Src/stm32f0xx_hal_can.c ****   }
 435:Drivers/STM32F0xx_HAL_Driver/Src/stm32f0xx_hal_can.c **** 
 436:Drivers/STM32F0xx_HAL_Driver/Src/stm32f0xx_hal_can.c ****   /* Set the bit timing register */
 437:Drivers/STM32F0xx_HAL_Driver/Src/stm32f0xx_hal_can.c ****   WRITE_REG(hcan->Instance->BTR, (uint32_t)(hcan->Init.Mode           |
 438:Drivers/STM32F0xx_HAL_Driver/Src/stm32f0xx_hal_can.c ****                                             hcan->Init.SyncJumpWidth  |
 439:Drivers/STM32F0xx_HAL_Driver/Src/stm32f0xx_hal_can.c ****                                             hcan->Init.TimeSeg1       |
 440:Drivers/STM32F0xx_HAL_Driver/Src/stm32f0xx_hal_can.c ****                                             hcan->Init.TimeSeg2       |
 441:Drivers/STM32F0xx_HAL_Driver/Src/stm32f0xx_hal_can.c ****                                             (hcan->Init.Prescaler - 1U)));
 442:Drivers/STM32F0xx_HAL_Driver/Src/stm32f0xx_hal_can.c **** 
 443:Drivers/STM32F0xx_HAL_Driver/Src/stm32f0xx_hal_can.c ****   /* Initialize the error code */
 444:Drivers/STM32F0xx_HAL_Driver/Src/stm32f0xx_hal_can.c ****   hcan->ErrorCode = HAL_CAN_ERROR_NONE;
 445:Drivers/STM32F0xx_HAL_Driver/Src/stm32f0xx_hal_can.c **** 
 446:Drivers/STM32F0xx_HAL_Driver/Src/stm32f0xx_hal_can.c ****   /* Initialize the CAN state */
 447:Drivers/STM32F0xx_HAL_Driver/Src/stm32f0xx_hal_can.c ****   hcan->State = HAL_CAN_STATE_READY;
 448:Drivers/STM32F0xx_HAL_Driver/Src/stm32f0xx_hal_can.c **** 
 449:Drivers/STM32F0xx_HAL_Driver/Src/stm32f0xx_hal_can.c ****   /* Return function status */
 450:Drivers/STM32F0xx_HAL_Driver/Src/stm32f0xx_hal_can.c ****   return HAL_OK;
 451:Drivers/STM32F0xx_HAL_Driver/Src/stm32f0xx_hal_can.c **** }
 452:Drivers/STM32F0xx_HAL_Driver/Src/stm32f0xx_hal_can.c **** 
 453:Drivers/STM32F0xx_HAL_Driver/Src/stm32f0xx_hal_can.c **** /**
 454:Drivers/STM32F0xx_HAL_Driver/Src/stm32f0xx_hal_can.c ****   * @brief  Deinitializes the CAN peripheral registers to their default
 455:Drivers/STM32F0xx_HAL_Driver/Src/stm32f0xx_hal_can.c ****   *         reset values.
 456:Drivers/STM32F0xx_HAL_Driver/Src/stm32f0xx_hal_can.c ****   * @param  hcan pointer to a CAN_HandleTypeDef structure that contains
 457:Drivers/STM32F0xx_HAL_Driver/Src/stm32f0xx_hal_can.c ****   *         the configuration information for the specified CAN.
 458:Drivers/STM32F0xx_HAL_Driver/Src/stm32f0xx_hal_can.c ****   * @retval HAL status
 459:Drivers/STM32F0xx_HAL_Driver/Src/stm32f0xx_hal_can.c ****   */
 460:Drivers/STM32F0xx_HAL_Driver/Src/stm32f0xx_hal_can.c **** HAL_StatusTypeDef HAL_CAN_DeInit(CAN_HandleTypeDef *hcan)
 461:Drivers/STM32F0xx_HAL_Driver/Src/stm32f0xx_hal_can.c **** {
 462:Drivers/STM32F0xx_HAL_Driver/Src/stm32f0xx_hal_can.c ****   /* Check CAN handle */
 463:Drivers/STM32F0xx_HAL_Driver/Src/stm32f0xx_hal_can.c ****   if (hcan == NULL)
 464:Drivers/STM32F0xx_HAL_Driver/Src/stm32f0xx_hal_can.c ****   {
 465:Drivers/STM32F0xx_HAL_Driver/Src/stm32f0xx_hal_can.c ****     return HAL_ERROR;
 466:Drivers/STM32F0xx_HAL_Driver/Src/stm32f0xx_hal_can.c ****   }
 467:Drivers/STM32F0xx_HAL_Driver/Src/stm32f0xx_hal_can.c **** 
 468:Drivers/STM32F0xx_HAL_Driver/Src/stm32f0xx_hal_can.c ****   /* Check the parameters */
 469:Drivers/STM32F0xx_HAL_Driver/Src/stm32f0xx_hal_can.c ****   assert_param(IS_CAN_ALL_INSTANCE(hcan->Instance));
 470:Drivers/STM32F0xx_HAL_Driver/Src/stm32f0xx_hal_can.c **** 
 471:Drivers/STM32F0xx_HAL_Driver/Src/stm32f0xx_hal_can.c ****   /* Stop the CAN module */
 472:Drivers/STM32F0xx_HAL_Driver/Src/stm32f0xx_hal_can.c ****   (void)HAL_CAN_Stop(hcan);
 473:Drivers/STM32F0xx_HAL_Driver/Src/stm32f0xx_hal_can.c **** 
 474:Drivers/STM32F0xx_HAL_Driver/Src/stm32f0xx_hal_can.c **** #if USE_HAL_CAN_REGISTER_CALLBACKS == 1
 475:Drivers/STM32F0xx_HAL_Driver/Src/stm32f0xx_hal_can.c ****   if (hcan->MspDeInitCallback == NULL)
 476:Drivers/STM32F0xx_HAL_Driver/Src/stm32f0xx_hal_can.c ****   {
 477:Drivers/STM32F0xx_HAL_Driver/Src/stm32f0xx_hal_can.c ****     hcan->MspDeInitCallback = HAL_CAN_MspDeInit; /* Legacy weak MspDeInit */
 478:Drivers/STM32F0xx_HAL_Driver/Src/stm32f0xx_hal_can.c ****   }
 479:Drivers/STM32F0xx_HAL_Driver/Src/stm32f0xx_hal_can.c **** 
 480:Drivers/STM32F0xx_HAL_Driver/Src/stm32f0xx_hal_can.c ****   /* DeInit the low level hardware: CLOCK, NVIC */
 481:Drivers/STM32F0xx_HAL_Driver/Src/stm32f0xx_hal_can.c ****   hcan->MspDeInitCallback(hcan);
 482:Drivers/STM32F0xx_HAL_Driver/Src/stm32f0xx_hal_can.c **** 
 483:Drivers/STM32F0xx_HAL_Driver/Src/stm32f0xx_hal_can.c **** #else
 484:Drivers/STM32F0xx_HAL_Driver/Src/stm32f0xx_hal_can.c ****   /* DeInit the low level hardware: CLOCK, NVIC */
 485:Drivers/STM32F0xx_HAL_Driver/Src/stm32f0xx_hal_can.c ****   HAL_CAN_MspDeInit(hcan);
 486:Drivers/STM32F0xx_HAL_Driver/Src/stm32f0xx_hal_can.c **** #endif /* USE_HAL_CAN_REGISTER_CALLBACKS */
 487:Drivers/STM32F0xx_HAL_Driver/Src/stm32f0xx_hal_can.c **** 
ARM GAS  /tmp/ccxePDI1.s 			page 10


 488:Drivers/STM32F0xx_HAL_Driver/Src/stm32f0xx_hal_can.c ****   /* Reset the CAN peripheral */
 489:Drivers/STM32F0xx_HAL_Driver/Src/stm32f0xx_hal_can.c ****   SET_BIT(hcan->Instance->MCR, CAN_MCR_RESET);
 490:Drivers/STM32F0xx_HAL_Driver/Src/stm32f0xx_hal_can.c **** 
 491:Drivers/STM32F0xx_HAL_Driver/Src/stm32f0xx_hal_can.c ****   /* Reset the CAN ErrorCode */
 492:Drivers/STM32F0xx_HAL_Driver/Src/stm32f0xx_hal_can.c ****   hcan->ErrorCode = HAL_CAN_ERROR_NONE;
 493:Drivers/STM32F0xx_HAL_Driver/Src/stm32f0xx_hal_can.c **** 
 494:Drivers/STM32F0xx_HAL_Driver/Src/stm32f0xx_hal_can.c ****   /* Change CAN state */
 495:Drivers/STM32F0xx_HAL_Driver/Src/stm32f0xx_hal_can.c ****   hcan->State = HAL_CAN_STATE_RESET;
 496:Drivers/STM32F0xx_HAL_Driver/Src/stm32f0xx_hal_can.c **** 
 497:Drivers/STM32F0xx_HAL_Driver/Src/stm32f0xx_hal_can.c ****   /* Return function status */
 498:Drivers/STM32F0xx_HAL_Driver/Src/stm32f0xx_hal_can.c ****   return HAL_OK;
 499:Drivers/STM32F0xx_HAL_Driver/Src/stm32f0xx_hal_can.c **** }
 500:Drivers/STM32F0xx_HAL_Driver/Src/stm32f0xx_hal_can.c **** 
 501:Drivers/STM32F0xx_HAL_Driver/Src/stm32f0xx_hal_can.c **** /**
 502:Drivers/STM32F0xx_HAL_Driver/Src/stm32f0xx_hal_can.c ****   * @brief  Initializes the CAN MSP.
 503:Drivers/STM32F0xx_HAL_Driver/Src/stm32f0xx_hal_can.c ****   * @param  hcan pointer to a CAN_HandleTypeDef structure that contains
 504:Drivers/STM32F0xx_HAL_Driver/Src/stm32f0xx_hal_can.c ****   *         the configuration information for the specified CAN.
 505:Drivers/STM32F0xx_HAL_Driver/Src/stm32f0xx_hal_can.c ****   * @retval None
 506:Drivers/STM32F0xx_HAL_Driver/Src/stm32f0xx_hal_can.c ****   */
 507:Drivers/STM32F0xx_HAL_Driver/Src/stm32f0xx_hal_can.c **** __weak void HAL_CAN_MspInit(CAN_HandleTypeDef *hcan)
 508:Drivers/STM32F0xx_HAL_Driver/Src/stm32f0xx_hal_can.c **** {
  28              		.loc 1 508 1 view -0
  29              		.cfi_startproc
  30              		@ args = 0, pretend = 0, frame = 0
  31              		@ frame_needed = 0, uses_anonymous_args = 0
  32              		@ link register save eliminated.
 509:Drivers/STM32F0xx_HAL_Driver/Src/stm32f0xx_hal_can.c ****   /* Prevent unused argument(s) compilation warning */
 510:Drivers/STM32F0xx_HAL_Driver/Src/stm32f0xx_hal_can.c ****   UNUSED(hcan);
  33              		.loc 1 510 3 view .LVU1
 511:Drivers/STM32F0xx_HAL_Driver/Src/stm32f0xx_hal_can.c **** 
 512:Drivers/STM32F0xx_HAL_Driver/Src/stm32f0xx_hal_can.c ****   /* NOTE : This function Should not be modified, when the callback is needed,
 513:Drivers/STM32F0xx_HAL_Driver/Src/stm32f0xx_hal_can.c ****             the HAL_CAN_MspInit could be implemented in the user file
 514:Drivers/STM32F0xx_HAL_Driver/Src/stm32f0xx_hal_can.c ****    */
 515:Drivers/STM32F0xx_HAL_Driver/Src/stm32f0xx_hal_can.c **** }
  34              		.loc 1 515 1 is_stmt 0 view .LVU2
  35              		@ sp needed
  36 0000 7047     		bx	lr
  37              		.cfi_endproc
  38              	.LFE42:
  40              		.section	.text.HAL_CAN_Init,"ax",%progbits
  41              		.align	1
  42              		.global	HAL_CAN_Init
  43              		.syntax unified
  44              		.code	16
  45              		.thumb_func
  47              	HAL_CAN_Init:
  48              	.LVL1:
  49              	.LFB40:
 276:Drivers/STM32F0xx_HAL_Driver/Src/stm32f0xx_hal_can.c ****   uint32_t tickstart;
  50              		.loc 1 276 1 is_stmt 1 view -0
  51              		.cfi_startproc
  52              		@ args = 0, pretend = 0, frame = 0
  53              		@ frame_needed = 0, uses_anonymous_args = 0
 276:Drivers/STM32F0xx_HAL_Driver/Src/stm32f0xx_hal_can.c ****   uint32_t tickstart;
  54              		.loc 1 276 1 is_stmt 0 view .LVU4
  55 0000 70B5     		push	{r4, r5, r6, lr}
  56              	.LCFI0:
ARM GAS  /tmp/ccxePDI1.s 			page 11


  57              		.cfi_def_cfa_offset 16
  58              		.cfi_offset 4, -16
  59              		.cfi_offset 5, -12
  60              		.cfi_offset 6, -8
  61              		.cfi_offset 14, -4
  62 0002 041E     		subs	r4, r0, #0
 277:Drivers/STM32F0xx_HAL_Driver/Src/stm32f0xx_hal_can.c **** 
  63              		.loc 1 277 3 is_stmt 1 view .LVU5
 280:Drivers/STM32F0xx_HAL_Driver/Src/stm32f0xx_hal_can.c ****   {
  64              		.loc 1 280 3 view .LVU6
 280:Drivers/STM32F0xx_HAL_Driver/Src/stm32f0xx_hal_can.c ****   {
  65              		.loc 1 280 6 is_stmt 0 view .LVU7
  66 0004 00D1     		bne	.LCB28
  67 0006 A0E0     		b	.L21	@long jump
  68              	.LCB28:
 286:Drivers/STM32F0xx_HAL_Driver/Src/stm32f0xx_hal_can.c ****   assert_param(IS_FUNCTIONAL_STATE(hcan->Init.TimeTriggeredMode));
  69              		.loc 1 286 3 is_stmt 1 view .LVU8
 287:Drivers/STM32F0xx_HAL_Driver/Src/stm32f0xx_hal_can.c ****   assert_param(IS_FUNCTIONAL_STATE(hcan->Init.AutoBusOff));
  70              		.loc 1 287 3 view .LVU9
 288:Drivers/STM32F0xx_HAL_Driver/Src/stm32f0xx_hal_can.c ****   assert_param(IS_FUNCTIONAL_STATE(hcan->Init.AutoWakeUp));
  71              		.loc 1 288 3 view .LVU10
 289:Drivers/STM32F0xx_HAL_Driver/Src/stm32f0xx_hal_can.c ****   assert_param(IS_FUNCTIONAL_STATE(hcan->Init.AutoRetransmission));
  72              		.loc 1 289 3 view .LVU11
 290:Drivers/STM32F0xx_HAL_Driver/Src/stm32f0xx_hal_can.c ****   assert_param(IS_FUNCTIONAL_STATE(hcan->Init.ReceiveFifoLocked));
  73              		.loc 1 290 3 view .LVU12
 291:Drivers/STM32F0xx_HAL_Driver/Src/stm32f0xx_hal_can.c ****   assert_param(IS_FUNCTIONAL_STATE(hcan->Init.TransmitFifoPriority));
  74              		.loc 1 291 3 view .LVU13
 292:Drivers/STM32F0xx_HAL_Driver/Src/stm32f0xx_hal_can.c ****   assert_param(IS_CAN_MODE(hcan->Init.Mode));
  75              		.loc 1 292 3 view .LVU14
 293:Drivers/STM32F0xx_HAL_Driver/Src/stm32f0xx_hal_can.c ****   assert_param(IS_CAN_SJW(hcan->Init.SyncJumpWidth));
  76              		.loc 1 293 3 view .LVU15
 294:Drivers/STM32F0xx_HAL_Driver/Src/stm32f0xx_hal_can.c ****   assert_param(IS_CAN_BS1(hcan->Init.TimeSeg1));
  77              		.loc 1 294 3 view .LVU16
 295:Drivers/STM32F0xx_HAL_Driver/Src/stm32f0xx_hal_can.c ****   assert_param(IS_CAN_BS2(hcan->Init.TimeSeg2));
  78              		.loc 1 295 3 view .LVU17
 296:Drivers/STM32F0xx_HAL_Driver/Src/stm32f0xx_hal_can.c ****   assert_param(IS_CAN_PRESCALER(hcan->Init.Prescaler));
  79              		.loc 1 296 3 view .LVU18
 297:Drivers/STM32F0xx_HAL_Driver/Src/stm32f0xx_hal_can.c **** 
  80              		.loc 1 297 3 view .LVU19
 327:Drivers/STM32F0xx_HAL_Driver/Src/stm32f0xx_hal_can.c ****   {
  81              		.loc 1 327 3 view .LVU20
 327:Drivers/STM32F0xx_HAL_Driver/Src/stm32f0xx_hal_can.c ****   {
  82              		.loc 1 327 11 is_stmt 0 view .LVU21
  83 0008 2023     		movs	r3, #32
  84 000a C35C     		ldrb	r3, [r0, r3]
 327:Drivers/STM32F0xx_HAL_Driver/Src/stm32f0xx_hal_can.c ****   {
  85              		.loc 1 327 6 view .LVU22
  86 000c 002B     		cmp	r3, #0
  87 000e 1AD0     		beq	.L22
  88              	.LVL2:
  89              	.L4:
 335:Drivers/STM32F0xx_HAL_Driver/Src/stm32f0xx_hal_can.c **** 
  90              		.loc 1 335 3 is_stmt 1 view .LVU23
  91 0010 2268     		ldr	r2, [r4]
  92 0012 1368     		ldr	r3, [r2]
  93 0014 0121     		movs	r1, #1
  94 0016 0B43     		orrs	r3, r1
ARM GAS  /tmp/ccxePDI1.s 			page 12


  95 0018 1360     		str	r3, [r2]
 338:Drivers/STM32F0xx_HAL_Driver/Src/stm32f0xx_hal_can.c **** 
  96              		.loc 1 338 3 view .LVU24
 338:Drivers/STM32F0xx_HAL_Driver/Src/stm32f0xx_hal_can.c **** 
  97              		.loc 1 338 15 is_stmt 0 view .LVU25
  98 001a FFF7FEFF 		bl	HAL_GetTick
  99              	.LVL3:
 100 001e 0500     		movs	r5, r0
 101              	.LVL4:
 341:Drivers/STM32F0xx_HAL_Driver/Src/stm32f0xx_hal_can.c ****   {
 102              		.loc 1 341 3 is_stmt 1 view .LVU26
 103              	.L5:
 341:Drivers/STM32F0xx_HAL_Driver/Src/stm32f0xx_hal_can.c ****   {
 104              		.loc 1 341 47 view .LVU27
 341:Drivers/STM32F0xx_HAL_Driver/Src/stm32f0xx_hal_can.c ****   {
 105              		.loc 1 341 15 is_stmt 0 view .LVU28
 106 0020 2268     		ldr	r2, [r4]
 341:Drivers/STM32F0xx_HAL_Driver/Src/stm32f0xx_hal_can.c ****   {
 107              		.loc 1 341 25 view .LVU29
 108 0022 5368     		ldr	r3, [r2, #4]
 341:Drivers/STM32F0xx_HAL_Driver/Src/stm32f0xx_hal_can.c ****   {
 109              		.loc 1 341 47 view .LVU30
 110 0024 DB07     		lsls	r3, r3, #31
 111 0026 11D4     		bmi	.L23
 343:Drivers/STM32F0xx_HAL_Driver/Src/stm32f0xx_hal_can.c ****     {
 112              		.loc 1 343 5 is_stmt 1 view .LVU31
 343:Drivers/STM32F0xx_HAL_Driver/Src/stm32f0xx_hal_can.c ****     {
 113              		.loc 1 343 10 is_stmt 0 view .LVU32
 114 0028 FFF7FEFF 		bl	HAL_GetTick
 115              	.LVL5:
 343:Drivers/STM32F0xx_HAL_Driver/Src/stm32f0xx_hal_can.c ****     {
 116              		.loc 1 343 24 discriminator 1 view .LVU33
 117 002c 401B     		subs	r0, r0, r5
 343:Drivers/STM32F0xx_HAL_Driver/Src/stm32f0xx_hal_can.c ****     {
 118              		.loc 1 343 8 discriminator 1 view .LVU34
 119 002e 0A28     		cmp	r0, #10
 120 0030 F6D9     		bls	.L5
 346:Drivers/STM32F0xx_HAL_Driver/Src/stm32f0xx_hal_can.c **** 
 121              		.loc 1 346 7 is_stmt 1 view .LVU35
 346:Drivers/STM32F0xx_HAL_Driver/Src/stm32f0xx_hal_can.c **** 
 122              		.loc 1 346 11 is_stmt 0 view .LVU36
 123 0032 626A     		ldr	r2, [r4, #36]
 346:Drivers/STM32F0xx_HAL_Driver/Src/stm32f0xx_hal_can.c **** 
 124              		.loc 1 346 23 view .LVU37
 125 0034 8023     		movs	r3, #128
 126 0036 9B02     		lsls	r3, r3, #10
 127 0038 1343     		orrs	r3, r2
 128 003a 6362     		str	r3, [r4, #36]
 349:Drivers/STM32F0xx_HAL_Driver/Src/stm32f0xx_hal_can.c **** 
 129              		.loc 1 349 7 is_stmt 1 view .LVU38
 349:Drivers/STM32F0xx_HAL_Driver/Src/stm32f0xx_hal_can.c **** 
 130              		.loc 1 349 19 is_stmt 0 view .LVU39
 131 003c 2023     		movs	r3, #32
 132 003e 0522     		movs	r2, #5
 133 0040 E254     		strb	r2, [r4, r3]
 351:Drivers/STM32F0xx_HAL_Driver/Src/stm32f0xx_hal_can.c ****     }
 134              		.loc 1 351 7 is_stmt 1 view .LVU40
ARM GAS  /tmp/ccxePDI1.s 			page 13


 351:Drivers/STM32F0xx_HAL_Driver/Src/stm32f0xx_hal_can.c ****     }
 135              		.loc 1 351 14 is_stmt 0 view .LVU41
 136 0042 0120     		movs	r0, #1
 137              	.LVL6:
 138              	.L3:
 451:Drivers/STM32F0xx_HAL_Driver/Src/stm32f0xx_hal_can.c **** 
 139              		.loc 1 451 1 view .LVU42
 140              		@ sp needed
 141              	.LVL7:
 451:Drivers/STM32F0xx_HAL_Driver/Src/stm32f0xx_hal_can.c **** 
 142              		.loc 1 451 1 view .LVU43
 143 0044 70BD     		pop	{r4, r5, r6, pc}
 144              	.LVL8:
 145              	.L22:
 330:Drivers/STM32F0xx_HAL_Driver/Src/stm32f0xx_hal_can.c ****   }
 146              		.loc 1 330 5 is_stmt 1 view .LVU44
 147 0046 FFF7FEFF 		bl	HAL_CAN_MspInit
 148              	.LVL9:
 330:Drivers/STM32F0xx_HAL_Driver/Src/stm32f0xx_hal_can.c ****   }
 149              		.loc 1 330 5 is_stmt 0 view .LVU45
 150 004a E1E7     		b	.L4
 151              	.LVL10:
 152              	.L23:
 356:Drivers/STM32F0xx_HAL_Driver/Src/stm32f0xx_hal_can.c **** 
 153              		.loc 1 356 3 is_stmt 1 view .LVU46
 154 004c 1368     		ldr	r3, [r2]
 155 004e 0221     		movs	r1, #2
 156 0050 8B43     		bics	r3, r1
 157 0052 1360     		str	r3, [r2]
 359:Drivers/STM32F0xx_HAL_Driver/Src/stm32f0xx_hal_can.c **** 
 158              		.loc 1 359 3 view .LVU47
 359:Drivers/STM32F0xx_HAL_Driver/Src/stm32f0xx_hal_can.c **** 
 159              		.loc 1 359 15 is_stmt 0 view .LVU48
 160 0054 FFF7FEFF 		bl	HAL_GetTick
 161              	.LVL11:
 162 0058 0500     		movs	r5, r0
 163              	.LVL12:
 362:Drivers/STM32F0xx_HAL_Driver/Src/stm32f0xx_hal_can.c ****   {
 164              		.loc 1 362 3 is_stmt 1 view .LVU49
 165              	.L7:
 362:Drivers/STM32F0xx_HAL_Driver/Src/stm32f0xx_hal_can.c ****   {
 166              		.loc 1 362 47 view .LVU50
 362:Drivers/STM32F0xx_HAL_Driver/Src/stm32f0xx_hal_can.c ****   {
 167              		.loc 1 362 15 is_stmt 0 view .LVU51
 168 005a 2268     		ldr	r2, [r4]
 362:Drivers/STM32F0xx_HAL_Driver/Src/stm32f0xx_hal_can.c ****   {
 169              		.loc 1 362 25 view .LVU52
 170 005c 5368     		ldr	r3, [r2, #4]
 362:Drivers/STM32F0xx_HAL_Driver/Src/stm32f0xx_hal_can.c ****   {
 171              		.loc 1 362 47 view .LVU53
 172 005e 9B07     		lsls	r3, r3, #30
 173 0060 0ED5     		bpl	.L24
 364:Drivers/STM32F0xx_HAL_Driver/Src/stm32f0xx_hal_can.c ****     {
 174              		.loc 1 364 5 is_stmt 1 view .LVU54
 364:Drivers/STM32F0xx_HAL_Driver/Src/stm32f0xx_hal_can.c ****     {
 175              		.loc 1 364 10 is_stmt 0 view .LVU55
 176 0062 FFF7FEFF 		bl	HAL_GetTick
ARM GAS  /tmp/ccxePDI1.s 			page 14


 177              	.LVL13:
 364:Drivers/STM32F0xx_HAL_Driver/Src/stm32f0xx_hal_can.c ****     {
 178              		.loc 1 364 24 discriminator 1 view .LVU56
 179 0066 401B     		subs	r0, r0, r5
 364:Drivers/STM32F0xx_HAL_Driver/Src/stm32f0xx_hal_can.c ****     {
 180              		.loc 1 364 8 discriminator 1 view .LVU57
 181 0068 0A28     		cmp	r0, #10
 182 006a F6D9     		bls	.L7
 367:Drivers/STM32F0xx_HAL_Driver/Src/stm32f0xx_hal_can.c **** 
 183              		.loc 1 367 7 is_stmt 1 view .LVU58
 367:Drivers/STM32F0xx_HAL_Driver/Src/stm32f0xx_hal_can.c **** 
 184              		.loc 1 367 11 is_stmt 0 view .LVU59
 185 006c 626A     		ldr	r2, [r4, #36]
 367:Drivers/STM32F0xx_HAL_Driver/Src/stm32f0xx_hal_can.c **** 
 186              		.loc 1 367 23 view .LVU60
 187 006e 8023     		movs	r3, #128
 188 0070 9B02     		lsls	r3, r3, #10
 189 0072 1343     		orrs	r3, r2
 190 0074 6362     		str	r3, [r4, #36]
 370:Drivers/STM32F0xx_HAL_Driver/Src/stm32f0xx_hal_can.c **** 
 191              		.loc 1 370 7 is_stmt 1 view .LVU61
 370:Drivers/STM32F0xx_HAL_Driver/Src/stm32f0xx_hal_can.c **** 
 192              		.loc 1 370 19 is_stmt 0 view .LVU62
 193 0076 2023     		movs	r3, #32
 194 0078 0522     		movs	r2, #5
 195 007a E254     		strb	r2, [r4, r3]
 372:Drivers/STM32F0xx_HAL_Driver/Src/stm32f0xx_hal_can.c ****     }
 196              		.loc 1 372 7 is_stmt 1 view .LVU63
 372:Drivers/STM32F0xx_HAL_Driver/Src/stm32f0xx_hal_can.c ****     }
 197              		.loc 1 372 14 is_stmt 0 view .LVU64
 198 007c 0120     		movs	r0, #1
 199 007e E1E7     		b	.L3
 200              	.L24:
 377:Drivers/STM32F0xx_HAL_Driver/Src/stm32f0xx_hal_can.c ****   {
 201              		.loc 1 377 3 is_stmt 1 view .LVU65
 377:Drivers/STM32F0xx_HAL_Driver/Src/stm32f0xx_hal_can.c ****   {
 202              		.loc 1 377 17 is_stmt 0 view .LVU66
 203 0080 237E     		ldrb	r3, [r4, #24]
 377:Drivers/STM32F0xx_HAL_Driver/Src/stm32f0xx_hal_can.c ****   {
 204              		.loc 1 377 6 view .LVU67
 205 0082 012B     		cmp	r3, #1
 206 0084 3ED0     		beq	.L25
 383:Drivers/STM32F0xx_HAL_Driver/Src/stm32f0xx_hal_can.c ****   }
 207              		.loc 1 383 5 is_stmt 1 view .LVU68
 208 0086 1368     		ldr	r3, [r2]
 209 0088 8021     		movs	r1, #128
 210 008a 8B43     		bics	r3, r1
 211 008c 1360     		str	r3, [r2]
 212              	.L10:
 387:Drivers/STM32F0xx_HAL_Driver/Src/stm32f0xx_hal_can.c ****   {
 213              		.loc 1 387 3 view .LVU69
 387:Drivers/STM32F0xx_HAL_Driver/Src/stm32f0xx_hal_can.c ****   {
 214              		.loc 1 387 17 is_stmt 0 view .LVU70
 215 008e 637E     		ldrb	r3, [r4, #25]
 387:Drivers/STM32F0xx_HAL_Driver/Src/stm32f0xx_hal_can.c ****   {
 216              		.loc 1 387 6 view .LVU71
 217 0090 012B     		cmp	r3, #1
ARM GAS  /tmp/ccxePDI1.s 			page 15


 218 0092 3CD0     		beq	.L26
 393:Drivers/STM32F0xx_HAL_Driver/Src/stm32f0xx_hal_can.c ****   }
 219              		.loc 1 393 5 is_stmt 1 view .LVU72
 220 0094 2268     		ldr	r2, [r4]
 221 0096 1368     		ldr	r3, [r2]
 222 0098 4021     		movs	r1, #64
 223 009a 8B43     		bics	r3, r1
 224 009c 1360     		str	r3, [r2]
 225              	.L12:
 397:Drivers/STM32F0xx_HAL_Driver/Src/stm32f0xx_hal_can.c ****   {
 226              		.loc 1 397 3 view .LVU73
 397:Drivers/STM32F0xx_HAL_Driver/Src/stm32f0xx_hal_can.c ****   {
 227              		.loc 1 397 17 is_stmt 0 view .LVU74
 228 009e A37E     		ldrb	r3, [r4, #26]
 397:Drivers/STM32F0xx_HAL_Driver/Src/stm32f0xx_hal_can.c ****   {
 229              		.loc 1 397 6 view .LVU75
 230 00a0 012B     		cmp	r3, #1
 231 00a2 3AD0     		beq	.L27
 403:Drivers/STM32F0xx_HAL_Driver/Src/stm32f0xx_hal_can.c ****   }
 232              		.loc 1 403 5 is_stmt 1 view .LVU76
 233 00a4 2268     		ldr	r2, [r4]
 234 00a6 1368     		ldr	r3, [r2]
 235 00a8 2021     		movs	r1, #32
 236 00aa 8B43     		bics	r3, r1
 237 00ac 1360     		str	r3, [r2]
 238              	.L14:
 407:Drivers/STM32F0xx_HAL_Driver/Src/stm32f0xx_hal_can.c ****   {
 239              		.loc 1 407 3 view .LVU77
 407:Drivers/STM32F0xx_HAL_Driver/Src/stm32f0xx_hal_can.c ****   {
 240              		.loc 1 407 17 is_stmt 0 view .LVU78
 241 00ae E37E     		ldrb	r3, [r4, #27]
 407:Drivers/STM32F0xx_HAL_Driver/Src/stm32f0xx_hal_can.c ****   {
 242              		.loc 1 407 6 view .LVU79
 243 00b0 012B     		cmp	r3, #1
 244 00b2 38D0     		beq	.L28
 413:Drivers/STM32F0xx_HAL_Driver/Src/stm32f0xx_hal_can.c ****   }
 245              		.loc 1 413 5 is_stmt 1 view .LVU80
 246 00b4 2268     		ldr	r2, [r4]
 247 00b6 1368     		ldr	r3, [r2]
 248 00b8 1021     		movs	r1, #16
 249 00ba 0B43     		orrs	r3, r1
 250 00bc 1360     		str	r3, [r2]
 251              	.L16:
 417:Drivers/STM32F0xx_HAL_Driver/Src/stm32f0xx_hal_can.c ****   {
 252              		.loc 1 417 3 view .LVU81
 417:Drivers/STM32F0xx_HAL_Driver/Src/stm32f0xx_hal_can.c ****   {
 253              		.loc 1 417 17 is_stmt 0 view .LVU82
 254 00be 237F     		ldrb	r3, [r4, #28]
 417:Drivers/STM32F0xx_HAL_Driver/Src/stm32f0xx_hal_can.c ****   {
 255              		.loc 1 417 6 view .LVU83
 256 00c0 012B     		cmp	r3, #1
 257 00c2 36D0     		beq	.L29
 423:Drivers/STM32F0xx_HAL_Driver/Src/stm32f0xx_hal_can.c ****   }
 258              		.loc 1 423 5 is_stmt 1 view .LVU84
 259 00c4 2268     		ldr	r2, [r4]
 260 00c6 1368     		ldr	r3, [r2]
 261 00c8 0821     		movs	r1, #8
ARM GAS  /tmp/ccxePDI1.s 			page 16


 262 00ca 8B43     		bics	r3, r1
 263 00cc 1360     		str	r3, [r2]
 264              	.L18:
 427:Drivers/STM32F0xx_HAL_Driver/Src/stm32f0xx_hal_can.c ****   {
 265              		.loc 1 427 3 view .LVU85
 427:Drivers/STM32F0xx_HAL_Driver/Src/stm32f0xx_hal_can.c ****   {
 266              		.loc 1 427 17 is_stmt 0 view .LVU86
 267 00ce 637F     		ldrb	r3, [r4, #29]
 427:Drivers/STM32F0xx_HAL_Driver/Src/stm32f0xx_hal_can.c ****   {
 268              		.loc 1 427 6 view .LVU87
 269 00d0 012B     		cmp	r3, #1
 270 00d2 34D0     		beq	.L30
 433:Drivers/STM32F0xx_HAL_Driver/Src/stm32f0xx_hal_can.c ****   }
 271              		.loc 1 433 5 is_stmt 1 view .LVU88
 272 00d4 2268     		ldr	r2, [r4]
 273 00d6 1368     		ldr	r3, [r2]
 274 00d8 0421     		movs	r1, #4
 275 00da 8B43     		bics	r3, r1
 276 00dc 1360     		str	r3, [r2]
 277              	.L20:
 437:Drivers/STM32F0xx_HAL_Driver/Src/stm32f0xx_hal_can.c ****                                             hcan->Init.SyncJumpWidth  |
 278              		.loc 1 437 3 view .LVU89
 279 00de A368     		ldr	r3, [r4, #8]
 280 00e0 E268     		ldr	r2, [r4, #12]
 281 00e2 1343     		orrs	r3, r2
 282 00e4 2269     		ldr	r2, [r4, #16]
 283 00e6 1343     		orrs	r3, r2
 284 00e8 6269     		ldr	r2, [r4, #20]
 285 00ea 1343     		orrs	r3, r2
 286 00ec 6268     		ldr	r2, [r4, #4]
 287 00ee 013A     		subs	r2, r2, #1
 288 00f0 2168     		ldr	r1, [r4]
 289 00f2 1343     		orrs	r3, r2
 290 00f4 CB61     		str	r3, [r1, #28]
 444:Drivers/STM32F0xx_HAL_Driver/Src/stm32f0xx_hal_can.c **** 
 291              		.loc 1 444 3 view .LVU90
 444:Drivers/STM32F0xx_HAL_Driver/Src/stm32f0xx_hal_can.c **** 
 292              		.loc 1 444 19 is_stmt 0 view .LVU91
 293 00f6 0023     		movs	r3, #0
 294 00f8 6362     		str	r3, [r4, #36]
 447:Drivers/STM32F0xx_HAL_Driver/Src/stm32f0xx_hal_can.c **** 
 295              		.loc 1 447 3 is_stmt 1 view .LVU92
 447:Drivers/STM32F0xx_HAL_Driver/Src/stm32f0xx_hal_can.c **** 
 296              		.loc 1 447 15 is_stmt 0 view .LVU93
 297 00fa 2033     		adds	r3, r3, #32
 298 00fc 0122     		movs	r2, #1
 299 00fe E254     		strb	r2, [r4, r3]
 450:Drivers/STM32F0xx_HAL_Driver/Src/stm32f0xx_hal_can.c **** }
 300              		.loc 1 450 3 is_stmt 1 view .LVU94
 450:Drivers/STM32F0xx_HAL_Driver/Src/stm32f0xx_hal_can.c **** }
 301              		.loc 1 450 10 is_stmt 0 view .LVU95
 302 0100 0020     		movs	r0, #0
 303 0102 9FE7     		b	.L3
 304              	.L25:
 379:Drivers/STM32F0xx_HAL_Driver/Src/stm32f0xx_hal_can.c ****   }
 305              		.loc 1 379 5 is_stmt 1 view .LVU96
 306 0104 1368     		ldr	r3, [r2]
ARM GAS  /tmp/ccxePDI1.s 			page 17


 307 0106 8021     		movs	r1, #128
 308 0108 0B43     		orrs	r3, r1
 309 010a 1360     		str	r3, [r2]
 310 010c BFE7     		b	.L10
 311              	.L26:
 389:Drivers/STM32F0xx_HAL_Driver/Src/stm32f0xx_hal_can.c ****   }
 312              		.loc 1 389 5 view .LVU97
 313 010e 2268     		ldr	r2, [r4]
 314 0110 1368     		ldr	r3, [r2]
 315 0112 4021     		movs	r1, #64
 316 0114 0B43     		orrs	r3, r1
 317 0116 1360     		str	r3, [r2]
 318 0118 C1E7     		b	.L12
 319              	.L27:
 399:Drivers/STM32F0xx_HAL_Driver/Src/stm32f0xx_hal_can.c ****   }
 320              		.loc 1 399 5 view .LVU98
 321 011a 2268     		ldr	r2, [r4]
 322 011c 1368     		ldr	r3, [r2]
 323 011e 2021     		movs	r1, #32
 324 0120 0B43     		orrs	r3, r1
 325 0122 1360     		str	r3, [r2]
 326 0124 C3E7     		b	.L14
 327              	.L28:
 409:Drivers/STM32F0xx_HAL_Driver/Src/stm32f0xx_hal_can.c ****   }
 328              		.loc 1 409 5 view .LVU99
 329 0126 2268     		ldr	r2, [r4]
 330 0128 1368     		ldr	r3, [r2]
 331 012a 1021     		movs	r1, #16
 332 012c 8B43     		bics	r3, r1
 333 012e 1360     		str	r3, [r2]
 334 0130 C5E7     		b	.L16
 335              	.L29:
 419:Drivers/STM32F0xx_HAL_Driver/Src/stm32f0xx_hal_can.c ****   }
 336              		.loc 1 419 5 view .LVU100
 337 0132 2268     		ldr	r2, [r4]
 338 0134 1368     		ldr	r3, [r2]
 339 0136 0821     		movs	r1, #8
 340 0138 0B43     		orrs	r3, r1
 341 013a 1360     		str	r3, [r2]
 342 013c C7E7     		b	.L18
 343              	.L30:
 429:Drivers/STM32F0xx_HAL_Driver/Src/stm32f0xx_hal_can.c ****   }
 344              		.loc 1 429 5 view .LVU101
 345 013e 2268     		ldr	r2, [r4]
 346 0140 1368     		ldr	r3, [r2]
 347 0142 0421     		movs	r1, #4
 348 0144 0B43     		orrs	r3, r1
 349 0146 1360     		str	r3, [r2]
 350 0148 C9E7     		b	.L20
 351              	.LVL14:
 352              	.L21:
 282:Drivers/STM32F0xx_HAL_Driver/Src/stm32f0xx_hal_can.c ****   }
 353              		.loc 1 282 12 is_stmt 0 view .LVU102
 354 014a 0120     		movs	r0, #1
 355              	.LVL15:
 282:Drivers/STM32F0xx_HAL_Driver/Src/stm32f0xx_hal_can.c ****   }
 356              		.loc 1 282 12 view .LVU103
ARM GAS  /tmp/ccxePDI1.s 			page 18


 357 014c 7AE7     		b	.L3
 358              		.cfi_endproc
 359              	.LFE40:
 361              		.section	.text.HAL_CAN_MspDeInit,"ax",%progbits
 362              		.align	1
 363              		.weak	HAL_CAN_MspDeInit
 364              		.syntax unified
 365              		.code	16
 366              		.thumb_func
 368              	HAL_CAN_MspDeInit:
 369              	.LVL16:
 370              	.LFB43:
 516:Drivers/STM32F0xx_HAL_Driver/Src/stm32f0xx_hal_can.c **** 
 517:Drivers/STM32F0xx_HAL_Driver/Src/stm32f0xx_hal_can.c **** /**
 518:Drivers/STM32F0xx_HAL_Driver/Src/stm32f0xx_hal_can.c ****   * @brief  DeInitializes the CAN MSP.
 519:Drivers/STM32F0xx_HAL_Driver/Src/stm32f0xx_hal_can.c ****   * @param  hcan pointer to a CAN_HandleTypeDef structure that contains
 520:Drivers/STM32F0xx_HAL_Driver/Src/stm32f0xx_hal_can.c ****   *         the configuration information for the specified CAN.
 521:Drivers/STM32F0xx_HAL_Driver/Src/stm32f0xx_hal_can.c ****   * @retval None
 522:Drivers/STM32F0xx_HAL_Driver/Src/stm32f0xx_hal_can.c ****   */
 523:Drivers/STM32F0xx_HAL_Driver/Src/stm32f0xx_hal_can.c **** __weak void HAL_CAN_MspDeInit(CAN_HandleTypeDef *hcan)
 524:Drivers/STM32F0xx_HAL_Driver/Src/stm32f0xx_hal_can.c **** {
 371              		.loc 1 524 1 is_stmt 1 view -0
 372              		.cfi_startproc
 373              		@ args = 0, pretend = 0, frame = 0
 374              		@ frame_needed = 0, uses_anonymous_args = 0
 375              		@ link register save eliminated.
 525:Drivers/STM32F0xx_HAL_Driver/Src/stm32f0xx_hal_can.c ****   /* Prevent unused argument(s) compilation warning */
 526:Drivers/STM32F0xx_HAL_Driver/Src/stm32f0xx_hal_can.c ****   UNUSED(hcan);
 376              		.loc 1 526 3 view .LVU105
 527:Drivers/STM32F0xx_HAL_Driver/Src/stm32f0xx_hal_can.c **** 
 528:Drivers/STM32F0xx_HAL_Driver/Src/stm32f0xx_hal_can.c ****   /* NOTE : This function Should not be modified, when the callback is needed,
 529:Drivers/STM32F0xx_HAL_Driver/Src/stm32f0xx_hal_can.c ****             the HAL_CAN_MspDeInit could be implemented in the user file
 530:Drivers/STM32F0xx_HAL_Driver/Src/stm32f0xx_hal_can.c ****    */
 531:Drivers/STM32F0xx_HAL_Driver/Src/stm32f0xx_hal_can.c **** }
 377              		.loc 1 531 1 is_stmt 0 view .LVU106
 378              		@ sp needed
 379 0000 7047     		bx	lr
 380              		.cfi_endproc
 381              	.LFE43:
 383              		.section	.text.HAL_CAN_ConfigFilter,"ax",%progbits
 384              		.align	1
 385              		.global	HAL_CAN_ConfigFilter
 386              		.syntax unified
 387              		.code	16
 388              		.thumb_func
 390              	HAL_CAN_ConfigFilter:
 391              	.LVL17:
 392              	.LFB44:
 532:Drivers/STM32F0xx_HAL_Driver/Src/stm32f0xx_hal_can.c **** 
 533:Drivers/STM32F0xx_HAL_Driver/Src/stm32f0xx_hal_can.c **** #if USE_HAL_CAN_REGISTER_CALLBACKS == 1
 534:Drivers/STM32F0xx_HAL_Driver/Src/stm32f0xx_hal_can.c **** /**
 535:Drivers/STM32F0xx_HAL_Driver/Src/stm32f0xx_hal_can.c ****   * @brief  Register a CAN CallBack.
 536:Drivers/STM32F0xx_HAL_Driver/Src/stm32f0xx_hal_can.c ****   *         To be used instead of the weak predefined callback
 537:Drivers/STM32F0xx_HAL_Driver/Src/stm32f0xx_hal_can.c ****   * @param  hcan pointer to a CAN_HandleTypeDef structure that contains
 538:Drivers/STM32F0xx_HAL_Driver/Src/stm32f0xx_hal_can.c ****   *         the configuration information for CAN module
 539:Drivers/STM32F0xx_HAL_Driver/Src/stm32f0xx_hal_can.c ****   * @param  CallbackID ID of the callback to be registered
 540:Drivers/STM32F0xx_HAL_Driver/Src/stm32f0xx_hal_can.c ****   *         This parameter can be one of the following values:
ARM GAS  /tmp/ccxePDI1.s 			page 19


 541:Drivers/STM32F0xx_HAL_Driver/Src/stm32f0xx_hal_can.c ****   *           @arg @ref HAL_CAN_TX_MAILBOX0_COMPLETE_CB_ID Tx Mailbox 0 Complete callback ID
 542:Drivers/STM32F0xx_HAL_Driver/Src/stm32f0xx_hal_can.c ****   *           @arg @ref HAL_CAN_TX_MAILBOX1_COMPLETE_CB_ID Tx Mailbox 1 Complete callback ID
 543:Drivers/STM32F0xx_HAL_Driver/Src/stm32f0xx_hal_can.c ****   *           @arg @ref HAL_CAN_TX_MAILBOX2_COMPLETE_CB_ID Tx Mailbox 2 Complete callback ID
 544:Drivers/STM32F0xx_HAL_Driver/Src/stm32f0xx_hal_can.c ****   *           @arg @ref HAL_CAN_TX_MAILBOX0_ABORT_CB_ID Tx Mailbox 0 Abort callback ID
 545:Drivers/STM32F0xx_HAL_Driver/Src/stm32f0xx_hal_can.c ****   *           @arg @ref HAL_CAN_TX_MAILBOX1_ABORT_CB_ID Tx Mailbox 1 Abort callback ID
 546:Drivers/STM32F0xx_HAL_Driver/Src/stm32f0xx_hal_can.c ****   *           @arg @ref HAL_CAN_TX_MAILBOX2_ABORT_CB_ID Tx Mailbox 2 Abort callback ID
 547:Drivers/STM32F0xx_HAL_Driver/Src/stm32f0xx_hal_can.c ****   *           @arg @ref HAL_CAN_RX_FIFO0_MSG_PENDING_CB_ID Rx Fifo 0 message pending callback ID
 548:Drivers/STM32F0xx_HAL_Driver/Src/stm32f0xx_hal_can.c ****   *           @arg @ref HAL_CAN_RX_FIFO0_FULL_CB_ID Rx Fifo 0 full callback ID
 549:Drivers/STM32F0xx_HAL_Driver/Src/stm32f0xx_hal_can.c ****   *           @arg @ref HAL_CAN_RX_FIFO1_MSG_PENDING_CB_ID Rx Fifo 1 message pending callback ID
 550:Drivers/STM32F0xx_HAL_Driver/Src/stm32f0xx_hal_can.c ****   *           @arg @ref HAL_CAN_RX_FIFO1_FULL_CB_ID Rx Fifo 1 full callback ID
 551:Drivers/STM32F0xx_HAL_Driver/Src/stm32f0xx_hal_can.c ****   *           @arg @ref HAL_CAN_SLEEP_CB_ID Sleep callback ID
 552:Drivers/STM32F0xx_HAL_Driver/Src/stm32f0xx_hal_can.c ****   *           @arg @ref HAL_CAN_WAKEUP_FROM_RX_MSG_CB_ID Wake Up from Rx message callback ID
 553:Drivers/STM32F0xx_HAL_Driver/Src/stm32f0xx_hal_can.c ****   *           @arg @ref HAL_CAN_ERROR_CB_ID Error callback ID
 554:Drivers/STM32F0xx_HAL_Driver/Src/stm32f0xx_hal_can.c ****   *           @arg @ref HAL_CAN_MSPINIT_CB_ID MspInit callback ID
 555:Drivers/STM32F0xx_HAL_Driver/Src/stm32f0xx_hal_can.c ****   *           @arg @ref HAL_CAN_MSPDEINIT_CB_ID MspDeInit callback ID
 556:Drivers/STM32F0xx_HAL_Driver/Src/stm32f0xx_hal_can.c ****   * @param  pCallback pointer to the Callback function
 557:Drivers/STM32F0xx_HAL_Driver/Src/stm32f0xx_hal_can.c ****   * @retval HAL status
 558:Drivers/STM32F0xx_HAL_Driver/Src/stm32f0xx_hal_can.c ****   */
 559:Drivers/STM32F0xx_HAL_Driver/Src/stm32f0xx_hal_can.c **** HAL_StatusTypeDef HAL_CAN_RegisterCallback(CAN_HandleTypeDef *hcan, HAL_CAN_CallbackIDTypeDef Callb
 560:Drivers/STM32F0xx_HAL_Driver/Src/stm32f0xx_hal_can.c ****                                            void (* pCallback)(CAN_HandleTypeDef *_hcan))
 561:Drivers/STM32F0xx_HAL_Driver/Src/stm32f0xx_hal_can.c **** {
 562:Drivers/STM32F0xx_HAL_Driver/Src/stm32f0xx_hal_can.c ****   HAL_StatusTypeDef status = HAL_OK;
 563:Drivers/STM32F0xx_HAL_Driver/Src/stm32f0xx_hal_can.c **** 
 564:Drivers/STM32F0xx_HAL_Driver/Src/stm32f0xx_hal_can.c ****   if (pCallback == NULL)
 565:Drivers/STM32F0xx_HAL_Driver/Src/stm32f0xx_hal_can.c ****   {
 566:Drivers/STM32F0xx_HAL_Driver/Src/stm32f0xx_hal_can.c ****     /* Update the error code */
 567:Drivers/STM32F0xx_HAL_Driver/Src/stm32f0xx_hal_can.c ****     hcan->ErrorCode |= HAL_CAN_ERROR_INVALID_CALLBACK;
 568:Drivers/STM32F0xx_HAL_Driver/Src/stm32f0xx_hal_can.c **** 
 569:Drivers/STM32F0xx_HAL_Driver/Src/stm32f0xx_hal_can.c ****     return HAL_ERROR;
 570:Drivers/STM32F0xx_HAL_Driver/Src/stm32f0xx_hal_can.c ****   }
 571:Drivers/STM32F0xx_HAL_Driver/Src/stm32f0xx_hal_can.c **** 
 572:Drivers/STM32F0xx_HAL_Driver/Src/stm32f0xx_hal_can.c ****   if (hcan->State == HAL_CAN_STATE_READY)
 573:Drivers/STM32F0xx_HAL_Driver/Src/stm32f0xx_hal_can.c ****   {
 574:Drivers/STM32F0xx_HAL_Driver/Src/stm32f0xx_hal_can.c ****     switch (CallbackID)
 575:Drivers/STM32F0xx_HAL_Driver/Src/stm32f0xx_hal_can.c ****     {
 576:Drivers/STM32F0xx_HAL_Driver/Src/stm32f0xx_hal_can.c ****       case HAL_CAN_TX_MAILBOX0_COMPLETE_CB_ID :
 577:Drivers/STM32F0xx_HAL_Driver/Src/stm32f0xx_hal_can.c ****         hcan->TxMailbox0CompleteCallback = pCallback;
 578:Drivers/STM32F0xx_HAL_Driver/Src/stm32f0xx_hal_can.c ****         break;
 579:Drivers/STM32F0xx_HAL_Driver/Src/stm32f0xx_hal_can.c **** 
 580:Drivers/STM32F0xx_HAL_Driver/Src/stm32f0xx_hal_can.c ****       case HAL_CAN_TX_MAILBOX1_COMPLETE_CB_ID :
 581:Drivers/STM32F0xx_HAL_Driver/Src/stm32f0xx_hal_can.c ****         hcan->TxMailbox1CompleteCallback = pCallback;
 582:Drivers/STM32F0xx_HAL_Driver/Src/stm32f0xx_hal_can.c ****         break;
 583:Drivers/STM32F0xx_HAL_Driver/Src/stm32f0xx_hal_can.c **** 
 584:Drivers/STM32F0xx_HAL_Driver/Src/stm32f0xx_hal_can.c ****       case HAL_CAN_TX_MAILBOX2_COMPLETE_CB_ID :
 585:Drivers/STM32F0xx_HAL_Driver/Src/stm32f0xx_hal_can.c ****         hcan->TxMailbox2CompleteCallback = pCallback;
 586:Drivers/STM32F0xx_HAL_Driver/Src/stm32f0xx_hal_can.c ****         break;
 587:Drivers/STM32F0xx_HAL_Driver/Src/stm32f0xx_hal_can.c **** 
 588:Drivers/STM32F0xx_HAL_Driver/Src/stm32f0xx_hal_can.c ****       case HAL_CAN_TX_MAILBOX0_ABORT_CB_ID :
 589:Drivers/STM32F0xx_HAL_Driver/Src/stm32f0xx_hal_can.c ****         hcan->TxMailbox0AbortCallback = pCallback;
 590:Drivers/STM32F0xx_HAL_Driver/Src/stm32f0xx_hal_can.c ****         break;
 591:Drivers/STM32F0xx_HAL_Driver/Src/stm32f0xx_hal_can.c **** 
 592:Drivers/STM32F0xx_HAL_Driver/Src/stm32f0xx_hal_can.c ****       case HAL_CAN_TX_MAILBOX1_ABORT_CB_ID :
 593:Drivers/STM32F0xx_HAL_Driver/Src/stm32f0xx_hal_can.c ****         hcan->TxMailbox1AbortCallback = pCallback;
 594:Drivers/STM32F0xx_HAL_Driver/Src/stm32f0xx_hal_can.c ****         break;
 595:Drivers/STM32F0xx_HAL_Driver/Src/stm32f0xx_hal_can.c **** 
 596:Drivers/STM32F0xx_HAL_Driver/Src/stm32f0xx_hal_can.c ****       case HAL_CAN_TX_MAILBOX2_ABORT_CB_ID :
 597:Drivers/STM32F0xx_HAL_Driver/Src/stm32f0xx_hal_can.c ****         hcan->TxMailbox2AbortCallback = pCallback;
ARM GAS  /tmp/ccxePDI1.s 			page 20


 598:Drivers/STM32F0xx_HAL_Driver/Src/stm32f0xx_hal_can.c ****         break;
 599:Drivers/STM32F0xx_HAL_Driver/Src/stm32f0xx_hal_can.c **** 
 600:Drivers/STM32F0xx_HAL_Driver/Src/stm32f0xx_hal_can.c ****       case HAL_CAN_RX_FIFO0_MSG_PENDING_CB_ID :
 601:Drivers/STM32F0xx_HAL_Driver/Src/stm32f0xx_hal_can.c ****         hcan->RxFifo0MsgPendingCallback = pCallback;
 602:Drivers/STM32F0xx_HAL_Driver/Src/stm32f0xx_hal_can.c ****         break;
 603:Drivers/STM32F0xx_HAL_Driver/Src/stm32f0xx_hal_can.c **** 
 604:Drivers/STM32F0xx_HAL_Driver/Src/stm32f0xx_hal_can.c ****       case HAL_CAN_RX_FIFO0_FULL_CB_ID :
 605:Drivers/STM32F0xx_HAL_Driver/Src/stm32f0xx_hal_can.c ****         hcan->RxFifo0FullCallback = pCallback;
 606:Drivers/STM32F0xx_HAL_Driver/Src/stm32f0xx_hal_can.c ****         break;
 607:Drivers/STM32F0xx_HAL_Driver/Src/stm32f0xx_hal_can.c **** 
 608:Drivers/STM32F0xx_HAL_Driver/Src/stm32f0xx_hal_can.c ****       case HAL_CAN_RX_FIFO1_MSG_PENDING_CB_ID :
 609:Drivers/STM32F0xx_HAL_Driver/Src/stm32f0xx_hal_can.c ****         hcan->RxFifo1MsgPendingCallback = pCallback;
 610:Drivers/STM32F0xx_HAL_Driver/Src/stm32f0xx_hal_can.c ****         break;
 611:Drivers/STM32F0xx_HAL_Driver/Src/stm32f0xx_hal_can.c **** 
 612:Drivers/STM32F0xx_HAL_Driver/Src/stm32f0xx_hal_can.c ****       case HAL_CAN_RX_FIFO1_FULL_CB_ID :
 613:Drivers/STM32F0xx_HAL_Driver/Src/stm32f0xx_hal_can.c ****         hcan->RxFifo1FullCallback = pCallback;
 614:Drivers/STM32F0xx_HAL_Driver/Src/stm32f0xx_hal_can.c ****         break;
 615:Drivers/STM32F0xx_HAL_Driver/Src/stm32f0xx_hal_can.c **** 
 616:Drivers/STM32F0xx_HAL_Driver/Src/stm32f0xx_hal_can.c ****       case HAL_CAN_SLEEP_CB_ID :
 617:Drivers/STM32F0xx_HAL_Driver/Src/stm32f0xx_hal_can.c ****         hcan->SleepCallback = pCallback;
 618:Drivers/STM32F0xx_HAL_Driver/Src/stm32f0xx_hal_can.c ****         break;
 619:Drivers/STM32F0xx_HAL_Driver/Src/stm32f0xx_hal_can.c **** 
 620:Drivers/STM32F0xx_HAL_Driver/Src/stm32f0xx_hal_can.c ****       case HAL_CAN_WAKEUP_FROM_RX_MSG_CB_ID :
 621:Drivers/STM32F0xx_HAL_Driver/Src/stm32f0xx_hal_can.c ****         hcan->WakeUpFromRxMsgCallback = pCallback;
 622:Drivers/STM32F0xx_HAL_Driver/Src/stm32f0xx_hal_can.c ****         break;
 623:Drivers/STM32F0xx_HAL_Driver/Src/stm32f0xx_hal_can.c **** 
 624:Drivers/STM32F0xx_HAL_Driver/Src/stm32f0xx_hal_can.c ****       case HAL_CAN_ERROR_CB_ID :
 625:Drivers/STM32F0xx_HAL_Driver/Src/stm32f0xx_hal_can.c ****         hcan->ErrorCallback = pCallback;
 626:Drivers/STM32F0xx_HAL_Driver/Src/stm32f0xx_hal_can.c ****         break;
 627:Drivers/STM32F0xx_HAL_Driver/Src/stm32f0xx_hal_can.c **** 
 628:Drivers/STM32F0xx_HAL_Driver/Src/stm32f0xx_hal_can.c ****       case HAL_CAN_MSPINIT_CB_ID :
 629:Drivers/STM32F0xx_HAL_Driver/Src/stm32f0xx_hal_can.c ****         hcan->MspInitCallback = pCallback;
 630:Drivers/STM32F0xx_HAL_Driver/Src/stm32f0xx_hal_can.c ****         break;
 631:Drivers/STM32F0xx_HAL_Driver/Src/stm32f0xx_hal_can.c **** 
 632:Drivers/STM32F0xx_HAL_Driver/Src/stm32f0xx_hal_can.c ****       case HAL_CAN_MSPDEINIT_CB_ID :
 633:Drivers/STM32F0xx_HAL_Driver/Src/stm32f0xx_hal_can.c ****         hcan->MspDeInitCallback = pCallback;
 634:Drivers/STM32F0xx_HAL_Driver/Src/stm32f0xx_hal_can.c ****         break;
 635:Drivers/STM32F0xx_HAL_Driver/Src/stm32f0xx_hal_can.c **** 
 636:Drivers/STM32F0xx_HAL_Driver/Src/stm32f0xx_hal_can.c ****       default :
 637:Drivers/STM32F0xx_HAL_Driver/Src/stm32f0xx_hal_can.c ****         /* Update the error code */
 638:Drivers/STM32F0xx_HAL_Driver/Src/stm32f0xx_hal_can.c ****         hcan->ErrorCode |= HAL_CAN_ERROR_INVALID_CALLBACK;
 639:Drivers/STM32F0xx_HAL_Driver/Src/stm32f0xx_hal_can.c **** 
 640:Drivers/STM32F0xx_HAL_Driver/Src/stm32f0xx_hal_can.c ****         /* Return error status */
 641:Drivers/STM32F0xx_HAL_Driver/Src/stm32f0xx_hal_can.c ****         status =  HAL_ERROR;
 642:Drivers/STM32F0xx_HAL_Driver/Src/stm32f0xx_hal_can.c ****         break;
 643:Drivers/STM32F0xx_HAL_Driver/Src/stm32f0xx_hal_can.c ****     }
 644:Drivers/STM32F0xx_HAL_Driver/Src/stm32f0xx_hal_can.c ****   }
 645:Drivers/STM32F0xx_HAL_Driver/Src/stm32f0xx_hal_can.c ****   else if (hcan->State == HAL_CAN_STATE_RESET)
 646:Drivers/STM32F0xx_HAL_Driver/Src/stm32f0xx_hal_can.c ****   {
 647:Drivers/STM32F0xx_HAL_Driver/Src/stm32f0xx_hal_can.c ****     switch (CallbackID)
 648:Drivers/STM32F0xx_HAL_Driver/Src/stm32f0xx_hal_can.c ****     {
 649:Drivers/STM32F0xx_HAL_Driver/Src/stm32f0xx_hal_can.c ****       case HAL_CAN_MSPINIT_CB_ID :
 650:Drivers/STM32F0xx_HAL_Driver/Src/stm32f0xx_hal_can.c ****         hcan->MspInitCallback = pCallback;
 651:Drivers/STM32F0xx_HAL_Driver/Src/stm32f0xx_hal_can.c ****         break;
 652:Drivers/STM32F0xx_HAL_Driver/Src/stm32f0xx_hal_can.c **** 
 653:Drivers/STM32F0xx_HAL_Driver/Src/stm32f0xx_hal_can.c ****       case HAL_CAN_MSPDEINIT_CB_ID :
 654:Drivers/STM32F0xx_HAL_Driver/Src/stm32f0xx_hal_can.c ****         hcan->MspDeInitCallback = pCallback;
ARM GAS  /tmp/ccxePDI1.s 			page 21


 655:Drivers/STM32F0xx_HAL_Driver/Src/stm32f0xx_hal_can.c ****         break;
 656:Drivers/STM32F0xx_HAL_Driver/Src/stm32f0xx_hal_can.c **** 
 657:Drivers/STM32F0xx_HAL_Driver/Src/stm32f0xx_hal_can.c ****       default :
 658:Drivers/STM32F0xx_HAL_Driver/Src/stm32f0xx_hal_can.c ****         /* Update the error code */
 659:Drivers/STM32F0xx_HAL_Driver/Src/stm32f0xx_hal_can.c ****         hcan->ErrorCode |= HAL_CAN_ERROR_INVALID_CALLBACK;
 660:Drivers/STM32F0xx_HAL_Driver/Src/stm32f0xx_hal_can.c **** 
 661:Drivers/STM32F0xx_HAL_Driver/Src/stm32f0xx_hal_can.c ****         /* Return error status */
 662:Drivers/STM32F0xx_HAL_Driver/Src/stm32f0xx_hal_can.c ****         status =  HAL_ERROR;
 663:Drivers/STM32F0xx_HAL_Driver/Src/stm32f0xx_hal_can.c ****         break;
 664:Drivers/STM32F0xx_HAL_Driver/Src/stm32f0xx_hal_can.c ****     }
 665:Drivers/STM32F0xx_HAL_Driver/Src/stm32f0xx_hal_can.c ****   }
 666:Drivers/STM32F0xx_HAL_Driver/Src/stm32f0xx_hal_can.c ****   else
 667:Drivers/STM32F0xx_HAL_Driver/Src/stm32f0xx_hal_can.c ****   {
 668:Drivers/STM32F0xx_HAL_Driver/Src/stm32f0xx_hal_can.c ****     /* Update the error code */
 669:Drivers/STM32F0xx_HAL_Driver/Src/stm32f0xx_hal_can.c ****     hcan->ErrorCode |= HAL_CAN_ERROR_INVALID_CALLBACK;
 670:Drivers/STM32F0xx_HAL_Driver/Src/stm32f0xx_hal_can.c **** 
 671:Drivers/STM32F0xx_HAL_Driver/Src/stm32f0xx_hal_can.c ****     /* Return error status */
 672:Drivers/STM32F0xx_HAL_Driver/Src/stm32f0xx_hal_can.c ****     status =  HAL_ERROR;
 673:Drivers/STM32F0xx_HAL_Driver/Src/stm32f0xx_hal_can.c ****   }
 674:Drivers/STM32F0xx_HAL_Driver/Src/stm32f0xx_hal_can.c **** 
 675:Drivers/STM32F0xx_HAL_Driver/Src/stm32f0xx_hal_can.c ****   return status;
 676:Drivers/STM32F0xx_HAL_Driver/Src/stm32f0xx_hal_can.c **** }
 677:Drivers/STM32F0xx_HAL_Driver/Src/stm32f0xx_hal_can.c **** 
 678:Drivers/STM32F0xx_HAL_Driver/Src/stm32f0xx_hal_can.c **** /**
 679:Drivers/STM32F0xx_HAL_Driver/Src/stm32f0xx_hal_can.c ****   * @brief  Unregister a CAN CallBack.
 680:Drivers/STM32F0xx_HAL_Driver/Src/stm32f0xx_hal_can.c ****   *         CAN callback is redirected to the weak predefined callback
 681:Drivers/STM32F0xx_HAL_Driver/Src/stm32f0xx_hal_can.c ****   * @param  hcan pointer to a CAN_HandleTypeDef structure that contains
 682:Drivers/STM32F0xx_HAL_Driver/Src/stm32f0xx_hal_can.c ****   *         the configuration information for CAN module
 683:Drivers/STM32F0xx_HAL_Driver/Src/stm32f0xx_hal_can.c ****   * @param  CallbackID ID of the callback to be unregistered
 684:Drivers/STM32F0xx_HAL_Driver/Src/stm32f0xx_hal_can.c ****   *         This parameter can be one of the following values:
 685:Drivers/STM32F0xx_HAL_Driver/Src/stm32f0xx_hal_can.c ****   *           @arg @ref HAL_CAN_TX_MAILBOX0_COMPLETE_CB_ID Tx Mailbox 0 Complete callback ID
 686:Drivers/STM32F0xx_HAL_Driver/Src/stm32f0xx_hal_can.c ****   *           @arg @ref HAL_CAN_TX_MAILBOX1_COMPLETE_CB_ID Tx Mailbox 1 Complete callback ID
 687:Drivers/STM32F0xx_HAL_Driver/Src/stm32f0xx_hal_can.c ****   *           @arg @ref HAL_CAN_TX_MAILBOX2_COMPLETE_CB_ID Tx Mailbox 2 Complete callback ID
 688:Drivers/STM32F0xx_HAL_Driver/Src/stm32f0xx_hal_can.c ****   *           @arg @ref HAL_CAN_TX_MAILBOX0_ABORT_CB_ID Tx Mailbox 0 Abort callback ID
 689:Drivers/STM32F0xx_HAL_Driver/Src/stm32f0xx_hal_can.c ****   *           @arg @ref HAL_CAN_TX_MAILBOX1_ABORT_CB_ID Tx Mailbox 1 Abort callback ID
 690:Drivers/STM32F0xx_HAL_Driver/Src/stm32f0xx_hal_can.c ****   *           @arg @ref HAL_CAN_TX_MAILBOX2_ABORT_CB_ID Tx Mailbox 2 Abort callback ID
 691:Drivers/STM32F0xx_HAL_Driver/Src/stm32f0xx_hal_can.c ****   *           @arg @ref HAL_CAN_RX_FIFO0_MSG_PENDING_CB_ID Rx Fifo 0 message pending callback ID
 692:Drivers/STM32F0xx_HAL_Driver/Src/stm32f0xx_hal_can.c ****   *           @arg @ref HAL_CAN_RX_FIFO0_FULL_CB_ID Rx Fifo 0 full callback ID
 693:Drivers/STM32F0xx_HAL_Driver/Src/stm32f0xx_hal_can.c ****   *           @arg @ref HAL_CAN_RX_FIFO1_MSG_PENDING_CB_ID Rx Fifo 1 message pending callback ID
 694:Drivers/STM32F0xx_HAL_Driver/Src/stm32f0xx_hal_can.c ****   *           @arg @ref HAL_CAN_RX_FIFO1_FULL_CB_ID Rx Fifo 1 full callback ID
 695:Drivers/STM32F0xx_HAL_Driver/Src/stm32f0xx_hal_can.c ****   *           @arg @ref HAL_CAN_SLEEP_CB_ID Sleep callback ID
 696:Drivers/STM32F0xx_HAL_Driver/Src/stm32f0xx_hal_can.c ****   *           @arg @ref HAL_CAN_WAKEUP_FROM_RX_MSG_CB_ID Wake Up from Rx message callback ID
 697:Drivers/STM32F0xx_HAL_Driver/Src/stm32f0xx_hal_can.c ****   *           @arg @ref HAL_CAN_ERROR_CB_ID Error callback ID
 698:Drivers/STM32F0xx_HAL_Driver/Src/stm32f0xx_hal_can.c ****   *           @arg @ref HAL_CAN_MSPINIT_CB_ID MspInit callback ID
 699:Drivers/STM32F0xx_HAL_Driver/Src/stm32f0xx_hal_can.c ****   *           @arg @ref HAL_CAN_MSPDEINIT_CB_ID MspDeInit callback ID
 700:Drivers/STM32F0xx_HAL_Driver/Src/stm32f0xx_hal_can.c ****   * @retval HAL status
 701:Drivers/STM32F0xx_HAL_Driver/Src/stm32f0xx_hal_can.c ****   */
 702:Drivers/STM32F0xx_HAL_Driver/Src/stm32f0xx_hal_can.c **** HAL_StatusTypeDef HAL_CAN_UnRegisterCallback(CAN_HandleTypeDef *hcan, HAL_CAN_CallbackIDTypeDef Cal
 703:Drivers/STM32F0xx_HAL_Driver/Src/stm32f0xx_hal_can.c **** {
 704:Drivers/STM32F0xx_HAL_Driver/Src/stm32f0xx_hal_can.c ****   HAL_StatusTypeDef status = HAL_OK;
 705:Drivers/STM32F0xx_HAL_Driver/Src/stm32f0xx_hal_can.c **** 
 706:Drivers/STM32F0xx_HAL_Driver/Src/stm32f0xx_hal_can.c ****   if (hcan->State == HAL_CAN_STATE_READY)
 707:Drivers/STM32F0xx_HAL_Driver/Src/stm32f0xx_hal_can.c ****   {
 708:Drivers/STM32F0xx_HAL_Driver/Src/stm32f0xx_hal_can.c ****     switch (CallbackID)
 709:Drivers/STM32F0xx_HAL_Driver/Src/stm32f0xx_hal_can.c ****     {
 710:Drivers/STM32F0xx_HAL_Driver/Src/stm32f0xx_hal_can.c ****       case HAL_CAN_TX_MAILBOX0_COMPLETE_CB_ID :
 711:Drivers/STM32F0xx_HAL_Driver/Src/stm32f0xx_hal_can.c ****         hcan->TxMailbox0CompleteCallback = HAL_CAN_TxMailbox0CompleteCallback;
ARM GAS  /tmp/ccxePDI1.s 			page 22


 712:Drivers/STM32F0xx_HAL_Driver/Src/stm32f0xx_hal_can.c ****         break;
 713:Drivers/STM32F0xx_HAL_Driver/Src/stm32f0xx_hal_can.c **** 
 714:Drivers/STM32F0xx_HAL_Driver/Src/stm32f0xx_hal_can.c ****       case HAL_CAN_TX_MAILBOX1_COMPLETE_CB_ID :
 715:Drivers/STM32F0xx_HAL_Driver/Src/stm32f0xx_hal_can.c ****         hcan->TxMailbox1CompleteCallback = HAL_CAN_TxMailbox1CompleteCallback;
 716:Drivers/STM32F0xx_HAL_Driver/Src/stm32f0xx_hal_can.c ****         break;
 717:Drivers/STM32F0xx_HAL_Driver/Src/stm32f0xx_hal_can.c **** 
 718:Drivers/STM32F0xx_HAL_Driver/Src/stm32f0xx_hal_can.c ****       case HAL_CAN_TX_MAILBOX2_COMPLETE_CB_ID :
 719:Drivers/STM32F0xx_HAL_Driver/Src/stm32f0xx_hal_can.c ****         hcan->TxMailbox2CompleteCallback = HAL_CAN_TxMailbox2CompleteCallback;
 720:Drivers/STM32F0xx_HAL_Driver/Src/stm32f0xx_hal_can.c ****         break;
 721:Drivers/STM32F0xx_HAL_Driver/Src/stm32f0xx_hal_can.c **** 
 722:Drivers/STM32F0xx_HAL_Driver/Src/stm32f0xx_hal_can.c ****       case HAL_CAN_TX_MAILBOX0_ABORT_CB_ID :
 723:Drivers/STM32F0xx_HAL_Driver/Src/stm32f0xx_hal_can.c ****         hcan->TxMailbox0AbortCallback = HAL_CAN_TxMailbox0AbortCallback;
 724:Drivers/STM32F0xx_HAL_Driver/Src/stm32f0xx_hal_can.c ****         break;
 725:Drivers/STM32F0xx_HAL_Driver/Src/stm32f0xx_hal_can.c **** 
 726:Drivers/STM32F0xx_HAL_Driver/Src/stm32f0xx_hal_can.c ****       case HAL_CAN_TX_MAILBOX1_ABORT_CB_ID :
 727:Drivers/STM32F0xx_HAL_Driver/Src/stm32f0xx_hal_can.c ****         hcan->TxMailbox1AbortCallback = HAL_CAN_TxMailbox1AbortCallback;
 728:Drivers/STM32F0xx_HAL_Driver/Src/stm32f0xx_hal_can.c ****         break;
 729:Drivers/STM32F0xx_HAL_Driver/Src/stm32f0xx_hal_can.c **** 
 730:Drivers/STM32F0xx_HAL_Driver/Src/stm32f0xx_hal_can.c ****       case HAL_CAN_TX_MAILBOX2_ABORT_CB_ID :
 731:Drivers/STM32F0xx_HAL_Driver/Src/stm32f0xx_hal_can.c ****         hcan->TxMailbox2AbortCallback = HAL_CAN_TxMailbox2AbortCallback;
 732:Drivers/STM32F0xx_HAL_Driver/Src/stm32f0xx_hal_can.c ****         break;
 733:Drivers/STM32F0xx_HAL_Driver/Src/stm32f0xx_hal_can.c **** 
 734:Drivers/STM32F0xx_HAL_Driver/Src/stm32f0xx_hal_can.c ****       case HAL_CAN_RX_FIFO0_MSG_PENDING_CB_ID :
 735:Drivers/STM32F0xx_HAL_Driver/Src/stm32f0xx_hal_can.c ****         hcan->RxFifo0MsgPendingCallback = HAL_CAN_RxFifo0MsgPendingCallback;
 736:Drivers/STM32F0xx_HAL_Driver/Src/stm32f0xx_hal_can.c ****         break;
 737:Drivers/STM32F0xx_HAL_Driver/Src/stm32f0xx_hal_can.c **** 
 738:Drivers/STM32F0xx_HAL_Driver/Src/stm32f0xx_hal_can.c ****       case HAL_CAN_RX_FIFO0_FULL_CB_ID :
 739:Drivers/STM32F0xx_HAL_Driver/Src/stm32f0xx_hal_can.c ****         hcan->RxFifo0FullCallback = HAL_CAN_RxFifo0FullCallback;
 740:Drivers/STM32F0xx_HAL_Driver/Src/stm32f0xx_hal_can.c ****         break;
 741:Drivers/STM32F0xx_HAL_Driver/Src/stm32f0xx_hal_can.c **** 
 742:Drivers/STM32F0xx_HAL_Driver/Src/stm32f0xx_hal_can.c ****       case HAL_CAN_RX_FIFO1_MSG_PENDING_CB_ID :
 743:Drivers/STM32F0xx_HAL_Driver/Src/stm32f0xx_hal_can.c ****         hcan->RxFifo1MsgPendingCallback = HAL_CAN_RxFifo1MsgPendingCallback;
 744:Drivers/STM32F0xx_HAL_Driver/Src/stm32f0xx_hal_can.c ****         break;
 745:Drivers/STM32F0xx_HAL_Driver/Src/stm32f0xx_hal_can.c **** 
 746:Drivers/STM32F0xx_HAL_Driver/Src/stm32f0xx_hal_can.c ****       case HAL_CAN_RX_FIFO1_FULL_CB_ID :
 747:Drivers/STM32F0xx_HAL_Driver/Src/stm32f0xx_hal_can.c ****         hcan->RxFifo1FullCallback = HAL_CAN_RxFifo1FullCallback;
 748:Drivers/STM32F0xx_HAL_Driver/Src/stm32f0xx_hal_can.c ****         break;
 749:Drivers/STM32F0xx_HAL_Driver/Src/stm32f0xx_hal_can.c **** 
 750:Drivers/STM32F0xx_HAL_Driver/Src/stm32f0xx_hal_can.c ****       case HAL_CAN_SLEEP_CB_ID :
 751:Drivers/STM32F0xx_HAL_Driver/Src/stm32f0xx_hal_can.c ****         hcan->SleepCallback = HAL_CAN_SleepCallback;
 752:Drivers/STM32F0xx_HAL_Driver/Src/stm32f0xx_hal_can.c ****         break;
 753:Drivers/STM32F0xx_HAL_Driver/Src/stm32f0xx_hal_can.c **** 
 754:Drivers/STM32F0xx_HAL_Driver/Src/stm32f0xx_hal_can.c ****       case HAL_CAN_WAKEUP_FROM_RX_MSG_CB_ID :
 755:Drivers/STM32F0xx_HAL_Driver/Src/stm32f0xx_hal_can.c ****         hcan->WakeUpFromRxMsgCallback = HAL_CAN_WakeUpFromRxMsgCallback;
 756:Drivers/STM32F0xx_HAL_Driver/Src/stm32f0xx_hal_can.c ****         break;
 757:Drivers/STM32F0xx_HAL_Driver/Src/stm32f0xx_hal_can.c **** 
 758:Drivers/STM32F0xx_HAL_Driver/Src/stm32f0xx_hal_can.c ****       case HAL_CAN_ERROR_CB_ID :
 759:Drivers/STM32F0xx_HAL_Driver/Src/stm32f0xx_hal_can.c ****         hcan->ErrorCallback = HAL_CAN_ErrorCallback;
 760:Drivers/STM32F0xx_HAL_Driver/Src/stm32f0xx_hal_can.c ****         break;
 761:Drivers/STM32F0xx_HAL_Driver/Src/stm32f0xx_hal_can.c **** 
 762:Drivers/STM32F0xx_HAL_Driver/Src/stm32f0xx_hal_can.c ****       case HAL_CAN_MSPINIT_CB_ID :
 763:Drivers/STM32F0xx_HAL_Driver/Src/stm32f0xx_hal_can.c ****         hcan->MspInitCallback = HAL_CAN_MspInit;
 764:Drivers/STM32F0xx_HAL_Driver/Src/stm32f0xx_hal_can.c ****         break;
 765:Drivers/STM32F0xx_HAL_Driver/Src/stm32f0xx_hal_can.c **** 
 766:Drivers/STM32F0xx_HAL_Driver/Src/stm32f0xx_hal_can.c ****       case HAL_CAN_MSPDEINIT_CB_ID :
 767:Drivers/STM32F0xx_HAL_Driver/Src/stm32f0xx_hal_can.c ****         hcan->MspDeInitCallback = HAL_CAN_MspDeInit;
 768:Drivers/STM32F0xx_HAL_Driver/Src/stm32f0xx_hal_can.c ****         break;
ARM GAS  /tmp/ccxePDI1.s 			page 23


 769:Drivers/STM32F0xx_HAL_Driver/Src/stm32f0xx_hal_can.c **** 
 770:Drivers/STM32F0xx_HAL_Driver/Src/stm32f0xx_hal_can.c ****       default :
 771:Drivers/STM32F0xx_HAL_Driver/Src/stm32f0xx_hal_can.c ****         /* Update the error code */
 772:Drivers/STM32F0xx_HAL_Driver/Src/stm32f0xx_hal_can.c ****         hcan->ErrorCode |= HAL_CAN_ERROR_INVALID_CALLBACK;
 773:Drivers/STM32F0xx_HAL_Driver/Src/stm32f0xx_hal_can.c **** 
 774:Drivers/STM32F0xx_HAL_Driver/Src/stm32f0xx_hal_can.c ****         /* Return error status */
 775:Drivers/STM32F0xx_HAL_Driver/Src/stm32f0xx_hal_can.c ****         status =  HAL_ERROR;
 776:Drivers/STM32F0xx_HAL_Driver/Src/stm32f0xx_hal_can.c ****         break;
 777:Drivers/STM32F0xx_HAL_Driver/Src/stm32f0xx_hal_can.c ****     }
 778:Drivers/STM32F0xx_HAL_Driver/Src/stm32f0xx_hal_can.c ****   }
 779:Drivers/STM32F0xx_HAL_Driver/Src/stm32f0xx_hal_can.c ****   else if (hcan->State == HAL_CAN_STATE_RESET)
 780:Drivers/STM32F0xx_HAL_Driver/Src/stm32f0xx_hal_can.c ****   {
 781:Drivers/STM32F0xx_HAL_Driver/Src/stm32f0xx_hal_can.c ****     switch (CallbackID)
 782:Drivers/STM32F0xx_HAL_Driver/Src/stm32f0xx_hal_can.c ****     {
 783:Drivers/STM32F0xx_HAL_Driver/Src/stm32f0xx_hal_can.c ****       case HAL_CAN_MSPINIT_CB_ID :
 784:Drivers/STM32F0xx_HAL_Driver/Src/stm32f0xx_hal_can.c ****         hcan->MspInitCallback = HAL_CAN_MspInit;
 785:Drivers/STM32F0xx_HAL_Driver/Src/stm32f0xx_hal_can.c ****         break;
 786:Drivers/STM32F0xx_HAL_Driver/Src/stm32f0xx_hal_can.c **** 
 787:Drivers/STM32F0xx_HAL_Driver/Src/stm32f0xx_hal_can.c ****       case HAL_CAN_MSPDEINIT_CB_ID :
 788:Drivers/STM32F0xx_HAL_Driver/Src/stm32f0xx_hal_can.c ****         hcan->MspDeInitCallback = HAL_CAN_MspDeInit;
 789:Drivers/STM32F0xx_HAL_Driver/Src/stm32f0xx_hal_can.c ****         break;
 790:Drivers/STM32F0xx_HAL_Driver/Src/stm32f0xx_hal_can.c **** 
 791:Drivers/STM32F0xx_HAL_Driver/Src/stm32f0xx_hal_can.c ****       default :
 792:Drivers/STM32F0xx_HAL_Driver/Src/stm32f0xx_hal_can.c ****         /* Update the error code */
 793:Drivers/STM32F0xx_HAL_Driver/Src/stm32f0xx_hal_can.c ****         hcan->ErrorCode |= HAL_CAN_ERROR_INVALID_CALLBACK;
 794:Drivers/STM32F0xx_HAL_Driver/Src/stm32f0xx_hal_can.c **** 
 795:Drivers/STM32F0xx_HAL_Driver/Src/stm32f0xx_hal_can.c ****         /* Return error status */
 796:Drivers/STM32F0xx_HAL_Driver/Src/stm32f0xx_hal_can.c ****         status =  HAL_ERROR;
 797:Drivers/STM32F0xx_HAL_Driver/Src/stm32f0xx_hal_can.c ****         break;
 798:Drivers/STM32F0xx_HAL_Driver/Src/stm32f0xx_hal_can.c ****     }
 799:Drivers/STM32F0xx_HAL_Driver/Src/stm32f0xx_hal_can.c ****   }
 800:Drivers/STM32F0xx_HAL_Driver/Src/stm32f0xx_hal_can.c ****   else
 801:Drivers/STM32F0xx_HAL_Driver/Src/stm32f0xx_hal_can.c ****   {
 802:Drivers/STM32F0xx_HAL_Driver/Src/stm32f0xx_hal_can.c ****     /* Update the error code */
 803:Drivers/STM32F0xx_HAL_Driver/Src/stm32f0xx_hal_can.c ****     hcan->ErrorCode |= HAL_CAN_ERROR_INVALID_CALLBACK;
 804:Drivers/STM32F0xx_HAL_Driver/Src/stm32f0xx_hal_can.c **** 
 805:Drivers/STM32F0xx_HAL_Driver/Src/stm32f0xx_hal_can.c ****     /* Return error status */
 806:Drivers/STM32F0xx_HAL_Driver/Src/stm32f0xx_hal_can.c ****     status =  HAL_ERROR;
 807:Drivers/STM32F0xx_HAL_Driver/Src/stm32f0xx_hal_can.c ****   }
 808:Drivers/STM32F0xx_HAL_Driver/Src/stm32f0xx_hal_can.c **** 
 809:Drivers/STM32F0xx_HAL_Driver/Src/stm32f0xx_hal_can.c ****   return status;
 810:Drivers/STM32F0xx_HAL_Driver/Src/stm32f0xx_hal_can.c **** }
 811:Drivers/STM32F0xx_HAL_Driver/Src/stm32f0xx_hal_can.c **** #endif /* USE_HAL_CAN_REGISTER_CALLBACKS */
 812:Drivers/STM32F0xx_HAL_Driver/Src/stm32f0xx_hal_can.c **** 
 813:Drivers/STM32F0xx_HAL_Driver/Src/stm32f0xx_hal_can.c **** /**
 814:Drivers/STM32F0xx_HAL_Driver/Src/stm32f0xx_hal_can.c ****   * @}
 815:Drivers/STM32F0xx_HAL_Driver/Src/stm32f0xx_hal_can.c ****   */
 816:Drivers/STM32F0xx_HAL_Driver/Src/stm32f0xx_hal_can.c **** 
 817:Drivers/STM32F0xx_HAL_Driver/Src/stm32f0xx_hal_can.c **** /** @defgroup CAN_Exported_Functions_Group2 Configuration functions
 818:Drivers/STM32F0xx_HAL_Driver/Src/stm32f0xx_hal_can.c ****   * @brief    Configuration functions.
 819:Drivers/STM32F0xx_HAL_Driver/Src/stm32f0xx_hal_can.c ****   *
 820:Drivers/STM32F0xx_HAL_Driver/Src/stm32f0xx_hal_can.c **** @verbatim
 821:Drivers/STM32F0xx_HAL_Driver/Src/stm32f0xx_hal_can.c ****   ==============================================================================
 822:Drivers/STM32F0xx_HAL_Driver/Src/stm32f0xx_hal_can.c ****               ##### Configuration functions #####
 823:Drivers/STM32F0xx_HAL_Driver/Src/stm32f0xx_hal_can.c ****   ==============================================================================
 824:Drivers/STM32F0xx_HAL_Driver/Src/stm32f0xx_hal_can.c ****     [..]  This section provides functions allowing to:
 825:Drivers/STM32F0xx_HAL_Driver/Src/stm32f0xx_hal_can.c ****       (+) HAL_CAN_ConfigFilter            : Configure the CAN reception filters
ARM GAS  /tmp/ccxePDI1.s 			page 24


 826:Drivers/STM32F0xx_HAL_Driver/Src/stm32f0xx_hal_can.c **** 
 827:Drivers/STM32F0xx_HAL_Driver/Src/stm32f0xx_hal_can.c **** @endverbatim
 828:Drivers/STM32F0xx_HAL_Driver/Src/stm32f0xx_hal_can.c ****   * @{
 829:Drivers/STM32F0xx_HAL_Driver/Src/stm32f0xx_hal_can.c ****   */
 830:Drivers/STM32F0xx_HAL_Driver/Src/stm32f0xx_hal_can.c **** 
 831:Drivers/STM32F0xx_HAL_Driver/Src/stm32f0xx_hal_can.c **** /**
 832:Drivers/STM32F0xx_HAL_Driver/Src/stm32f0xx_hal_can.c ****   * @brief  Configures the CAN reception filter according to the specified
 833:Drivers/STM32F0xx_HAL_Driver/Src/stm32f0xx_hal_can.c ****   *         parameters in the CAN_FilterInitStruct.
 834:Drivers/STM32F0xx_HAL_Driver/Src/stm32f0xx_hal_can.c ****   * @param  hcan pointer to a CAN_HandleTypeDef structure that contains
 835:Drivers/STM32F0xx_HAL_Driver/Src/stm32f0xx_hal_can.c ****   *         the configuration information for the specified CAN.
 836:Drivers/STM32F0xx_HAL_Driver/Src/stm32f0xx_hal_can.c ****   * @param  sFilterConfig pointer to a CAN_FilterTypeDef structure that
 837:Drivers/STM32F0xx_HAL_Driver/Src/stm32f0xx_hal_can.c ****   *         contains the filter configuration information.
 838:Drivers/STM32F0xx_HAL_Driver/Src/stm32f0xx_hal_can.c ****   * @retval None
 839:Drivers/STM32F0xx_HAL_Driver/Src/stm32f0xx_hal_can.c ****   */
 840:Drivers/STM32F0xx_HAL_Driver/Src/stm32f0xx_hal_can.c **** HAL_StatusTypeDef HAL_CAN_ConfigFilter(CAN_HandleTypeDef *hcan, const CAN_FilterTypeDef *sFilterCon
 841:Drivers/STM32F0xx_HAL_Driver/Src/stm32f0xx_hal_can.c **** {
 393              		.loc 1 841 1 is_stmt 1 view -0
 394              		.cfi_startproc
 395              		@ args = 0, pretend = 0, frame = 0
 396              		@ frame_needed = 0, uses_anonymous_args = 0
 397              		.loc 1 841 1 is_stmt 0 view .LVU108
 398 0000 70B5     		push	{r4, r5, r6, lr}
 399              	.LCFI1:
 400              		.cfi_def_cfa_offset 16
 401              		.cfi_offset 4, -16
 402              		.cfi_offset 5, -12
 403              		.cfi_offset 6, -8
 404              		.cfi_offset 14, -4
 842:Drivers/STM32F0xx_HAL_Driver/Src/stm32f0xx_hal_can.c ****   uint32_t filternbrbitpos;
 405              		.loc 1 842 3 is_stmt 1 view .LVU109
 843:Drivers/STM32F0xx_HAL_Driver/Src/stm32f0xx_hal_can.c ****   CAN_TypeDef *can_ip = hcan->Instance;
 406              		.loc 1 843 3 view .LVU110
 407              		.loc 1 843 16 is_stmt 0 view .LVU111
 408 0002 0268     		ldr	r2, [r0]
 409              	.LVL18:
 844:Drivers/STM32F0xx_HAL_Driver/Src/stm32f0xx_hal_can.c ****   HAL_CAN_StateTypeDef state = hcan->State;
 410              		.loc 1 844 3 is_stmt 1 view .LVU112
 411              		.loc 1 844 24 is_stmt 0 view .LVU113
 412 0004 2023     		movs	r3, #32
 413 0006 C35C     		ldrb	r3, [r0, r3]
 414              	.LVL19:
 845:Drivers/STM32F0xx_HAL_Driver/Src/stm32f0xx_hal_can.c **** 
 846:Drivers/STM32F0xx_HAL_Driver/Src/stm32f0xx_hal_can.c ****   if ((state == HAL_CAN_STATE_READY) ||
 415              		.loc 1 846 3 is_stmt 1 view .LVU114
 416              		.loc 1 846 38 is_stmt 0 view .LVU115
 417 0008 013B     		subs	r3, r3, #1
 418              	.LVL20:
 419              		.loc 1 846 38 view .LVU116
 420 000a DBB2     		uxtb	r3, r3
 421              	.LVL21:
 422              		.loc 1 846 6 view .LVU117
 423 000c 012B     		cmp	r3, #1
 424 000e 06D9     		bls	.L42
 847:Drivers/STM32F0xx_HAL_Driver/Src/stm32f0xx_hal_can.c ****       (state == HAL_CAN_STATE_LISTENING))
 848:Drivers/STM32F0xx_HAL_Driver/Src/stm32f0xx_hal_can.c ****   {
 849:Drivers/STM32F0xx_HAL_Driver/Src/stm32f0xx_hal_can.c ****     /* Check the parameters */
 850:Drivers/STM32F0xx_HAL_Driver/Src/stm32f0xx_hal_can.c ****     assert_param(IS_CAN_FILTER_ID_HALFWORD(sFilterConfig->FilterIdHigh));
ARM GAS  /tmp/ccxePDI1.s 			page 25


 851:Drivers/STM32F0xx_HAL_Driver/Src/stm32f0xx_hal_can.c ****     assert_param(IS_CAN_FILTER_ID_HALFWORD(sFilterConfig->FilterIdLow));
 852:Drivers/STM32F0xx_HAL_Driver/Src/stm32f0xx_hal_can.c ****     assert_param(IS_CAN_FILTER_ID_HALFWORD(sFilterConfig->FilterMaskIdHigh));
 853:Drivers/STM32F0xx_HAL_Driver/Src/stm32f0xx_hal_can.c ****     assert_param(IS_CAN_FILTER_ID_HALFWORD(sFilterConfig->FilterMaskIdLow));
 854:Drivers/STM32F0xx_HAL_Driver/Src/stm32f0xx_hal_can.c ****     assert_param(IS_CAN_FILTER_MODE(sFilterConfig->FilterMode));
 855:Drivers/STM32F0xx_HAL_Driver/Src/stm32f0xx_hal_can.c ****     assert_param(IS_CAN_FILTER_SCALE(sFilterConfig->FilterScale));
 856:Drivers/STM32F0xx_HAL_Driver/Src/stm32f0xx_hal_can.c ****     assert_param(IS_CAN_FILTER_FIFO(sFilterConfig->FilterFIFOAssignment));
 857:Drivers/STM32F0xx_HAL_Driver/Src/stm32f0xx_hal_can.c ****     assert_param(IS_CAN_FILTER_ACTIVATION(sFilterConfig->FilterActivation));
 858:Drivers/STM32F0xx_HAL_Driver/Src/stm32f0xx_hal_can.c **** 
 859:Drivers/STM32F0xx_HAL_Driver/Src/stm32f0xx_hal_can.c ****     /* CAN is single instance with 14 dedicated filters banks */
 860:Drivers/STM32F0xx_HAL_Driver/Src/stm32f0xx_hal_can.c **** 
 861:Drivers/STM32F0xx_HAL_Driver/Src/stm32f0xx_hal_can.c ****     /* Check the parameters */
 862:Drivers/STM32F0xx_HAL_Driver/Src/stm32f0xx_hal_can.c ****     assert_param(IS_CAN_FILTER_BANK_SINGLE(sFilterConfig->FilterBank));
 863:Drivers/STM32F0xx_HAL_Driver/Src/stm32f0xx_hal_can.c **** 
 864:Drivers/STM32F0xx_HAL_Driver/Src/stm32f0xx_hal_can.c ****     /* Initialisation mode for the filter */
 865:Drivers/STM32F0xx_HAL_Driver/Src/stm32f0xx_hal_can.c ****     SET_BIT(can_ip->FMR, CAN_FMR_FINIT);
 866:Drivers/STM32F0xx_HAL_Driver/Src/stm32f0xx_hal_can.c **** 
 867:Drivers/STM32F0xx_HAL_Driver/Src/stm32f0xx_hal_can.c ****     /* Convert filter number into bit position */
 868:Drivers/STM32F0xx_HAL_Driver/Src/stm32f0xx_hal_can.c ****     filternbrbitpos = (uint32_t)1 << (sFilterConfig->FilterBank & 0x1FU);
 869:Drivers/STM32F0xx_HAL_Driver/Src/stm32f0xx_hal_can.c **** 
 870:Drivers/STM32F0xx_HAL_Driver/Src/stm32f0xx_hal_can.c ****     /* Filter Deactivation */
 871:Drivers/STM32F0xx_HAL_Driver/Src/stm32f0xx_hal_can.c ****     CLEAR_BIT(can_ip->FA1R, filternbrbitpos);
 872:Drivers/STM32F0xx_HAL_Driver/Src/stm32f0xx_hal_can.c **** 
 873:Drivers/STM32F0xx_HAL_Driver/Src/stm32f0xx_hal_can.c ****     /* Filter Scale */
 874:Drivers/STM32F0xx_HAL_Driver/Src/stm32f0xx_hal_can.c ****     if (sFilterConfig->FilterScale == CAN_FILTERSCALE_16BIT)
 875:Drivers/STM32F0xx_HAL_Driver/Src/stm32f0xx_hal_can.c ****     {
 876:Drivers/STM32F0xx_HAL_Driver/Src/stm32f0xx_hal_can.c ****       /* 16-bit scale for the filter */
 877:Drivers/STM32F0xx_HAL_Driver/Src/stm32f0xx_hal_can.c ****       CLEAR_BIT(can_ip->FS1R, filternbrbitpos);
 878:Drivers/STM32F0xx_HAL_Driver/Src/stm32f0xx_hal_can.c **** 
 879:Drivers/STM32F0xx_HAL_Driver/Src/stm32f0xx_hal_can.c ****       /* First 16-bit identifier and First 16-bit mask */
 880:Drivers/STM32F0xx_HAL_Driver/Src/stm32f0xx_hal_can.c ****       /* Or First 16-bit identifier and Second 16-bit identifier */
 881:Drivers/STM32F0xx_HAL_Driver/Src/stm32f0xx_hal_can.c ****       can_ip->sFilterRegister[sFilterConfig->FilterBank].FR1 =
 882:Drivers/STM32F0xx_HAL_Driver/Src/stm32f0xx_hal_can.c ****         ((0x0000FFFFU & (uint32_t)sFilterConfig->FilterMaskIdLow) << 16U) |
 883:Drivers/STM32F0xx_HAL_Driver/Src/stm32f0xx_hal_can.c ****         (0x0000FFFFU & (uint32_t)sFilterConfig->FilterIdLow);
 884:Drivers/STM32F0xx_HAL_Driver/Src/stm32f0xx_hal_can.c **** 
 885:Drivers/STM32F0xx_HAL_Driver/Src/stm32f0xx_hal_can.c ****       /* Second 16-bit identifier and Second 16-bit mask */
 886:Drivers/STM32F0xx_HAL_Driver/Src/stm32f0xx_hal_can.c ****       /* Or Third 16-bit identifier and Fourth 16-bit identifier */
 887:Drivers/STM32F0xx_HAL_Driver/Src/stm32f0xx_hal_can.c ****       can_ip->sFilterRegister[sFilterConfig->FilterBank].FR2 =
 888:Drivers/STM32F0xx_HAL_Driver/Src/stm32f0xx_hal_can.c ****         ((0x0000FFFFU & (uint32_t)sFilterConfig->FilterMaskIdHigh) << 16U) |
 889:Drivers/STM32F0xx_HAL_Driver/Src/stm32f0xx_hal_can.c ****         (0x0000FFFFU & (uint32_t)sFilterConfig->FilterIdHigh);
 890:Drivers/STM32F0xx_HAL_Driver/Src/stm32f0xx_hal_can.c ****     }
 891:Drivers/STM32F0xx_HAL_Driver/Src/stm32f0xx_hal_can.c **** 
 892:Drivers/STM32F0xx_HAL_Driver/Src/stm32f0xx_hal_can.c ****     if (sFilterConfig->FilterScale == CAN_FILTERSCALE_32BIT)
 893:Drivers/STM32F0xx_HAL_Driver/Src/stm32f0xx_hal_can.c ****     {
 894:Drivers/STM32F0xx_HAL_Driver/Src/stm32f0xx_hal_can.c ****       /* 32-bit scale for the filter */
 895:Drivers/STM32F0xx_HAL_Driver/Src/stm32f0xx_hal_can.c ****       SET_BIT(can_ip->FS1R, filternbrbitpos);
 896:Drivers/STM32F0xx_HAL_Driver/Src/stm32f0xx_hal_can.c **** 
 897:Drivers/STM32F0xx_HAL_Driver/Src/stm32f0xx_hal_can.c ****       /* 32-bit identifier or First 32-bit identifier */
 898:Drivers/STM32F0xx_HAL_Driver/Src/stm32f0xx_hal_can.c ****       can_ip->sFilterRegister[sFilterConfig->FilterBank].FR1 =
 899:Drivers/STM32F0xx_HAL_Driver/Src/stm32f0xx_hal_can.c ****         ((0x0000FFFFU & (uint32_t)sFilterConfig->FilterIdHigh) << 16U) |
 900:Drivers/STM32F0xx_HAL_Driver/Src/stm32f0xx_hal_can.c ****         (0x0000FFFFU & (uint32_t)sFilterConfig->FilterIdLow);
 901:Drivers/STM32F0xx_HAL_Driver/Src/stm32f0xx_hal_can.c **** 
 902:Drivers/STM32F0xx_HAL_Driver/Src/stm32f0xx_hal_can.c ****       /* 32-bit mask or Second 32-bit identifier */
 903:Drivers/STM32F0xx_HAL_Driver/Src/stm32f0xx_hal_can.c ****       can_ip->sFilterRegister[sFilterConfig->FilterBank].FR2 =
 904:Drivers/STM32F0xx_HAL_Driver/Src/stm32f0xx_hal_can.c ****         ((0x0000FFFFU & (uint32_t)sFilterConfig->FilterMaskIdHigh) << 16U) |
 905:Drivers/STM32F0xx_HAL_Driver/Src/stm32f0xx_hal_can.c ****         (0x0000FFFFU & (uint32_t)sFilterConfig->FilterMaskIdLow);
 906:Drivers/STM32F0xx_HAL_Driver/Src/stm32f0xx_hal_can.c ****     }
 907:Drivers/STM32F0xx_HAL_Driver/Src/stm32f0xx_hal_can.c **** 
ARM GAS  /tmp/ccxePDI1.s 			page 26


 908:Drivers/STM32F0xx_HAL_Driver/Src/stm32f0xx_hal_can.c ****     /* Filter Mode */
 909:Drivers/STM32F0xx_HAL_Driver/Src/stm32f0xx_hal_can.c ****     if (sFilterConfig->FilterMode == CAN_FILTERMODE_IDMASK)
 910:Drivers/STM32F0xx_HAL_Driver/Src/stm32f0xx_hal_can.c ****     {
 911:Drivers/STM32F0xx_HAL_Driver/Src/stm32f0xx_hal_can.c ****       /* Id/Mask mode for the filter*/
 912:Drivers/STM32F0xx_HAL_Driver/Src/stm32f0xx_hal_can.c ****       CLEAR_BIT(can_ip->FM1R, filternbrbitpos);
 913:Drivers/STM32F0xx_HAL_Driver/Src/stm32f0xx_hal_can.c ****     }
 914:Drivers/STM32F0xx_HAL_Driver/Src/stm32f0xx_hal_can.c ****     else /* CAN_FilterInitStruct->CAN_FilterMode == CAN_FilterMode_IdList */
 915:Drivers/STM32F0xx_HAL_Driver/Src/stm32f0xx_hal_can.c ****     {
 916:Drivers/STM32F0xx_HAL_Driver/Src/stm32f0xx_hal_can.c ****       /* Identifier list mode for the filter*/
 917:Drivers/STM32F0xx_HAL_Driver/Src/stm32f0xx_hal_can.c ****       SET_BIT(can_ip->FM1R, filternbrbitpos);
 918:Drivers/STM32F0xx_HAL_Driver/Src/stm32f0xx_hal_can.c ****     }
 919:Drivers/STM32F0xx_HAL_Driver/Src/stm32f0xx_hal_can.c **** 
 920:Drivers/STM32F0xx_HAL_Driver/Src/stm32f0xx_hal_can.c ****     /* Filter FIFO assignment */
 921:Drivers/STM32F0xx_HAL_Driver/Src/stm32f0xx_hal_can.c ****     if (sFilterConfig->FilterFIFOAssignment == CAN_FILTER_FIFO0)
 922:Drivers/STM32F0xx_HAL_Driver/Src/stm32f0xx_hal_can.c ****     {
 923:Drivers/STM32F0xx_HAL_Driver/Src/stm32f0xx_hal_can.c ****       /* FIFO 0 assignation for the filter */
 924:Drivers/STM32F0xx_HAL_Driver/Src/stm32f0xx_hal_can.c ****       CLEAR_BIT(can_ip->FFA1R, filternbrbitpos);
 925:Drivers/STM32F0xx_HAL_Driver/Src/stm32f0xx_hal_can.c ****     }
 926:Drivers/STM32F0xx_HAL_Driver/Src/stm32f0xx_hal_can.c ****     else
 927:Drivers/STM32F0xx_HAL_Driver/Src/stm32f0xx_hal_can.c ****     {
 928:Drivers/STM32F0xx_HAL_Driver/Src/stm32f0xx_hal_can.c ****       /* FIFO 1 assignation for the filter */
 929:Drivers/STM32F0xx_HAL_Driver/Src/stm32f0xx_hal_can.c ****       SET_BIT(can_ip->FFA1R, filternbrbitpos);
 930:Drivers/STM32F0xx_HAL_Driver/Src/stm32f0xx_hal_can.c ****     }
 931:Drivers/STM32F0xx_HAL_Driver/Src/stm32f0xx_hal_can.c **** 
 932:Drivers/STM32F0xx_HAL_Driver/Src/stm32f0xx_hal_can.c ****     /* Filter activation */
 933:Drivers/STM32F0xx_HAL_Driver/Src/stm32f0xx_hal_can.c ****     if (sFilterConfig->FilterActivation == CAN_FILTER_ENABLE)
 934:Drivers/STM32F0xx_HAL_Driver/Src/stm32f0xx_hal_can.c ****     {
 935:Drivers/STM32F0xx_HAL_Driver/Src/stm32f0xx_hal_can.c ****       SET_BIT(can_ip->FA1R, filternbrbitpos);
 936:Drivers/STM32F0xx_HAL_Driver/Src/stm32f0xx_hal_can.c ****     }
 937:Drivers/STM32F0xx_HAL_Driver/Src/stm32f0xx_hal_can.c **** 
 938:Drivers/STM32F0xx_HAL_Driver/Src/stm32f0xx_hal_can.c ****     /* Leave the initialisation mode for the filter */
 939:Drivers/STM32F0xx_HAL_Driver/Src/stm32f0xx_hal_can.c ****     CLEAR_BIT(can_ip->FMR, CAN_FMR_FINIT);
 940:Drivers/STM32F0xx_HAL_Driver/Src/stm32f0xx_hal_can.c **** 
 941:Drivers/STM32F0xx_HAL_Driver/Src/stm32f0xx_hal_can.c ****     /* Return function status */
 942:Drivers/STM32F0xx_HAL_Driver/Src/stm32f0xx_hal_can.c ****     return HAL_OK;
 943:Drivers/STM32F0xx_HAL_Driver/Src/stm32f0xx_hal_can.c ****   }
 944:Drivers/STM32F0xx_HAL_Driver/Src/stm32f0xx_hal_can.c ****   else
 945:Drivers/STM32F0xx_HAL_Driver/Src/stm32f0xx_hal_can.c ****   {
 946:Drivers/STM32F0xx_HAL_Driver/Src/stm32f0xx_hal_can.c ****     /* Update error code */
 947:Drivers/STM32F0xx_HAL_Driver/Src/stm32f0xx_hal_can.c ****     hcan->ErrorCode |= HAL_CAN_ERROR_NOT_INITIALIZED;
 425              		.loc 1 947 5 is_stmt 1 view .LVU118
 426              		.loc 1 947 9 is_stmt 0 view .LVU119
 427 0010 426A     		ldr	r2, [r0, #36]
 428              	.LVL22:
 429              		.loc 1 947 21 view .LVU120
 430 0012 8023     		movs	r3, #128
 431 0014 DB02     		lsls	r3, r3, #11
 432 0016 1343     		orrs	r3, r2
 433 0018 4362     		str	r3, [r0, #36]
 948:Drivers/STM32F0xx_HAL_Driver/Src/stm32f0xx_hal_can.c **** 
 949:Drivers/STM32F0xx_HAL_Driver/Src/stm32f0xx_hal_can.c ****     return HAL_ERROR;
 434              		.loc 1 949 5 is_stmt 1 view .LVU121
 435              		.loc 1 949 12 is_stmt 0 view .LVU122
 436 001a 0120     		movs	r0, #1
 437              	.LVL23:
 438              	.L41:
 950:Drivers/STM32F0xx_HAL_Driver/Src/stm32f0xx_hal_can.c ****   }
ARM GAS  /tmp/ccxePDI1.s 			page 27


 951:Drivers/STM32F0xx_HAL_Driver/Src/stm32f0xx_hal_can.c **** }
 439              		.loc 1 951 1 view .LVU123
 440              		@ sp needed
 441 001c 70BD     		pop	{r4, r5, r6, pc}
 442              	.LVL24:
 443              	.L42:
 850:Drivers/STM32F0xx_HAL_Driver/Src/stm32f0xx_hal_can.c ****     assert_param(IS_CAN_FILTER_ID_HALFWORD(sFilterConfig->FilterIdLow));
 444              		.loc 1 850 5 is_stmt 1 view .LVU124
 851:Drivers/STM32F0xx_HAL_Driver/Src/stm32f0xx_hal_can.c ****     assert_param(IS_CAN_FILTER_ID_HALFWORD(sFilterConfig->FilterMaskIdHigh));
 445              		.loc 1 851 5 view .LVU125
 852:Drivers/STM32F0xx_HAL_Driver/Src/stm32f0xx_hal_can.c ****     assert_param(IS_CAN_FILTER_ID_HALFWORD(sFilterConfig->FilterMaskIdLow));
 446              		.loc 1 852 5 view .LVU126
 853:Drivers/STM32F0xx_HAL_Driver/Src/stm32f0xx_hal_can.c ****     assert_param(IS_CAN_FILTER_MODE(sFilterConfig->FilterMode));
 447              		.loc 1 853 5 view .LVU127
 854:Drivers/STM32F0xx_HAL_Driver/Src/stm32f0xx_hal_can.c ****     assert_param(IS_CAN_FILTER_SCALE(sFilterConfig->FilterScale));
 448              		.loc 1 854 5 view .LVU128
 855:Drivers/STM32F0xx_HAL_Driver/Src/stm32f0xx_hal_can.c ****     assert_param(IS_CAN_FILTER_FIFO(sFilterConfig->FilterFIFOAssignment));
 449              		.loc 1 855 5 view .LVU129
 856:Drivers/STM32F0xx_HAL_Driver/Src/stm32f0xx_hal_can.c ****     assert_param(IS_CAN_FILTER_ACTIVATION(sFilterConfig->FilterActivation));
 450              		.loc 1 856 5 view .LVU130
 857:Drivers/STM32F0xx_HAL_Driver/Src/stm32f0xx_hal_can.c **** 
 451              		.loc 1 857 5 view .LVU131
 862:Drivers/STM32F0xx_HAL_Driver/Src/stm32f0xx_hal_can.c **** 
 452              		.loc 1 862 5 view .LVU132
 865:Drivers/STM32F0xx_HAL_Driver/Src/stm32f0xx_hal_can.c **** 
 453              		.loc 1 865 5 view .LVU133
 454 001e 8024     		movs	r4, #128
 455 0020 A400     		lsls	r4, r4, #2
 456 0022 1059     		ldr	r0, [r2, r4]
 457              	.LVL25:
 865:Drivers/STM32F0xx_HAL_Driver/Src/stm32f0xx_hal_can.c **** 
 458              		.loc 1 865 5 is_stmt 0 view .LVU134
 459 0024 0123     		movs	r3, #1
 460 0026 1843     		orrs	r0, r3
 461 0028 1051     		str	r0, [r2, r4]
 868:Drivers/STM32F0xx_HAL_Driver/Src/stm32f0xx_hal_can.c **** 
 462              		.loc 1 868 5 is_stmt 1 view .LVU135
 868:Drivers/STM32F0xx_HAL_Driver/Src/stm32f0xx_hal_can.c **** 
 463              		.loc 1 868 52 is_stmt 0 view .LVU136
 464 002a 4C69     		ldr	r4, [r1, #20]
 868:Drivers/STM32F0xx_HAL_Driver/Src/stm32f0xx_hal_can.c **** 
 465              		.loc 1 868 65 view .LVU137
 466 002c 1F20     		movs	r0, #31
 467 002e 2040     		ands	r0, r4
 868:Drivers/STM32F0xx_HAL_Driver/Src/stm32f0xx_hal_can.c **** 
 468              		.loc 1 868 21 view .LVU138
 469 0030 8340     		lsls	r3, r3, r0
 470              	.LVL26:
 871:Drivers/STM32F0xx_HAL_Driver/Src/stm32f0xx_hal_can.c **** 
 471              		.loc 1 871 5 is_stmt 1 view .LVU139
 472 0032 8724     		movs	r4, #135
 473 0034 A400     		lsls	r4, r4, #2
 474 0036 1059     		ldr	r0, [r2, r4]
 475 0038 DD43     		mvns	r5, r3
 476 003a 9843     		bics	r0, r3
 477 003c 1051     		str	r0, [r2, r4]
 874:Drivers/STM32F0xx_HAL_Driver/Src/stm32f0xx_hal_can.c ****     {
ARM GAS  /tmp/ccxePDI1.s 			page 28


 478              		.loc 1 874 5 view .LVU140
 874:Drivers/STM32F0xx_HAL_Driver/Src/stm32f0xx_hal_can.c ****     {
 479              		.loc 1 874 22 is_stmt 0 view .LVU141
 480 003e C869     		ldr	r0, [r1, #28]
 874:Drivers/STM32F0xx_HAL_Driver/Src/stm32f0xx_hal_can.c ****     {
 481              		.loc 1 874 8 view .LVU142
 482 0040 0028     		cmp	r0, #0
 483 0042 18D1     		bne	.L34
 877:Drivers/STM32F0xx_HAL_Driver/Src/stm32f0xx_hal_can.c **** 
 484              		.loc 1 877 7 is_stmt 1 view .LVU143
 485 0044 103C     		subs	r4, r4, #16
 486 0046 1059     		ldr	r0, [r2, r4]
 487 0048 2840     		ands	r0, r5
 488 004a 1051     		str	r0, [r2, r4]
 881:Drivers/STM32F0xx_HAL_Driver/Src/stm32f0xx_hal_can.c ****         ((0x0000FFFFU & (uint32_t)sFilterConfig->FilterMaskIdLow) << 16U) |
 489              		.loc 1 881 7 view .LVU144
 882:Drivers/STM32F0xx_HAL_Driver/Src/stm32f0xx_hal_can.c ****         (0x0000FFFFU & (uint32_t)sFilterConfig->FilterIdLow);
 490              		.loc 1 882 48 is_stmt 0 view .LVU145
 491 004c CC68     		ldr	r4, [r1, #12]
 882:Drivers/STM32F0xx_HAL_Driver/Src/stm32f0xx_hal_can.c ****         (0x0000FFFFU & (uint32_t)sFilterConfig->FilterIdLow);
 492              		.loc 1 882 67 view .LVU146
 493 004e 2404     		lsls	r4, r4, #16
 883:Drivers/STM32F0xx_HAL_Driver/Src/stm32f0xx_hal_can.c **** 
 494              		.loc 1 883 47 view .LVU147
 495 0050 4E68     		ldr	r6, [r1, #4]
 883:Drivers/STM32F0xx_HAL_Driver/Src/stm32f0xx_hal_can.c **** 
 496              		.loc 1 883 22 view .LVU148
 497 0052 3604     		lsls	r6, r6, #16
 498 0054 360C     		lsrs	r6, r6, #16
 881:Drivers/STM32F0xx_HAL_Driver/Src/stm32f0xx_hal_can.c ****         ((0x0000FFFFU & (uint32_t)sFilterConfig->FilterMaskIdLow) << 16U) |
 499              		.loc 1 881 44 view .LVU149
 500 0056 4869     		ldr	r0, [r1, #20]
 882:Drivers/STM32F0xx_HAL_Driver/Src/stm32f0xx_hal_can.c ****         (0x0000FFFFU & (uint32_t)sFilterConfig->FilterIdLow);
 501              		.loc 1 882 75 view .LVU150
 502 0058 3443     		orrs	r4, r6
 881:Drivers/STM32F0xx_HAL_Driver/Src/stm32f0xx_hal_can.c ****         ((0x0000FFFFU & (uint32_t)sFilterConfig->FilterMaskIdLow) << 16U) |
 503              		.loc 1 881 62 view .LVU151
 504 005a 4830     		adds	r0, r0, #72
 505 005c C000     		lsls	r0, r0, #3
 506 005e 8450     		str	r4, [r0, r2]
 887:Drivers/STM32F0xx_HAL_Driver/Src/stm32f0xx_hal_can.c ****         ((0x0000FFFFU & (uint32_t)sFilterConfig->FilterMaskIdHigh) << 16U) |
 507              		.loc 1 887 7 is_stmt 1 view .LVU152
 888:Drivers/STM32F0xx_HAL_Driver/Src/stm32f0xx_hal_can.c ****         (0x0000FFFFU & (uint32_t)sFilterConfig->FilterIdHigh);
 508              		.loc 1 888 48 is_stmt 0 view .LVU153
 509 0060 8C68     		ldr	r4, [r1, #8]
 888:Drivers/STM32F0xx_HAL_Driver/Src/stm32f0xx_hal_can.c ****         (0x0000FFFFU & (uint32_t)sFilterConfig->FilterIdHigh);
 510              		.loc 1 888 68 view .LVU154
 511 0062 2404     		lsls	r4, r4, #16
 889:Drivers/STM32F0xx_HAL_Driver/Src/stm32f0xx_hal_can.c ****     }
 512              		.loc 1 889 47 view .LVU155
 513 0064 0E68     		ldr	r6, [r1]
 889:Drivers/STM32F0xx_HAL_Driver/Src/stm32f0xx_hal_can.c ****     }
 514              		.loc 1 889 22 view .LVU156
 515 0066 3604     		lsls	r6, r6, #16
 516 0068 360C     		lsrs	r6, r6, #16
 887:Drivers/STM32F0xx_HAL_Driver/Src/stm32f0xx_hal_can.c ****         ((0x0000FFFFU & (uint32_t)sFilterConfig->FilterMaskIdHigh) << 16U) |
 517              		.loc 1 887 44 view .LVU157
ARM GAS  /tmp/ccxePDI1.s 			page 29


 518 006a 4869     		ldr	r0, [r1, #20]
 888:Drivers/STM32F0xx_HAL_Driver/Src/stm32f0xx_hal_can.c ****         (0x0000FFFFU & (uint32_t)sFilterConfig->FilterIdHigh);
 519              		.loc 1 888 76 view .LVU158
 520 006c 3443     		orrs	r4, r6
 887:Drivers/STM32F0xx_HAL_Driver/Src/stm32f0xx_hal_can.c ****         ((0x0000FFFFU & (uint32_t)sFilterConfig->FilterMaskIdHigh) << 16U) |
 521              		.loc 1 887 62 view .LVU159
 522 006e 4830     		adds	r0, r0, #72
 523 0070 C000     		lsls	r0, r0, #3
 524 0072 1018     		adds	r0, r2, r0
 525 0074 4460     		str	r4, [r0, #4]
 526              	.L34:
 892:Drivers/STM32F0xx_HAL_Driver/Src/stm32f0xx_hal_can.c ****     {
 527              		.loc 1 892 5 is_stmt 1 view .LVU160
 892:Drivers/STM32F0xx_HAL_Driver/Src/stm32f0xx_hal_can.c ****     {
 528              		.loc 1 892 22 is_stmt 0 view .LVU161
 529 0076 C869     		ldr	r0, [r1, #28]
 892:Drivers/STM32F0xx_HAL_Driver/Src/stm32f0xx_hal_can.c ****     {
 530              		.loc 1 892 8 view .LVU162
 531 0078 0128     		cmp	r0, #1
 532 007a 1AD0     		beq	.L43
 533              	.L35:
 909:Drivers/STM32F0xx_HAL_Driver/Src/stm32f0xx_hal_can.c ****     {
 534              		.loc 1 909 5 is_stmt 1 view .LVU163
 909:Drivers/STM32F0xx_HAL_Driver/Src/stm32f0xx_hal_can.c ****     {
 535              		.loc 1 909 22 is_stmt 0 view .LVU164
 536 007c 8869     		ldr	r0, [r1, #24]
 909:Drivers/STM32F0xx_HAL_Driver/Src/stm32f0xx_hal_can.c ****     {
 537              		.loc 1 909 8 view .LVU165
 538 007e 0028     		cmp	r0, #0
 539 0080 32D1     		bne	.L36
 912:Drivers/STM32F0xx_HAL_Driver/Src/stm32f0xx_hal_can.c ****     }
 540              		.loc 1 912 7 is_stmt 1 view .LVU166
 541 0082 8124     		movs	r4, #129
 542 0084 A400     		lsls	r4, r4, #2
 543 0086 1059     		ldr	r0, [r2, r4]
 544 0088 2840     		ands	r0, r5
 545 008a 1051     		str	r0, [r2, r4]
 546              	.L37:
 921:Drivers/STM32F0xx_HAL_Driver/Src/stm32f0xx_hal_can.c ****     {
 547              		.loc 1 921 5 view .LVU167
 921:Drivers/STM32F0xx_HAL_Driver/Src/stm32f0xx_hal_can.c ****     {
 548              		.loc 1 921 22 is_stmt 0 view .LVU168
 549 008c 0869     		ldr	r0, [r1, #16]
 921:Drivers/STM32F0xx_HAL_Driver/Src/stm32f0xx_hal_can.c ****     {
 550              		.loc 1 921 8 view .LVU169
 551 008e 0028     		cmp	r0, #0
 552 0090 30D1     		bne	.L38
 924:Drivers/STM32F0xx_HAL_Driver/Src/stm32f0xx_hal_can.c ****     }
 553              		.loc 1 924 7 is_stmt 1 view .LVU170
 554 0092 8524     		movs	r4, #133
 555 0094 A400     		lsls	r4, r4, #2
 556 0096 1059     		ldr	r0, [r2, r4]
 557 0098 2840     		ands	r0, r5
 558 009a 1051     		str	r0, [r2, r4]
 559              	.L39:
 933:Drivers/STM32F0xx_HAL_Driver/Src/stm32f0xx_hal_can.c ****     {
 560              		.loc 1 933 5 view .LVU171
ARM GAS  /tmp/ccxePDI1.s 			page 30


 933:Drivers/STM32F0xx_HAL_Driver/Src/stm32f0xx_hal_can.c ****     {
 561              		.loc 1 933 22 is_stmt 0 view .LVU172
 562 009c 096A     		ldr	r1, [r1, #32]
 563              	.LVL27:
 933:Drivers/STM32F0xx_HAL_Driver/Src/stm32f0xx_hal_can.c ****     {
 564              		.loc 1 933 8 view .LVU173
 565 009e 0129     		cmp	r1, #1
 566 00a0 2ED0     		beq	.L44
 567              	.LVL28:
 568              	.L40:
 939:Drivers/STM32F0xx_HAL_Driver/Src/stm32f0xx_hal_can.c **** 
 569              		.loc 1 939 5 is_stmt 1 view .LVU174
 570 00a2 8021     		movs	r1, #128
 571 00a4 8900     		lsls	r1, r1, #2
 572 00a6 5358     		ldr	r3, [r2, r1]
 573 00a8 0120     		movs	r0, #1
 574 00aa 8343     		bics	r3, r0
 575 00ac 5350     		str	r3, [r2, r1]
 942:Drivers/STM32F0xx_HAL_Driver/Src/stm32f0xx_hal_can.c ****   }
 576              		.loc 1 942 5 view .LVU175
 942:Drivers/STM32F0xx_HAL_Driver/Src/stm32f0xx_hal_can.c ****   }
 577              		.loc 1 942 12 is_stmt 0 view .LVU176
 578 00ae 0020     		movs	r0, #0
 579 00b0 B4E7     		b	.L41
 580              	.LVL29:
 581              	.L43:
 895:Drivers/STM32F0xx_HAL_Driver/Src/stm32f0xx_hal_can.c **** 
 582              		.loc 1 895 7 is_stmt 1 view .LVU177
 583 00b2 8324     		movs	r4, #131
 584 00b4 A400     		lsls	r4, r4, #2
 585 00b6 1059     		ldr	r0, [r2, r4]
 586 00b8 1843     		orrs	r0, r3
 587 00ba 1051     		str	r0, [r2, r4]
 898:Drivers/STM32F0xx_HAL_Driver/Src/stm32f0xx_hal_can.c ****         ((0x0000FFFFU & (uint32_t)sFilterConfig->FilterIdHigh) << 16U) |
 588              		.loc 1 898 7 view .LVU178
 899:Drivers/STM32F0xx_HAL_Driver/Src/stm32f0xx_hal_can.c ****         (0x0000FFFFU & (uint32_t)sFilterConfig->FilterIdLow);
 589              		.loc 1 899 48 is_stmt 0 view .LVU179
 590 00bc 0C68     		ldr	r4, [r1]
 899:Drivers/STM32F0xx_HAL_Driver/Src/stm32f0xx_hal_can.c ****         (0x0000FFFFU & (uint32_t)sFilterConfig->FilterIdLow);
 591              		.loc 1 899 64 view .LVU180
 592 00be 2404     		lsls	r4, r4, #16
 900:Drivers/STM32F0xx_HAL_Driver/Src/stm32f0xx_hal_can.c **** 
 593              		.loc 1 900 47 view .LVU181
 594 00c0 4E68     		ldr	r6, [r1, #4]
 900:Drivers/STM32F0xx_HAL_Driver/Src/stm32f0xx_hal_can.c **** 
 595              		.loc 1 900 22 view .LVU182
 596 00c2 3604     		lsls	r6, r6, #16
 597 00c4 360C     		lsrs	r6, r6, #16
 898:Drivers/STM32F0xx_HAL_Driver/Src/stm32f0xx_hal_can.c ****         ((0x0000FFFFU & (uint32_t)sFilterConfig->FilterIdHigh) << 16U) |
 598              		.loc 1 898 44 view .LVU183
 599 00c6 4869     		ldr	r0, [r1, #20]
 899:Drivers/STM32F0xx_HAL_Driver/Src/stm32f0xx_hal_can.c ****         (0x0000FFFFU & (uint32_t)sFilterConfig->FilterIdLow);
 600              		.loc 1 899 72 view .LVU184
 601 00c8 3443     		orrs	r4, r6
 898:Drivers/STM32F0xx_HAL_Driver/Src/stm32f0xx_hal_can.c ****         ((0x0000FFFFU & (uint32_t)sFilterConfig->FilterIdHigh) << 16U) |
 602              		.loc 1 898 62 view .LVU185
 603 00ca 4830     		adds	r0, r0, #72
ARM GAS  /tmp/ccxePDI1.s 			page 31


 604 00cc C000     		lsls	r0, r0, #3
 605 00ce 8450     		str	r4, [r0, r2]
 903:Drivers/STM32F0xx_HAL_Driver/Src/stm32f0xx_hal_can.c ****         ((0x0000FFFFU & (uint32_t)sFilterConfig->FilterMaskIdHigh) << 16U) |
 606              		.loc 1 903 7 is_stmt 1 view .LVU186
 904:Drivers/STM32F0xx_HAL_Driver/Src/stm32f0xx_hal_can.c ****         (0x0000FFFFU & (uint32_t)sFilterConfig->FilterMaskIdLow);
 607              		.loc 1 904 48 is_stmt 0 view .LVU187
 608 00d0 8C68     		ldr	r4, [r1, #8]
 904:Drivers/STM32F0xx_HAL_Driver/Src/stm32f0xx_hal_can.c ****         (0x0000FFFFU & (uint32_t)sFilterConfig->FilterMaskIdLow);
 609              		.loc 1 904 68 view .LVU188
 610 00d2 2404     		lsls	r4, r4, #16
 905:Drivers/STM32F0xx_HAL_Driver/Src/stm32f0xx_hal_can.c ****     }
 611              		.loc 1 905 47 view .LVU189
 612 00d4 CE68     		ldr	r6, [r1, #12]
 905:Drivers/STM32F0xx_HAL_Driver/Src/stm32f0xx_hal_can.c ****     }
 613              		.loc 1 905 22 view .LVU190
 614 00d6 3604     		lsls	r6, r6, #16
 615 00d8 360C     		lsrs	r6, r6, #16
 903:Drivers/STM32F0xx_HAL_Driver/Src/stm32f0xx_hal_can.c ****         ((0x0000FFFFU & (uint32_t)sFilterConfig->FilterMaskIdHigh) << 16U) |
 616              		.loc 1 903 44 view .LVU191
 617 00da 4869     		ldr	r0, [r1, #20]
 904:Drivers/STM32F0xx_HAL_Driver/Src/stm32f0xx_hal_can.c ****         (0x0000FFFFU & (uint32_t)sFilterConfig->FilterMaskIdLow);
 618              		.loc 1 904 76 view .LVU192
 619 00dc 3443     		orrs	r4, r6
 903:Drivers/STM32F0xx_HAL_Driver/Src/stm32f0xx_hal_can.c ****         ((0x0000FFFFU & (uint32_t)sFilterConfig->FilterMaskIdHigh) << 16U) |
 620              		.loc 1 903 62 view .LVU193
 621 00de 4830     		adds	r0, r0, #72
 622 00e0 C000     		lsls	r0, r0, #3
 623 00e2 1018     		adds	r0, r2, r0
 624 00e4 4460     		str	r4, [r0, #4]
 625 00e6 C9E7     		b	.L35
 626              	.L36:
 917:Drivers/STM32F0xx_HAL_Driver/Src/stm32f0xx_hal_can.c ****     }
 627              		.loc 1 917 7 is_stmt 1 view .LVU194
 628 00e8 8124     		movs	r4, #129
 629 00ea A400     		lsls	r4, r4, #2
 630 00ec 1059     		ldr	r0, [r2, r4]
 631 00ee 1843     		orrs	r0, r3
 632 00f0 1051     		str	r0, [r2, r4]
 633 00f2 CBE7     		b	.L37
 634              	.L38:
 929:Drivers/STM32F0xx_HAL_Driver/Src/stm32f0xx_hal_can.c ****     }
 635              		.loc 1 929 7 view .LVU195
 636 00f4 8524     		movs	r4, #133
 637 00f6 A400     		lsls	r4, r4, #2
 638 00f8 1059     		ldr	r0, [r2, r4]
 639 00fa 1843     		orrs	r0, r3
 640 00fc 1051     		str	r0, [r2, r4]
 641 00fe CDE7     		b	.L39
 642              	.LVL30:
 643              	.L44:
 935:Drivers/STM32F0xx_HAL_Driver/Src/stm32f0xx_hal_can.c ****     }
 644              		.loc 1 935 7 view .LVU196
 645 0100 8720     		movs	r0, #135
 646 0102 8000     		lsls	r0, r0, #2
 647 0104 1158     		ldr	r1, [r2, r0]
 648 0106 0B43     		orrs	r3, r1
 649              	.LVL31:
ARM GAS  /tmp/ccxePDI1.s 			page 32


 935:Drivers/STM32F0xx_HAL_Driver/Src/stm32f0xx_hal_can.c ****     }
 650              		.loc 1 935 7 is_stmt 0 view .LVU197
 651 0108 1350     		str	r3, [r2, r0]
 652 010a CAE7     		b	.L40
 653              		.cfi_endproc
 654              	.LFE44:
 656              		.section	.text.HAL_CAN_Start,"ax",%progbits
 657              		.align	1
 658              		.global	HAL_CAN_Start
 659              		.syntax unified
 660              		.code	16
 661              		.thumb_func
 663              	HAL_CAN_Start:
 664              	.LVL32:
 665              	.LFB45:
 952:Drivers/STM32F0xx_HAL_Driver/Src/stm32f0xx_hal_can.c **** 
 953:Drivers/STM32F0xx_HAL_Driver/Src/stm32f0xx_hal_can.c **** /**
 954:Drivers/STM32F0xx_HAL_Driver/Src/stm32f0xx_hal_can.c ****   * @}
 955:Drivers/STM32F0xx_HAL_Driver/Src/stm32f0xx_hal_can.c ****   */
 956:Drivers/STM32F0xx_HAL_Driver/Src/stm32f0xx_hal_can.c **** 
 957:Drivers/STM32F0xx_HAL_Driver/Src/stm32f0xx_hal_can.c **** /** @defgroup CAN_Exported_Functions_Group3 Control functions
 958:Drivers/STM32F0xx_HAL_Driver/Src/stm32f0xx_hal_can.c ****   * @brief    Control functions
 959:Drivers/STM32F0xx_HAL_Driver/Src/stm32f0xx_hal_can.c ****   *
 960:Drivers/STM32F0xx_HAL_Driver/Src/stm32f0xx_hal_can.c **** @verbatim
 961:Drivers/STM32F0xx_HAL_Driver/Src/stm32f0xx_hal_can.c ****   ==============================================================================
 962:Drivers/STM32F0xx_HAL_Driver/Src/stm32f0xx_hal_can.c ****                       ##### Control functions #####
 963:Drivers/STM32F0xx_HAL_Driver/Src/stm32f0xx_hal_can.c ****   ==============================================================================
 964:Drivers/STM32F0xx_HAL_Driver/Src/stm32f0xx_hal_can.c ****     [..]  This section provides functions allowing to:
 965:Drivers/STM32F0xx_HAL_Driver/Src/stm32f0xx_hal_can.c ****       (+) HAL_CAN_Start                    : Start the CAN module
 966:Drivers/STM32F0xx_HAL_Driver/Src/stm32f0xx_hal_can.c ****       (+) HAL_CAN_Stop                     : Stop the CAN module
 967:Drivers/STM32F0xx_HAL_Driver/Src/stm32f0xx_hal_can.c ****       (+) HAL_CAN_RequestSleep             : Request sleep mode entry.
 968:Drivers/STM32F0xx_HAL_Driver/Src/stm32f0xx_hal_can.c ****       (+) HAL_CAN_WakeUp                   : Wake up from sleep mode.
 969:Drivers/STM32F0xx_HAL_Driver/Src/stm32f0xx_hal_can.c ****       (+) HAL_CAN_IsSleepActive            : Check is sleep mode is active.
 970:Drivers/STM32F0xx_HAL_Driver/Src/stm32f0xx_hal_can.c ****       (+) HAL_CAN_AddTxMessage             : Add a message to the Tx mailboxes
 971:Drivers/STM32F0xx_HAL_Driver/Src/stm32f0xx_hal_can.c ****                                              and activate the corresponding
 972:Drivers/STM32F0xx_HAL_Driver/Src/stm32f0xx_hal_can.c ****                                              transmission request
 973:Drivers/STM32F0xx_HAL_Driver/Src/stm32f0xx_hal_can.c ****       (+) HAL_CAN_AbortTxRequest           : Abort transmission request
 974:Drivers/STM32F0xx_HAL_Driver/Src/stm32f0xx_hal_can.c ****       (+) HAL_CAN_GetTxMailboxesFreeLevel  : Return Tx mailboxes free level
 975:Drivers/STM32F0xx_HAL_Driver/Src/stm32f0xx_hal_can.c ****       (+) HAL_CAN_IsTxMessagePending       : Check if a transmission request is
 976:Drivers/STM32F0xx_HAL_Driver/Src/stm32f0xx_hal_can.c ****                                              pending on the selected Tx mailbox
 977:Drivers/STM32F0xx_HAL_Driver/Src/stm32f0xx_hal_can.c ****       (+) HAL_CAN_GetRxMessage             : Get a CAN frame from the Rx FIFO
 978:Drivers/STM32F0xx_HAL_Driver/Src/stm32f0xx_hal_can.c ****       (+) HAL_CAN_GetRxFifoFillLevel       : Return Rx FIFO fill level
 979:Drivers/STM32F0xx_HAL_Driver/Src/stm32f0xx_hal_can.c **** 
 980:Drivers/STM32F0xx_HAL_Driver/Src/stm32f0xx_hal_can.c **** @endverbatim
 981:Drivers/STM32F0xx_HAL_Driver/Src/stm32f0xx_hal_can.c ****   * @{
 982:Drivers/STM32F0xx_HAL_Driver/Src/stm32f0xx_hal_can.c ****   */
 983:Drivers/STM32F0xx_HAL_Driver/Src/stm32f0xx_hal_can.c **** 
 984:Drivers/STM32F0xx_HAL_Driver/Src/stm32f0xx_hal_can.c **** /**
 985:Drivers/STM32F0xx_HAL_Driver/Src/stm32f0xx_hal_can.c ****   * @brief  Start the CAN module.
 986:Drivers/STM32F0xx_HAL_Driver/Src/stm32f0xx_hal_can.c ****   * @param  hcan pointer to an CAN_HandleTypeDef structure that contains
 987:Drivers/STM32F0xx_HAL_Driver/Src/stm32f0xx_hal_can.c ****   *         the configuration information for the specified CAN.
 988:Drivers/STM32F0xx_HAL_Driver/Src/stm32f0xx_hal_can.c ****   * @retval HAL status
 989:Drivers/STM32F0xx_HAL_Driver/Src/stm32f0xx_hal_can.c ****   */
 990:Drivers/STM32F0xx_HAL_Driver/Src/stm32f0xx_hal_can.c **** HAL_StatusTypeDef HAL_CAN_Start(CAN_HandleTypeDef *hcan)
 991:Drivers/STM32F0xx_HAL_Driver/Src/stm32f0xx_hal_can.c **** {
 666              		.loc 1 991 1 is_stmt 1 view -0
 667              		.cfi_startproc
ARM GAS  /tmp/ccxePDI1.s 			page 33


 668              		@ args = 0, pretend = 0, frame = 0
 669              		@ frame_needed = 0, uses_anonymous_args = 0
 670              		.loc 1 991 1 is_stmt 0 view .LVU199
 671 0000 70B5     		push	{r4, r5, r6, lr}
 672              	.LCFI2:
 673              		.cfi_def_cfa_offset 16
 674              		.cfi_offset 4, -16
 675              		.cfi_offset 5, -12
 676              		.cfi_offset 6, -8
 677              		.cfi_offset 14, -4
 678 0002 0400     		movs	r4, r0
 992:Drivers/STM32F0xx_HAL_Driver/Src/stm32f0xx_hal_can.c ****   uint32_t tickstart;
 679              		.loc 1 992 3 is_stmt 1 view .LVU200
 993:Drivers/STM32F0xx_HAL_Driver/Src/stm32f0xx_hal_can.c **** 
 994:Drivers/STM32F0xx_HAL_Driver/Src/stm32f0xx_hal_can.c ****   if (hcan->State == HAL_CAN_STATE_READY)
 680              		.loc 1 994 3 view .LVU201
 681              		.loc 1 994 11 is_stmt 0 view .LVU202
 682 0004 2023     		movs	r3, #32
 683 0006 C35C     		ldrb	r3, [r0, r3]
 684 0008 DEB2     		uxtb	r6, r3
 685              		.loc 1 994 6 view .LVU203
 686 000a 012B     		cmp	r3, #1
 687 000c 07D0     		beq	.L50
 995:Drivers/STM32F0xx_HAL_Driver/Src/stm32f0xx_hal_can.c ****   {
 996:Drivers/STM32F0xx_HAL_Driver/Src/stm32f0xx_hal_can.c ****     /* Change CAN peripheral state */
 997:Drivers/STM32F0xx_HAL_Driver/Src/stm32f0xx_hal_can.c ****     hcan->State = HAL_CAN_STATE_LISTENING;
 998:Drivers/STM32F0xx_HAL_Driver/Src/stm32f0xx_hal_can.c **** 
 999:Drivers/STM32F0xx_HAL_Driver/Src/stm32f0xx_hal_can.c ****     /* Request leave initialisation */
1000:Drivers/STM32F0xx_HAL_Driver/Src/stm32f0xx_hal_can.c ****     CLEAR_BIT(hcan->Instance->MCR, CAN_MCR_INRQ);
1001:Drivers/STM32F0xx_HAL_Driver/Src/stm32f0xx_hal_can.c **** 
1002:Drivers/STM32F0xx_HAL_Driver/Src/stm32f0xx_hal_can.c ****     /* Get tick */
1003:Drivers/STM32F0xx_HAL_Driver/Src/stm32f0xx_hal_can.c ****     tickstart = HAL_GetTick();
1004:Drivers/STM32F0xx_HAL_Driver/Src/stm32f0xx_hal_can.c **** 
1005:Drivers/STM32F0xx_HAL_Driver/Src/stm32f0xx_hal_can.c ****     /* Wait the acknowledge */
1006:Drivers/STM32F0xx_HAL_Driver/Src/stm32f0xx_hal_can.c ****     while ((hcan->Instance->MSR & CAN_MSR_INAK) != 0U)
1007:Drivers/STM32F0xx_HAL_Driver/Src/stm32f0xx_hal_can.c ****     {
1008:Drivers/STM32F0xx_HAL_Driver/Src/stm32f0xx_hal_can.c ****       /* Check for the Timeout */
1009:Drivers/STM32F0xx_HAL_Driver/Src/stm32f0xx_hal_can.c ****       if ((HAL_GetTick() - tickstart) > CAN_TIMEOUT_VALUE)
1010:Drivers/STM32F0xx_HAL_Driver/Src/stm32f0xx_hal_can.c ****       {
1011:Drivers/STM32F0xx_HAL_Driver/Src/stm32f0xx_hal_can.c ****         /* Update error code */
1012:Drivers/STM32F0xx_HAL_Driver/Src/stm32f0xx_hal_can.c ****         hcan->ErrorCode |= HAL_CAN_ERROR_TIMEOUT;
1013:Drivers/STM32F0xx_HAL_Driver/Src/stm32f0xx_hal_can.c **** 
1014:Drivers/STM32F0xx_HAL_Driver/Src/stm32f0xx_hal_can.c ****         /* Change CAN state */
1015:Drivers/STM32F0xx_HAL_Driver/Src/stm32f0xx_hal_can.c ****         hcan->State = HAL_CAN_STATE_ERROR;
1016:Drivers/STM32F0xx_HAL_Driver/Src/stm32f0xx_hal_can.c **** 
1017:Drivers/STM32F0xx_HAL_Driver/Src/stm32f0xx_hal_can.c ****         return HAL_ERROR;
1018:Drivers/STM32F0xx_HAL_Driver/Src/stm32f0xx_hal_can.c ****       }
1019:Drivers/STM32F0xx_HAL_Driver/Src/stm32f0xx_hal_can.c ****     }
1020:Drivers/STM32F0xx_HAL_Driver/Src/stm32f0xx_hal_can.c **** 
1021:Drivers/STM32F0xx_HAL_Driver/Src/stm32f0xx_hal_can.c ****     /* Reset the CAN ErrorCode */
1022:Drivers/STM32F0xx_HAL_Driver/Src/stm32f0xx_hal_can.c ****     hcan->ErrorCode = HAL_CAN_ERROR_NONE;
1023:Drivers/STM32F0xx_HAL_Driver/Src/stm32f0xx_hal_can.c **** 
1024:Drivers/STM32F0xx_HAL_Driver/Src/stm32f0xx_hal_can.c ****     /* Return function status */
1025:Drivers/STM32F0xx_HAL_Driver/Src/stm32f0xx_hal_can.c ****     return HAL_OK;
1026:Drivers/STM32F0xx_HAL_Driver/Src/stm32f0xx_hal_can.c ****   }
1027:Drivers/STM32F0xx_HAL_Driver/Src/stm32f0xx_hal_can.c ****   else
1028:Drivers/STM32F0xx_HAL_Driver/Src/stm32f0xx_hal_can.c ****   {
ARM GAS  /tmp/ccxePDI1.s 			page 34


1029:Drivers/STM32F0xx_HAL_Driver/Src/stm32f0xx_hal_can.c ****     /* Update error code */
1030:Drivers/STM32F0xx_HAL_Driver/Src/stm32f0xx_hal_can.c ****     hcan->ErrorCode |= HAL_CAN_ERROR_NOT_READY;
 688              		.loc 1 1030 5 is_stmt 1 view .LVU204
 689              		.loc 1 1030 9 is_stmt 0 view .LVU205
 690 000e 426A     		ldr	r2, [r0, #36]
 691              		.loc 1 1030 21 view .LVU206
 692 0010 8023     		movs	r3, #128
 693 0012 1B03     		lsls	r3, r3, #12
 694 0014 1343     		orrs	r3, r2
 695 0016 4362     		str	r3, [r0, #36]
1031:Drivers/STM32F0xx_HAL_Driver/Src/stm32f0xx_hal_can.c **** 
1032:Drivers/STM32F0xx_HAL_Driver/Src/stm32f0xx_hal_can.c ****     return HAL_ERROR;
 696              		.loc 1 1032 5 is_stmt 1 view .LVU207
 697              		.loc 1 1032 12 is_stmt 0 view .LVU208
 698 0018 0126     		movs	r6, #1
 699              	.LVL33:
 700              	.L48:
1033:Drivers/STM32F0xx_HAL_Driver/Src/stm32f0xx_hal_can.c ****   }
1034:Drivers/STM32F0xx_HAL_Driver/Src/stm32f0xx_hal_can.c **** }
 701              		.loc 1 1034 1 view .LVU209
 702 001a 3000     		movs	r0, r6
 703              		@ sp needed
 704              	.LVL34:
 705              		.loc 1 1034 1 view .LVU210
 706 001c 70BD     		pop	{r4, r5, r6, pc}
 707              	.LVL35:
 708              	.L50:
 997:Drivers/STM32F0xx_HAL_Driver/Src/stm32f0xx_hal_can.c **** 
 709              		.loc 1 997 5 is_stmt 1 view .LVU211
 997:Drivers/STM32F0xx_HAL_Driver/Src/stm32f0xx_hal_can.c **** 
 710              		.loc 1 997 17 is_stmt 0 view .LVU212
 711 001e 1F33     		adds	r3, r3, #31
 712 0020 0222     		movs	r2, #2
 713 0022 C254     		strb	r2, [r0, r3]
1000:Drivers/STM32F0xx_HAL_Driver/Src/stm32f0xx_hal_can.c **** 
 714              		.loc 1 1000 5 is_stmt 1 view .LVU213
 715 0024 0268     		ldr	r2, [r0]
 716 0026 1368     		ldr	r3, [r2]
 717 0028 0121     		movs	r1, #1
 718 002a 8B43     		bics	r3, r1
 719 002c 1360     		str	r3, [r2]
1003:Drivers/STM32F0xx_HAL_Driver/Src/stm32f0xx_hal_can.c **** 
 720              		.loc 1 1003 5 view .LVU214
1003:Drivers/STM32F0xx_HAL_Driver/Src/stm32f0xx_hal_can.c **** 
 721              		.loc 1 1003 17 is_stmt 0 view .LVU215
 722 002e FFF7FEFF 		bl	HAL_GetTick
 723              	.LVL36:
1003:Drivers/STM32F0xx_HAL_Driver/Src/stm32f0xx_hal_can.c **** 
 724              		.loc 1 1003 17 view .LVU216
 725 0032 0500     		movs	r5, r0
 726              	.LVL37:
1006:Drivers/STM32F0xx_HAL_Driver/Src/stm32f0xx_hal_can.c ****     {
 727              		.loc 1 1006 5 is_stmt 1 view .LVU217
 728              	.L47:
1006:Drivers/STM32F0xx_HAL_Driver/Src/stm32f0xx_hal_can.c ****     {
 729              		.loc 1 1006 49 view .LVU218
1006:Drivers/STM32F0xx_HAL_Driver/Src/stm32f0xx_hal_can.c ****     {
ARM GAS  /tmp/ccxePDI1.s 			page 35


 730              		.loc 1 1006 17 is_stmt 0 view .LVU219
 731 0034 2368     		ldr	r3, [r4]
1006:Drivers/STM32F0xx_HAL_Driver/Src/stm32f0xx_hal_can.c ****     {
 732              		.loc 1 1006 27 view .LVU220
 733 0036 5B68     		ldr	r3, [r3, #4]
1006:Drivers/STM32F0xx_HAL_Driver/Src/stm32f0xx_hal_can.c ****     {
 734              		.loc 1 1006 49 view .LVU221
 735 0038 DB07     		lsls	r3, r3, #31
 736 003a 0DD5     		bpl	.L51
1009:Drivers/STM32F0xx_HAL_Driver/Src/stm32f0xx_hal_can.c ****       {
 737              		.loc 1 1009 7 is_stmt 1 view .LVU222
1009:Drivers/STM32F0xx_HAL_Driver/Src/stm32f0xx_hal_can.c ****       {
 738              		.loc 1 1009 12 is_stmt 0 view .LVU223
 739 003c FFF7FEFF 		bl	HAL_GetTick
 740              	.LVL38:
1009:Drivers/STM32F0xx_HAL_Driver/Src/stm32f0xx_hal_can.c ****       {
 741              		.loc 1 1009 26 discriminator 1 view .LVU224
 742 0040 401B     		subs	r0, r0, r5
1009:Drivers/STM32F0xx_HAL_Driver/Src/stm32f0xx_hal_can.c ****       {
 743              		.loc 1 1009 10 discriminator 1 view .LVU225
 744 0042 0A28     		cmp	r0, #10
 745 0044 F6D9     		bls	.L47
1012:Drivers/STM32F0xx_HAL_Driver/Src/stm32f0xx_hal_can.c **** 
 746              		.loc 1 1012 9 is_stmt 1 view .LVU226
1012:Drivers/STM32F0xx_HAL_Driver/Src/stm32f0xx_hal_can.c **** 
 747              		.loc 1 1012 13 is_stmt 0 view .LVU227
 748 0046 626A     		ldr	r2, [r4, #36]
1012:Drivers/STM32F0xx_HAL_Driver/Src/stm32f0xx_hal_can.c **** 
 749              		.loc 1 1012 25 view .LVU228
 750 0048 8023     		movs	r3, #128
 751 004a 9B02     		lsls	r3, r3, #10
 752 004c 1343     		orrs	r3, r2
 753 004e 6362     		str	r3, [r4, #36]
1015:Drivers/STM32F0xx_HAL_Driver/Src/stm32f0xx_hal_can.c **** 
 754              		.loc 1 1015 9 is_stmt 1 view .LVU229
1015:Drivers/STM32F0xx_HAL_Driver/Src/stm32f0xx_hal_can.c **** 
 755              		.loc 1 1015 21 is_stmt 0 view .LVU230
 756 0050 2023     		movs	r3, #32
 757 0052 0522     		movs	r2, #5
 758 0054 E254     		strb	r2, [r4, r3]
1017:Drivers/STM32F0xx_HAL_Driver/Src/stm32f0xx_hal_can.c ****       }
 759              		.loc 1 1017 9 is_stmt 1 view .LVU231
1017:Drivers/STM32F0xx_HAL_Driver/Src/stm32f0xx_hal_can.c ****       }
 760              		.loc 1 1017 16 is_stmt 0 view .LVU232
 761 0056 E0E7     		b	.L48
 762              	.L51:
1022:Drivers/STM32F0xx_HAL_Driver/Src/stm32f0xx_hal_can.c **** 
 763              		.loc 1 1022 5 is_stmt 1 view .LVU233
1022:Drivers/STM32F0xx_HAL_Driver/Src/stm32f0xx_hal_can.c **** 
 764              		.loc 1 1022 21 is_stmt 0 view .LVU234
 765 0058 0023     		movs	r3, #0
 766 005a 6362     		str	r3, [r4, #36]
1025:Drivers/STM32F0xx_HAL_Driver/Src/stm32f0xx_hal_can.c ****   }
 767              		.loc 1 1025 5 is_stmt 1 view .LVU235
1025:Drivers/STM32F0xx_HAL_Driver/Src/stm32f0xx_hal_can.c ****   }
 768              		.loc 1 1025 12 is_stmt 0 view .LVU236
 769 005c 0026     		movs	r6, #0
ARM GAS  /tmp/ccxePDI1.s 			page 36


 770 005e DCE7     		b	.L48
 771              		.cfi_endproc
 772              	.LFE45:
 774              		.section	.text.HAL_CAN_Stop,"ax",%progbits
 775              		.align	1
 776              		.global	HAL_CAN_Stop
 777              		.syntax unified
 778              		.code	16
 779              		.thumb_func
 781              	HAL_CAN_Stop:
 782              	.LVL39:
 783              	.LFB46:
1035:Drivers/STM32F0xx_HAL_Driver/Src/stm32f0xx_hal_can.c **** 
1036:Drivers/STM32F0xx_HAL_Driver/Src/stm32f0xx_hal_can.c **** /**
1037:Drivers/STM32F0xx_HAL_Driver/Src/stm32f0xx_hal_can.c ****   * @brief  Stop the CAN module and enable access to configuration registers.
1038:Drivers/STM32F0xx_HAL_Driver/Src/stm32f0xx_hal_can.c ****   * @param  hcan pointer to an CAN_HandleTypeDef structure that contains
1039:Drivers/STM32F0xx_HAL_Driver/Src/stm32f0xx_hal_can.c ****   *         the configuration information for the specified CAN.
1040:Drivers/STM32F0xx_HAL_Driver/Src/stm32f0xx_hal_can.c ****   * @retval HAL status
1041:Drivers/STM32F0xx_HAL_Driver/Src/stm32f0xx_hal_can.c ****   */
1042:Drivers/STM32F0xx_HAL_Driver/Src/stm32f0xx_hal_can.c **** HAL_StatusTypeDef HAL_CAN_Stop(CAN_HandleTypeDef *hcan)
1043:Drivers/STM32F0xx_HAL_Driver/Src/stm32f0xx_hal_can.c **** {
 784              		.loc 1 1043 1 is_stmt 1 view -0
 785              		.cfi_startproc
 786              		@ args = 0, pretend = 0, frame = 0
 787              		@ frame_needed = 0, uses_anonymous_args = 0
 788              		.loc 1 1043 1 is_stmt 0 view .LVU238
 789 0000 70B5     		push	{r4, r5, r6, lr}
 790              	.LCFI3:
 791              		.cfi_def_cfa_offset 16
 792              		.cfi_offset 4, -16
 793              		.cfi_offset 5, -12
 794              		.cfi_offset 6, -8
 795              		.cfi_offset 14, -4
 796 0002 0400     		movs	r4, r0
1044:Drivers/STM32F0xx_HAL_Driver/Src/stm32f0xx_hal_can.c ****   uint32_t tickstart;
 797              		.loc 1 1044 3 is_stmt 1 view .LVU239
1045:Drivers/STM32F0xx_HAL_Driver/Src/stm32f0xx_hal_can.c **** 
1046:Drivers/STM32F0xx_HAL_Driver/Src/stm32f0xx_hal_can.c ****   if (hcan->State == HAL_CAN_STATE_LISTENING)
 798              		.loc 1 1046 3 view .LVU240
 799              		.loc 1 1046 11 is_stmt 0 view .LVU241
 800 0004 2023     		movs	r3, #32
 801 0006 C35C     		ldrb	r3, [r0, r3]
 802              		.loc 1 1046 6 view .LVU242
 803 0008 022B     		cmp	r3, #2
 804 000a 06D0     		beq	.L57
1047:Drivers/STM32F0xx_HAL_Driver/Src/stm32f0xx_hal_can.c ****   {
1048:Drivers/STM32F0xx_HAL_Driver/Src/stm32f0xx_hal_can.c ****     /* Request initialisation */
1049:Drivers/STM32F0xx_HAL_Driver/Src/stm32f0xx_hal_can.c ****     SET_BIT(hcan->Instance->MCR, CAN_MCR_INRQ);
1050:Drivers/STM32F0xx_HAL_Driver/Src/stm32f0xx_hal_can.c **** 
1051:Drivers/STM32F0xx_HAL_Driver/Src/stm32f0xx_hal_can.c ****     /* Get tick */
1052:Drivers/STM32F0xx_HAL_Driver/Src/stm32f0xx_hal_can.c ****     tickstart = HAL_GetTick();
1053:Drivers/STM32F0xx_HAL_Driver/Src/stm32f0xx_hal_can.c **** 
1054:Drivers/STM32F0xx_HAL_Driver/Src/stm32f0xx_hal_can.c ****     /* Wait the acknowledge */
1055:Drivers/STM32F0xx_HAL_Driver/Src/stm32f0xx_hal_can.c ****     while ((hcan->Instance->MSR & CAN_MSR_INAK) == 0U)
1056:Drivers/STM32F0xx_HAL_Driver/Src/stm32f0xx_hal_can.c ****     {
1057:Drivers/STM32F0xx_HAL_Driver/Src/stm32f0xx_hal_can.c ****       /* Check for the Timeout */
1058:Drivers/STM32F0xx_HAL_Driver/Src/stm32f0xx_hal_can.c ****       if ((HAL_GetTick() - tickstart) > CAN_TIMEOUT_VALUE)
ARM GAS  /tmp/ccxePDI1.s 			page 37


1059:Drivers/STM32F0xx_HAL_Driver/Src/stm32f0xx_hal_can.c ****       {
1060:Drivers/STM32F0xx_HAL_Driver/Src/stm32f0xx_hal_can.c ****         /* Update error code */
1061:Drivers/STM32F0xx_HAL_Driver/Src/stm32f0xx_hal_can.c ****         hcan->ErrorCode |= HAL_CAN_ERROR_TIMEOUT;
1062:Drivers/STM32F0xx_HAL_Driver/Src/stm32f0xx_hal_can.c **** 
1063:Drivers/STM32F0xx_HAL_Driver/Src/stm32f0xx_hal_can.c ****         /* Change CAN state */
1064:Drivers/STM32F0xx_HAL_Driver/Src/stm32f0xx_hal_can.c ****         hcan->State = HAL_CAN_STATE_ERROR;
1065:Drivers/STM32F0xx_HAL_Driver/Src/stm32f0xx_hal_can.c **** 
1066:Drivers/STM32F0xx_HAL_Driver/Src/stm32f0xx_hal_can.c ****         return HAL_ERROR;
1067:Drivers/STM32F0xx_HAL_Driver/Src/stm32f0xx_hal_can.c ****       }
1068:Drivers/STM32F0xx_HAL_Driver/Src/stm32f0xx_hal_can.c ****     }
1069:Drivers/STM32F0xx_HAL_Driver/Src/stm32f0xx_hal_can.c **** 
1070:Drivers/STM32F0xx_HAL_Driver/Src/stm32f0xx_hal_can.c ****     /* Exit from sleep mode */
1071:Drivers/STM32F0xx_HAL_Driver/Src/stm32f0xx_hal_can.c ****     CLEAR_BIT(hcan->Instance->MCR, CAN_MCR_SLEEP);
1072:Drivers/STM32F0xx_HAL_Driver/Src/stm32f0xx_hal_can.c **** 
1073:Drivers/STM32F0xx_HAL_Driver/Src/stm32f0xx_hal_can.c ****     /* Change CAN peripheral state */
1074:Drivers/STM32F0xx_HAL_Driver/Src/stm32f0xx_hal_can.c ****     hcan->State = HAL_CAN_STATE_READY;
1075:Drivers/STM32F0xx_HAL_Driver/Src/stm32f0xx_hal_can.c **** 
1076:Drivers/STM32F0xx_HAL_Driver/Src/stm32f0xx_hal_can.c ****     /* Return function status */
1077:Drivers/STM32F0xx_HAL_Driver/Src/stm32f0xx_hal_can.c ****     return HAL_OK;
1078:Drivers/STM32F0xx_HAL_Driver/Src/stm32f0xx_hal_can.c ****   }
1079:Drivers/STM32F0xx_HAL_Driver/Src/stm32f0xx_hal_can.c ****   else
1080:Drivers/STM32F0xx_HAL_Driver/Src/stm32f0xx_hal_can.c ****   {
1081:Drivers/STM32F0xx_HAL_Driver/Src/stm32f0xx_hal_can.c ****     /* Update error code */
1082:Drivers/STM32F0xx_HAL_Driver/Src/stm32f0xx_hal_can.c ****     hcan->ErrorCode |= HAL_CAN_ERROR_NOT_STARTED;
 805              		.loc 1 1082 5 is_stmt 1 view .LVU243
 806              		.loc 1 1082 9 is_stmt 0 view .LVU244
 807 000c 426A     		ldr	r2, [r0, #36]
 808              		.loc 1 1082 21 view .LVU245
 809 000e 8023     		movs	r3, #128
 810 0010 5B03     		lsls	r3, r3, #13
 811 0012 1343     		orrs	r3, r2
 812 0014 4362     		str	r3, [r0, #36]
1083:Drivers/STM32F0xx_HAL_Driver/Src/stm32f0xx_hal_can.c **** 
1084:Drivers/STM32F0xx_HAL_Driver/Src/stm32f0xx_hal_can.c ****     return HAL_ERROR;
 813              		.loc 1 1084 5 is_stmt 1 view .LVU246
 814              		.loc 1 1084 12 is_stmt 0 view .LVU247
 815 0016 0120     		movs	r0, #1
 816              	.LVL40:
 817              	.L55:
1085:Drivers/STM32F0xx_HAL_Driver/Src/stm32f0xx_hal_can.c ****   }
1086:Drivers/STM32F0xx_HAL_Driver/Src/stm32f0xx_hal_can.c **** }
 818              		.loc 1 1086 1 view .LVU248
 819              		@ sp needed
 820              	.LVL41:
 821              		.loc 1 1086 1 view .LVU249
 822 0018 70BD     		pop	{r4, r5, r6, pc}
 823              	.LVL42:
 824              	.L57:
1049:Drivers/STM32F0xx_HAL_Driver/Src/stm32f0xx_hal_can.c **** 
 825              		.loc 1 1049 5 is_stmt 1 view .LVU250
 826 001a 0268     		ldr	r2, [r0]
 827 001c 1368     		ldr	r3, [r2]
 828 001e 0121     		movs	r1, #1
 829 0020 0B43     		orrs	r3, r1
 830 0022 1360     		str	r3, [r2]
1052:Drivers/STM32F0xx_HAL_Driver/Src/stm32f0xx_hal_can.c **** 
 831              		.loc 1 1052 5 view .LVU251
ARM GAS  /tmp/ccxePDI1.s 			page 38


1052:Drivers/STM32F0xx_HAL_Driver/Src/stm32f0xx_hal_can.c **** 
 832              		.loc 1 1052 17 is_stmt 0 view .LVU252
 833 0024 FFF7FEFF 		bl	HAL_GetTick
 834              	.LVL43:
1052:Drivers/STM32F0xx_HAL_Driver/Src/stm32f0xx_hal_can.c **** 
 835              		.loc 1 1052 17 view .LVU253
 836 0028 0500     		movs	r5, r0
 837              	.LVL44:
1055:Drivers/STM32F0xx_HAL_Driver/Src/stm32f0xx_hal_can.c ****     {
 838              		.loc 1 1055 5 is_stmt 1 view .LVU254
 839              	.L54:
1055:Drivers/STM32F0xx_HAL_Driver/Src/stm32f0xx_hal_can.c ****     {
 840              		.loc 1 1055 49 view .LVU255
1055:Drivers/STM32F0xx_HAL_Driver/Src/stm32f0xx_hal_can.c ****     {
 841              		.loc 1 1055 17 is_stmt 0 view .LVU256
 842 002a 2268     		ldr	r2, [r4]
1055:Drivers/STM32F0xx_HAL_Driver/Src/stm32f0xx_hal_can.c ****     {
 843              		.loc 1 1055 27 view .LVU257
 844 002c 5368     		ldr	r3, [r2, #4]
1055:Drivers/STM32F0xx_HAL_Driver/Src/stm32f0xx_hal_can.c ****     {
 845              		.loc 1 1055 49 view .LVU258
 846 002e DB07     		lsls	r3, r3, #31
 847 0030 0ED4     		bmi	.L58
1058:Drivers/STM32F0xx_HAL_Driver/Src/stm32f0xx_hal_can.c ****       {
 848              		.loc 1 1058 7 is_stmt 1 view .LVU259
1058:Drivers/STM32F0xx_HAL_Driver/Src/stm32f0xx_hal_can.c ****       {
 849              		.loc 1 1058 12 is_stmt 0 view .LVU260
 850 0032 FFF7FEFF 		bl	HAL_GetTick
 851              	.LVL45:
1058:Drivers/STM32F0xx_HAL_Driver/Src/stm32f0xx_hal_can.c ****       {
 852              		.loc 1 1058 26 discriminator 1 view .LVU261
 853 0036 401B     		subs	r0, r0, r5
1058:Drivers/STM32F0xx_HAL_Driver/Src/stm32f0xx_hal_can.c ****       {
 854              		.loc 1 1058 10 discriminator 1 view .LVU262
 855 0038 0A28     		cmp	r0, #10
 856 003a F6D9     		bls	.L54
1061:Drivers/STM32F0xx_HAL_Driver/Src/stm32f0xx_hal_can.c **** 
 857              		.loc 1 1061 9 is_stmt 1 view .LVU263
1061:Drivers/STM32F0xx_HAL_Driver/Src/stm32f0xx_hal_can.c **** 
 858              		.loc 1 1061 13 is_stmt 0 view .LVU264
 859 003c 626A     		ldr	r2, [r4, #36]
1061:Drivers/STM32F0xx_HAL_Driver/Src/stm32f0xx_hal_can.c **** 
 860              		.loc 1 1061 25 view .LVU265
 861 003e 8023     		movs	r3, #128
 862 0040 9B02     		lsls	r3, r3, #10
 863 0042 1343     		orrs	r3, r2
 864 0044 6362     		str	r3, [r4, #36]
1064:Drivers/STM32F0xx_HAL_Driver/Src/stm32f0xx_hal_can.c **** 
 865              		.loc 1 1064 9 is_stmt 1 view .LVU266
1064:Drivers/STM32F0xx_HAL_Driver/Src/stm32f0xx_hal_can.c **** 
 866              		.loc 1 1064 21 is_stmt 0 view .LVU267
 867 0046 2023     		movs	r3, #32
 868 0048 0522     		movs	r2, #5
 869 004a E254     		strb	r2, [r4, r3]
1066:Drivers/STM32F0xx_HAL_Driver/Src/stm32f0xx_hal_can.c ****       }
 870              		.loc 1 1066 9 is_stmt 1 view .LVU268
1066:Drivers/STM32F0xx_HAL_Driver/Src/stm32f0xx_hal_can.c ****       }
ARM GAS  /tmp/ccxePDI1.s 			page 39


 871              		.loc 1 1066 16 is_stmt 0 view .LVU269
 872 004c 0120     		movs	r0, #1
 873 004e E3E7     		b	.L55
 874              	.L58:
1071:Drivers/STM32F0xx_HAL_Driver/Src/stm32f0xx_hal_can.c **** 
 875              		.loc 1 1071 5 is_stmt 1 view .LVU270
 876 0050 1368     		ldr	r3, [r2]
 877 0052 0221     		movs	r1, #2
 878 0054 8B43     		bics	r3, r1
 879 0056 1360     		str	r3, [r2]
1074:Drivers/STM32F0xx_HAL_Driver/Src/stm32f0xx_hal_can.c **** 
 880              		.loc 1 1074 5 view .LVU271
1074:Drivers/STM32F0xx_HAL_Driver/Src/stm32f0xx_hal_can.c **** 
 881              		.loc 1 1074 17 is_stmt 0 view .LVU272
 882 0058 2023     		movs	r3, #32
 883 005a 0122     		movs	r2, #1
 884 005c E254     		strb	r2, [r4, r3]
1077:Drivers/STM32F0xx_HAL_Driver/Src/stm32f0xx_hal_can.c ****   }
 885              		.loc 1 1077 5 is_stmt 1 view .LVU273
1077:Drivers/STM32F0xx_HAL_Driver/Src/stm32f0xx_hal_can.c ****   }
 886              		.loc 1 1077 12 is_stmt 0 view .LVU274
 887 005e 0020     		movs	r0, #0
 888 0060 DAE7     		b	.L55
 889              		.cfi_endproc
 890              	.LFE46:
 892              		.section	.text.HAL_CAN_DeInit,"ax",%progbits
 893              		.align	1
 894              		.global	HAL_CAN_DeInit
 895              		.syntax unified
 896              		.code	16
 897              		.thumb_func
 899              	HAL_CAN_DeInit:
 900              	.LVL46:
 901              	.LFB41:
 461:Drivers/STM32F0xx_HAL_Driver/Src/stm32f0xx_hal_can.c ****   /* Check CAN handle */
 902              		.loc 1 461 1 is_stmt 1 view -0
 903              		.cfi_startproc
 904              		@ args = 0, pretend = 0, frame = 0
 905              		@ frame_needed = 0, uses_anonymous_args = 0
 461:Drivers/STM32F0xx_HAL_Driver/Src/stm32f0xx_hal_can.c ****   /* Check CAN handle */
 906              		.loc 1 461 1 is_stmt 0 view .LVU276
 907 0000 10B5     		push	{r4, lr}
 908              	.LCFI4:
 909              		.cfi_def_cfa_offset 8
 910              		.cfi_offset 4, -8
 911              		.cfi_offset 14, -4
 912 0002 041E     		subs	r4, r0, #0
 463:Drivers/STM32F0xx_HAL_Driver/Src/stm32f0xx_hal_can.c ****   {
 913              		.loc 1 463 3 is_stmt 1 view .LVU277
 463:Drivers/STM32F0xx_HAL_Driver/Src/stm32f0xx_hal_can.c ****   {
 914              		.loc 1 463 6 is_stmt 0 view .LVU278
 915 0004 10D0     		beq	.L61
 469:Drivers/STM32F0xx_HAL_Driver/Src/stm32f0xx_hal_can.c **** 
 916              		.loc 1 469 3 is_stmt 1 view .LVU279
 472:Drivers/STM32F0xx_HAL_Driver/Src/stm32f0xx_hal_can.c **** 
 917              		.loc 1 472 3 view .LVU280
 472:Drivers/STM32F0xx_HAL_Driver/Src/stm32f0xx_hal_can.c **** 
ARM GAS  /tmp/ccxePDI1.s 			page 40


 918              		.loc 1 472 9 is_stmt 0 view .LVU281
 919 0006 FFF7FEFF 		bl	HAL_CAN_Stop
 920              	.LVL47:
 485:Drivers/STM32F0xx_HAL_Driver/Src/stm32f0xx_hal_can.c **** #endif /* USE_HAL_CAN_REGISTER_CALLBACKS */
 921              		.loc 1 485 3 is_stmt 1 view .LVU282
 922 000a 2000     		movs	r0, r4
 923 000c FFF7FEFF 		bl	HAL_CAN_MspDeInit
 924              	.LVL48:
 489:Drivers/STM32F0xx_HAL_Driver/Src/stm32f0xx_hal_can.c **** 
 925              		.loc 1 489 3 view .LVU283
 926 0010 2268     		ldr	r2, [r4]
 927 0012 1168     		ldr	r1, [r2]
 928 0014 8023     		movs	r3, #128
 929 0016 1B02     		lsls	r3, r3, #8
 930 0018 0B43     		orrs	r3, r1
 931 001a 1360     		str	r3, [r2]
 492:Drivers/STM32F0xx_HAL_Driver/Src/stm32f0xx_hal_can.c **** 
 932              		.loc 1 492 3 view .LVU284
 492:Drivers/STM32F0xx_HAL_Driver/Src/stm32f0xx_hal_can.c **** 
 933              		.loc 1 492 19 is_stmt 0 view .LVU285
 934 001c 0023     		movs	r3, #0
 935 001e 6362     		str	r3, [r4, #36]
 495:Drivers/STM32F0xx_HAL_Driver/Src/stm32f0xx_hal_can.c **** 
 936              		.loc 1 495 3 is_stmt 1 view .LVU286
 495:Drivers/STM32F0xx_HAL_Driver/Src/stm32f0xx_hal_can.c **** 
 937              		.loc 1 495 15 is_stmt 0 view .LVU287
 938 0020 2022     		movs	r2, #32
 939 0022 A354     		strb	r3, [r4, r2]
 498:Drivers/STM32F0xx_HAL_Driver/Src/stm32f0xx_hal_can.c **** }
 940              		.loc 1 498 3 is_stmt 1 view .LVU288
 498:Drivers/STM32F0xx_HAL_Driver/Src/stm32f0xx_hal_can.c **** }
 941              		.loc 1 498 10 is_stmt 0 view .LVU289
 942 0024 0020     		movs	r0, #0
 943              	.L60:
 499:Drivers/STM32F0xx_HAL_Driver/Src/stm32f0xx_hal_can.c **** 
 944              		.loc 1 499 1 view .LVU290
 945              		@ sp needed
 946              	.LVL49:
 499:Drivers/STM32F0xx_HAL_Driver/Src/stm32f0xx_hal_can.c **** 
 947              		.loc 1 499 1 view .LVU291
 948 0026 10BD     		pop	{r4, pc}
 949              	.LVL50:
 950              	.L61:
 465:Drivers/STM32F0xx_HAL_Driver/Src/stm32f0xx_hal_can.c ****   }
 951              		.loc 1 465 12 view .LVU292
 952 0028 0120     		movs	r0, #1
 953              	.LVL51:
 465:Drivers/STM32F0xx_HAL_Driver/Src/stm32f0xx_hal_can.c ****   }
 954              		.loc 1 465 12 view .LVU293
 955 002a FCE7     		b	.L60
 956              		.cfi_endproc
 957              	.LFE41:
 959              		.section	.text.HAL_CAN_RequestSleep,"ax",%progbits
 960              		.align	1
 961              		.global	HAL_CAN_RequestSleep
 962              		.syntax unified
 963              		.code	16
ARM GAS  /tmp/ccxePDI1.s 			page 41


 964              		.thumb_func
 966              	HAL_CAN_RequestSleep:
 967              	.LVL52:
 968              	.LFB47:
1087:Drivers/STM32F0xx_HAL_Driver/Src/stm32f0xx_hal_can.c **** 
1088:Drivers/STM32F0xx_HAL_Driver/Src/stm32f0xx_hal_can.c **** /**
1089:Drivers/STM32F0xx_HAL_Driver/Src/stm32f0xx_hal_can.c ****   * @brief  Request the sleep mode (low power) entry.
1090:Drivers/STM32F0xx_HAL_Driver/Src/stm32f0xx_hal_can.c ****   *         When returning from this function, Sleep mode will be entered
1091:Drivers/STM32F0xx_HAL_Driver/Src/stm32f0xx_hal_can.c ****   *         as soon as the current CAN activity (transmission or reception
1092:Drivers/STM32F0xx_HAL_Driver/Src/stm32f0xx_hal_can.c ****   *         of a CAN frame) has been completed.
1093:Drivers/STM32F0xx_HAL_Driver/Src/stm32f0xx_hal_can.c ****   * @param  hcan pointer to a CAN_HandleTypeDef structure that contains
1094:Drivers/STM32F0xx_HAL_Driver/Src/stm32f0xx_hal_can.c ****   *         the configuration information for the specified CAN.
1095:Drivers/STM32F0xx_HAL_Driver/Src/stm32f0xx_hal_can.c ****   * @retval HAL status.
1096:Drivers/STM32F0xx_HAL_Driver/Src/stm32f0xx_hal_can.c ****   */
1097:Drivers/STM32F0xx_HAL_Driver/Src/stm32f0xx_hal_can.c **** HAL_StatusTypeDef HAL_CAN_RequestSleep(CAN_HandleTypeDef *hcan)
1098:Drivers/STM32F0xx_HAL_Driver/Src/stm32f0xx_hal_can.c **** {
 969              		.loc 1 1098 1 is_stmt 1 view -0
 970              		.cfi_startproc
 971              		@ args = 0, pretend = 0, frame = 0
 972              		@ frame_needed = 0, uses_anonymous_args = 0
 973              		@ link register save eliminated.
1099:Drivers/STM32F0xx_HAL_Driver/Src/stm32f0xx_hal_can.c ****   HAL_CAN_StateTypeDef state = hcan->State;
 974              		.loc 1 1099 3 view .LVU295
 975              		.loc 1 1099 24 is_stmt 0 view .LVU296
 976 0000 2023     		movs	r3, #32
 977 0002 C35C     		ldrb	r3, [r0, r3]
 978              	.LVL53:
1100:Drivers/STM32F0xx_HAL_Driver/Src/stm32f0xx_hal_can.c **** 
1101:Drivers/STM32F0xx_HAL_Driver/Src/stm32f0xx_hal_can.c ****   if ((state == HAL_CAN_STATE_READY) ||
 979              		.loc 1 1101 3 is_stmt 1 view .LVU297
 980              		.loc 1 1101 38 is_stmt 0 view .LVU298
 981 0004 013B     		subs	r3, r3, #1
 982              	.LVL54:
 983              		.loc 1 1101 38 view .LVU299
 984 0006 DBB2     		uxtb	r3, r3
 985              	.LVL55:
 986              		.loc 1 1101 6 view .LVU300
 987 0008 012B     		cmp	r3, #1
 988 000a 06D9     		bls	.L65
1102:Drivers/STM32F0xx_HAL_Driver/Src/stm32f0xx_hal_can.c ****       (state == HAL_CAN_STATE_LISTENING))
1103:Drivers/STM32F0xx_HAL_Driver/Src/stm32f0xx_hal_can.c ****   {
1104:Drivers/STM32F0xx_HAL_Driver/Src/stm32f0xx_hal_can.c ****     /* Request Sleep mode */
1105:Drivers/STM32F0xx_HAL_Driver/Src/stm32f0xx_hal_can.c ****     SET_BIT(hcan->Instance->MCR, CAN_MCR_SLEEP);
1106:Drivers/STM32F0xx_HAL_Driver/Src/stm32f0xx_hal_can.c **** 
1107:Drivers/STM32F0xx_HAL_Driver/Src/stm32f0xx_hal_can.c ****     /* Return function status */
1108:Drivers/STM32F0xx_HAL_Driver/Src/stm32f0xx_hal_can.c ****     return HAL_OK;
1109:Drivers/STM32F0xx_HAL_Driver/Src/stm32f0xx_hal_can.c ****   }
1110:Drivers/STM32F0xx_HAL_Driver/Src/stm32f0xx_hal_can.c ****   else
1111:Drivers/STM32F0xx_HAL_Driver/Src/stm32f0xx_hal_can.c ****   {
1112:Drivers/STM32F0xx_HAL_Driver/Src/stm32f0xx_hal_can.c ****     /* Update error code */
1113:Drivers/STM32F0xx_HAL_Driver/Src/stm32f0xx_hal_can.c ****     hcan->ErrorCode |= HAL_CAN_ERROR_NOT_INITIALIZED;
 989              		.loc 1 1113 5 is_stmt 1 view .LVU301
 990              		.loc 1 1113 9 is_stmt 0 view .LVU302
 991 000c 426A     		ldr	r2, [r0, #36]
 992              		.loc 1 1113 21 view .LVU303
 993 000e 8023     		movs	r3, #128
 994 0010 DB02     		lsls	r3, r3, #11
ARM GAS  /tmp/ccxePDI1.s 			page 42


 995 0012 1343     		orrs	r3, r2
 996 0014 4362     		str	r3, [r0, #36]
1114:Drivers/STM32F0xx_HAL_Driver/Src/stm32f0xx_hal_can.c **** 
1115:Drivers/STM32F0xx_HAL_Driver/Src/stm32f0xx_hal_can.c ****     /* Return function status */
1116:Drivers/STM32F0xx_HAL_Driver/Src/stm32f0xx_hal_can.c ****     return HAL_ERROR;
 997              		.loc 1 1116 5 is_stmt 1 view .LVU304
 998              		.loc 1 1116 12 is_stmt 0 view .LVU305
 999 0016 0120     		movs	r0, #1
 1000              	.LVL56:
 1001              	.L64:
1117:Drivers/STM32F0xx_HAL_Driver/Src/stm32f0xx_hal_can.c ****   }
1118:Drivers/STM32F0xx_HAL_Driver/Src/stm32f0xx_hal_can.c **** }
 1002              		.loc 1 1118 1 view .LVU306
 1003              		@ sp needed
 1004 0018 7047     		bx	lr
 1005              	.LVL57:
 1006              	.L65:
1105:Drivers/STM32F0xx_HAL_Driver/Src/stm32f0xx_hal_can.c **** 
 1007              		.loc 1 1105 5 is_stmt 1 view .LVU307
 1008 001a 0268     		ldr	r2, [r0]
 1009 001c 1368     		ldr	r3, [r2]
 1010 001e 0221     		movs	r1, #2
 1011 0020 0B43     		orrs	r3, r1
 1012 0022 1360     		str	r3, [r2]
1108:Drivers/STM32F0xx_HAL_Driver/Src/stm32f0xx_hal_can.c ****   }
 1013              		.loc 1 1108 5 view .LVU308
1108:Drivers/STM32F0xx_HAL_Driver/Src/stm32f0xx_hal_can.c ****   }
 1014              		.loc 1 1108 12 is_stmt 0 view .LVU309
 1015 0024 0020     		movs	r0, #0
 1016              	.LVL58:
1108:Drivers/STM32F0xx_HAL_Driver/Src/stm32f0xx_hal_can.c ****   }
 1017              		.loc 1 1108 12 view .LVU310
 1018 0026 F7E7     		b	.L64
 1019              		.cfi_endproc
 1020              	.LFE47:
 1022              		.section	.text.HAL_CAN_WakeUp,"ax",%progbits
 1023              		.align	1
 1024              		.global	HAL_CAN_WakeUp
 1025              		.syntax unified
 1026              		.code	16
 1027              		.thumb_func
 1029              	HAL_CAN_WakeUp:
 1030              	.LVL59:
 1031              	.LFB48:
1119:Drivers/STM32F0xx_HAL_Driver/Src/stm32f0xx_hal_can.c **** 
1120:Drivers/STM32F0xx_HAL_Driver/Src/stm32f0xx_hal_can.c **** /**
1121:Drivers/STM32F0xx_HAL_Driver/Src/stm32f0xx_hal_can.c ****   * @brief  Wake up from sleep mode.
1122:Drivers/STM32F0xx_HAL_Driver/Src/stm32f0xx_hal_can.c ****   *         When returning with HAL_OK status from this function, Sleep mode
1123:Drivers/STM32F0xx_HAL_Driver/Src/stm32f0xx_hal_can.c ****   *         is exited.
1124:Drivers/STM32F0xx_HAL_Driver/Src/stm32f0xx_hal_can.c ****   * @param  hcan pointer to a CAN_HandleTypeDef structure that contains
1125:Drivers/STM32F0xx_HAL_Driver/Src/stm32f0xx_hal_can.c ****   *         the configuration information for the specified CAN.
1126:Drivers/STM32F0xx_HAL_Driver/Src/stm32f0xx_hal_can.c ****   * @retval HAL status.
1127:Drivers/STM32F0xx_HAL_Driver/Src/stm32f0xx_hal_can.c ****   */
1128:Drivers/STM32F0xx_HAL_Driver/Src/stm32f0xx_hal_can.c **** HAL_StatusTypeDef HAL_CAN_WakeUp(CAN_HandleTypeDef *hcan)
1129:Drivers/STM32F0xx_HAL_Driver/Src/stm32f0xx_hal_can.c **** {
 1032              		.loc 1 1129 1 is_stmt 1 view -0
 1033              		.cfi_startproc
ARM GAS  /tmp/ccxePDI1.s 			page 43


 1034              		@ args = 0, pretend = 0, frame = 8
 1035              		@ frame_needed = 0, uses_anonymous_args = 0
 1036              		@ link register save eliminated.
 1037              		.loc 1 1129 1 is_stmt 0 view .LVU312
 1038 0000 82B0     		sub	sp, sp, #8
 1039              	.LCFI5:
 1040              		.cfi_def_cfa_offset 8
1130:Drivers/STM32F0xx_HAL_Driver/Src/stm32f0xx_hal_can.c ****   __IO uint32_t count = 0;
 1041              		.loc 1 1130 3 is_stmt 1 view .LVU313
 1042              		.loc 1 1130 17 is_stmt 0 view .LVU314
 1043 0002 0023     		movs	r3, #0
 1044 0004 0193     		str	r3, [sp, #4]
1131:Drivers/STM32F0xx_HAL_Driver/Src/stm32f0xx_hal_can.c ****   HAL_CAN_StateTypeDef state = hcan->State;
 1045              		.loc 1 1131 3 is_stmt 1 view .LVU315
 1046              		.loc 1 1131 24 is_stmt 0 view .LVU316
 1047 0006 2033     		adds	r3, r3, #32
 1048 0008 C35C     		ldrb	r3, [r0, r3]
 1049              	.LVL60:
1132:Drivers/STM32F0xx_HAL_Driver/Src/stm32f0xx_hal_can.c **** 
1133:Drivers/STM32F0xx_HAL_Driver/Src/stm32f0xx_hal_can.c ****   if ((state == HAL_CAN_STATE_READY) ||
 1050              		.loc 1 1133 3 is_stmt 1 view .LVU317
 1051              		.loc 1 1133 38 is_stmt 0 view .LVU318
 1052 000a 013B     		subs	r3, r3, #1
 1053              	.LVL61:
 1054              		.loc 1 1133 38 view .LVU319
 1055 000c DBB2     		uxtb	r3, r3
 1056              	.LVL62:
 1057              		.loc 1 1133 6 view .LVU320
 1058 000e 012B     		cmp	r3, #1
 1059 0010 18D8     		bhi	.L67
1134:Drivers/STM32F0xx_HAL_Driver/Src/stm32f0xx_hal_can.c ****       (state == HAL_CAN_STATE_LISTENING))
1135:Drivers/STM32F0xx_HAL_Driver/Src/stm32f0xx_hal_can.c ****   {
1136:Drivers/STM32F0xx_HAL_Driver/Src/stm32f0xx_hal_can.c ****     /* Wake up request */
1137:Drivers/STM32F0xx_HAL_Driver/Src/stm32f0xx_hal_can.c ****     CLEAR_BIT(hcan->Instance->MCR, CAN_MCR_SLEEP);
 1060              		.loc 1 1137 5 is_stmt 1 view .LVU321
 1061 0012 0268     		ldr	r2, [r0]
 1062 0014 1368     		ldr	r3, [r2]
 1063 0016 0221     		movs	r1, #2
 1064 0018 8B43     		bics	r3, r1
 1065 001a 1360     		str	r3, [r2]
 1066              	.L70:
1138:Drivers/STM32F0xx_HAL_Driver/Src/stm32f0xx_hal_can.c **** 
1139:Drivers/STM32F0xx_HAL_Driver/Src/stm32f0xx_hal_can.c ****     /* Wait sleep mode is exited */
1140:Drivers/STM32F0xx_HAL_Driver/Src/stm32f0xx_hal_can.c ****     do
 1067              		.loc 1 1140 5 view .LVU322
1141:Drivers/STM32F0xx_HAL_Driver/Src/stm32f0xx_hal_can.c ****     {
1142:Drivers/STM32F0xx_HAL_Driver/Src/stm32f0xx_hal_can.c ****       /* Increment counter */
1143:Drivers/STM32F0xx_HAL_Driver/Src/stm32f0xx_hal_can.c ****       count++;
 1068              		.loc 1 1143 7 view .LVU323
 1069              		.loc 1 1143 12 is_stmt 0 view .LVU324
 1070 001c 019B     		ldr	r3, [sp, #4]
 1071 001e 0133     		adds	r3, r3, #1
 1072 0020 0193     		str	r3, [sp, #4]
1144:Drivers/STM32F0xx_HAL_Driver/Src/stm32f0xx_hal_can.c **** 
1145:Drivers/STM32F0xx_HAL_Driver/Src/stm32f0xx_hal_can.c ****       /* Check if timeout is reached */
1146:Drivers/STM32F0xx_HAL_Driver/Src/stm32f0xx_hal_can.c ****       if (count > CAN_WAKEUP_TIMEOUT_COUNTER)
 1073              		.loc 1 1146 7 is_stmt 1 view .LVU325
ARM GAS  /tmp/ccxePDI1.s 			page 44


 1074              		.loc 1 1146 17 is_stmt 0 view .LVU326
 1075 0022 019A     		ldr	r2, [sp, #4]
 1076              		.loc 1 1146 10 view .LVU327
 1077 0024 0B4B     		ldr	r3, .L73
 1078 0026 9A42     		cmp	r2, r3
 1079 0028 05D8     		bhi	.L72
1147:Drivers/STM32F0xx_HAL_Driver/Src/stm32f0xx_hal_can.c ****       {
1148:Drivers/STM32F0xx_HAL_Driver/Src/stm32f0xx_hal_can.c ****         /* Update error code */
1149:Drivers/STM32F0xx_HAL_Driver/Src/stm32f0xx_hal_can.c ****         hcan->ErrorCode |= HAL_CAN_ERROR_TIMEOUT;
1150:Drivers/STM32F0xx_HAL_Driver/Src/stm32f0xx_hal_can.c **** 
1151:Drivers/STM32F0xx_HAL_Driver/Src/stm32f0xx_hal_can.c ****         return HAL_ERROR;
1152:Drivers/STM32F0xx_HAL_Driver/Src/stm32f0xx_hal_can.c ****       }
1153:Drivers/STM32F0xx_HAL_Driver/Src/stm32f0xx_hal_can.c ****     } while ((hcan->Instance->MSR & CAN_MSR_SLAK) != 0U);
 1080              		.loc 1 1153 51 is_stmt 1 view .LVU328
 1081              		.loc 1 1153 19 is_stmt 0 view .LVU329
 1082 002a 0368     		ldr	r3, [r0]
 1083              		.loc 1 1153 29 view .LVU330
 1084 002c 5B68     		ldr	r3, [r3, #4]
 1085              		.loc 1 1153 51 view .LVU331
 1086 002e 9B07     		lsls	r3, r3, #30
 1087 0030 F4D4     		bmi	.L70
1154:Drivers/STM32F0xx_HAL_Driver/Src/stm32f0xx_hal_can.c **** 
1155:Drivers/STM32F0xx_HAL_Driver/Src/stm32f0xx_hal_can.c ****     /* Return function status */
1156:Drivers/STM32F0xx_HAL_Driver/Src/stm32f0xx_hal_can.c ****     return HAL_OK;
 1088              		.loc 1 1156 12 view .LVU332
 1089 0032 0020     		movs	r0, #0
 1090              	.LVL63:
 1091              		.loc 1 1156 12 view .LVU333
 1092 0034 0CE0     		b	.L69
 1093              	.LVL64:
 1094              	.L72:
1149:Drivers/STM32F0xx_HAL_Driver/Src/stm32f0xx_hal_can.c **** 
 1095              		.loc 1 1149 9 is_stmt 1 view .LVU334
1149:Drivers/STM32F0xx_HAL_Driver/Src/stm32f0xx_hal_can.c **** 
 1096              		.loc 1 1149 13 is_stmt 0 view .LVU335
 1097 0036 426A     		ldr	r2, [r0, #36]
1149:Drivers/STM32F0xx_HAL_Driver/Src/stm32f0xx_hal_can.c **** 
 1098              		.loc 1 1149 25 view .LVU336
 1099 0038 8023     		movs	r3, #128
 1100 003a 9B02     		lsls	r3, r3, #10
 1101 003c 1343     		orrs	r3, r2
 1102 003e 4362     		str	r3, [r0, #36]
1151:Drivers/STM32F0xx_HAL_Driver/Src/stm32f0xx_hal_can.c ****       }
 1103              		.loc 1 1151 9 is_stmt 1 view .LVU337
1151:Drivers/STM32F0xx_HAL_Driver/Src/stm32f0xx_hal_can.c ****       }
 1104              		.loc 1 1151 16 is_stmt 0 view .LVU338
 1105 0040 0120     		movs	r0, #1
 1106              	.LVL65:
1151:Drivers/STM32F0xx_HAL_Driver/Src/stm32f0xx_hal_can.c ****       }
 1107              		.loc 1 1151 16 view .LVU339
 1108 0042 05E0     		b	.L69
 1109              	.LVL66:
 1110              	.L67:
1157:Drivers/STM32F0xx_HAL_Driver/Src/stm32f0xx_hal_can.c ****   }
1158:Drivers/STM32F0xx_HAL_Driver/Src/stm32f0xx_hal_can.c ****   else
1159:Drivers/STM32F0xx_HAL_Driver/Src/stm32f0xx_hal_can.c ****   {
1160:Drivers/STM32F0xx_HAL_Driver/Src/stm32f0xx_hal_can.c ****     /* Update error code */
ARM GAS  /tmp/ccxePDI1.s 			page 45


1161:Drivers/STM32F0xx_HAL_Driver/Src/stm32f0xx_hal_can.c ****     hcan->ErrorCode |= HAL_CAN_ERROR_NOT_INITIALIZED;
 1111              		.loc 1 1161 5 is_stmt 1 view .LVU340
 1112              		.loc 1 1161 9 is_stmt 0 view .LVU341
 1113 0044 426A     		ldr	r2, [r0, #36]
 1114              		.loc 1 1161 21 view .LVU342
 1115 0046 8023     		movs	r3, #128
 1116 0048 DB02     		lsls	r3, r3, #11
 1117 004a 1343     		orrs	r3, r2
 1118 004c 4362     		str	r3, [r0, #36]
1162:Drivers/STM32F0xx_HAL_Driver/Src/stm32f0xx_hal_can.c **** 
1163:Drivers/STM32F0xx_HAL_Driver/Src/stm32f0xx_hal_can.c ****     return HAL_ERROR;
 1119              		.loc 1 1163 5 is_stmt 1 view .LVU343
 1120              		.loc 1 1163 12 is_stmt 0 view .LVU344
 1121 004e 0120     		movs	r0, #1
 1122              	.LVL67:
 1123              	.L69:
1164:Drivers/STM32F0xx_HAL_Driver/Src/stm32f0xx_hal_can.c ****   }
1165:Drivers/STM32F0xx_HAL_Driver/Src/stm32f0xx_hal_can.c **** }
 1124              		.loc 1 1165 1 view .LVU345
 1125 0050 02B0     		add	sp, sp, #8
 1126              		@ sp needed
 1127 0052 7047     		bx	lr
 1128              	.L74:
 1129              		.align	2
 1130              	.L73:
 1131 0054 40420F00 		.word	1000000
 1132              		.cfi_endproc
 1133              	.LFE48:
 1135              		.section	.text.HAL_CAN_IsSleepActive,"ax",%progbits
 1136              		.align	1
 1137              		.global	HAL_CAN_IsSleepActive
 1138              		.syntax unified
 1139              		.code	16
 1140              		.thumb_func
 1142              	HAL_CAN_IsSleepActive:
 1143              	.LVL68:
 1144              	.LFB49:
1166:Drivers/STM32F0xx_HAL_Driver/Src/stm32f0xx_hal_can.c **** 
1167:Drivers/STM32F0xx_HAL_Driver/Src/stm32f0xx_hal_can.c **** /**
1168:Drivers/STM32F0xx_HAL_Driver/Src/stm32f0xx_hal_can.c ****   * @brief  Check is sleep mode is active.
1169:Drivers/STM32F0xx_HAL_Driver/Src/stm32f0xx_hal_can.c ****   * @param  hcan pointer to a CAN_HandleTypeDef structure that contains
1170:Drivers/STM32F0xx_HAL_Driver/Src/stm32f0xx_hal_can.c ****   *         the configuration information for the specified CAN.
1171:Drivers/STM32F0xx_HAL_Driver/Src/stm32f0xx_hal_can.c ****   * @retval Status
1172:Drivers/STM32F0xx_HAL_Driver/Src/stm32f0xx_hal_can.c ****   *          - 0 : Sleep mode is not active.
1173:Drivers/STM32F0xx_HAL_Driver/Src/stm32f0xx_hal_can.c ****   *          - 1 : Sleep mode is active.
1174:Drivers/STM32F0xx_HAL_Driver/Src/stm32f0xx_hal_can.c ****   */
1175:Drivers/STM32F0xx_HAL_Driver/Src/stm32f0xx_hal_can.c **** uint32_t HAL_CAN_IsSleepActive(const CAN_HandleTypeDef *hcan)
1176:Drivers/STM32F0xx_HAL_Driver/Src/stm32f0xx_hal_can.c **** {
 1145              		.loc 1 1176 1 is_stmt 1 view -0
 1146              		.cfi_startproc
 1147              		@ args = 0, pretend = 0, frame = 0
 1148              		@ frame_needed = 0, uses_anonymous_args = 0
 1149              		@ link register save eliminated.
1177:Drivers/STM32F0xx_HAL_Driver/Src/stm32f0xx_hal_can.c ****   uint32_t status = 0U;
 1150              		.loc 1 1177 3 view .LVU347
1178:Drivers/STM32F0xx_HAL_Driver/Src/stm32f0xx_hal_can.c ****   HAL_CAN_StateTypeDef state = hcan->State;
 1151              		.loc 1 1178 3 view .LVU348
ARM GAS  /tmp/ccxePDI1.s 			page 46


 1152              		.loc 1 1178 24 is_stmt 0 view .LVU349
 1153 0000 2023     		movs	r3, #32
 1154 0002 C35C     		ldrb	r3, [r0, r3]
 1155              	.LVL69:
1179:Drivers/STM32F0xx_HAL_Driver/Src/stm32f0xx_hal_can.c **** 
1180:Drivers/STM32F0xx_HAL_Driver/Src/stm32f0xx_hal_can.c ****   if ((state == HAL_CAN_STATE_READY) ||
 1156              		.loc 1 1180 3 is_stmt 1 view .LVU350
 1157              		.loc 1 1180 38 is_stmt 0 view .LVU351
 1158 0004 013B     		subs	r3, r3, #1
 1159              	.LVL70:
 1160              		.loc 1 1180 38 view .LVU352
 1161 0006 DBB2     		uxtb	r3, r3
 1162              	.LVL71:
 1163              		.loc 1 1180 6 view .LVU353
 1164 0008 012B     		cmp	r3, #1
 1165 000a 01D9     		bls	.L79
1177:Drivers/STM32F0xx_HAL_Driver/Src/stm32f0xx_hal_can.c ****   HAL_CAN_StateTypeDef state = hcan->State;
 1166              		.loc 1 1177 12 view .LVU354
 1167 000c 0020     		movs	r0, #0
 1168              	.LVL72:
 1169              	.L75:
1181:Drivers/STM32F0xx_HAL_Driver/Src/stm32f0xx_hal_can.c ****       (state == HAL_CAN_STATE_LISTENING))
1182:Drivers/STM32F0xx_HAL_Driver/Src/stm32f0xx_hal_can.c ****   {
1183:Drivers/STM32F0xx_HAL_Driver/Src/stm32f0xx_hal_can.c ****     /* Check Sleep mode */
1184:Drivers/STM32F0xx_HAL_Driver/Src/stm32f0xx_hal_can.c ****     if ((hcan->Instance->MSR & CAN_MSR_SLAK) != 0U)
1185:Drivers/STM32F0xx_HAL_Driver/Src/stm32f0xx_hal_can.c ****     {
1186:Drivers/STM32F0xx_HAL_Driver/Src/stm32f0xx_hal_can.c ****       status = 1U;
1187:Drivers/STM32F0xx_HAL_Driver/Src/stm32f0xx_hal_can.c ****     }
1188:Drivers/STM32F0xx_HAL_Driver/Src/stm32f0xx_hal_can.c ****   }
1189:Drivers/STM32F0xx_HAL_Driver/Src/stm32f0xx_hal_can.c **** 
1190:Drivers/STM32F0xx_HAL_Driver/Src/stm32f0xx_hal_can.c ****   /* Return function status */
1191:Drivers/STM32F0xx_HAL_Driver/Src/stm32f0xx_hal_can.c ****   return status;
1192:Drivers/STM32F0xx_HAL_Driver/Src/stm32f0xx_hal_can.c **** }
 1170              		.loc 1 1192 1 view .LVU355
 1171              		@ sp needed
 1172 000e 7047     		bx	lr
 1173              	.LVL73:
 1174              	.L79:
1184:Drivers/STM32F0xx_HAL_Driver/Src/stm32f0xx_hal_can.c ****     {
 1175              		.loc 1 1184 5 is_stmt 1 view .LVU356
1184:Drivers/STM32F0xx_HAL_Driver/Src/stm32f0xx_hal_can.c ****     {
 1176              		.loc 1 1184 14 is_stmt 0 view .LVU357
 1177 0010 0368     		ldr	r3, [r0]
1184:Drivers/STM32F0xx_HAL_Driver/Src/stm32f0xx_hal_can.c ****     {
 1178              		.loc 1 1184 24 view .LVU358
 1179 0012 5B68     		ldr	r3, [r3, #4]
1184:Drivers/STM32F0xx_HAL_Driver/Src/stm32f0xx_hal_can.c ****     {
 1180              		.loc 1 1184 30 view .LVU359
 1181 0014 0222     		movs	r2, #2
 1182 0016 1000     		movs	r0, r2
 1183              	.LVL74:
1184:Drivers/STM32F0xx_HAL_Driver/Src/stm32f0xx_hal_can.c ****     {
 1184              		.loc 1 1184 30 view .LVU360
 1185 0018 1840     		ands	r0, r3
1184:Drivers/STM32F0xx_HAL_Driver/Src/stm32f0xx_hal_can.c ****     {
 1186              		.loc 1 1184 8 view .LVU361
 1187 001a 1A42     		tst	r2, r3
ARM GAS  /tmp/ccxePDI1.s 			page 47


 1188 001c F7D0     		beq	.L75
1186:Drivers/STM32F0xx_HAL_Driver/Src/stm32f0xx_hal_can.c ****     }
 1189              		.loc 1 1186 14 view .LVU362
 1190 001e 0120     		movs	r0, #1
 1191              	.LVL75:
1191:Drivers/STM32F0xx_HAL_Driver/Src/stm32f0xx_hal_can.c **** }
 1192              		.loc 1 1191 3 is_stmt 1 view .LVU363
1191:Drivers/STM32F0xx_HAL_Driver/Src/stm32f0xx_hal_can.c **** }
 1193              		.loc 1 1191 10 is_stmt 0 view .LVU364
 1194 0020 F5E7     		b	.L75
 1195              		.cfi_endproc
 1196              	.LFE49:
 1198              		.section	.text.HAL_CAN_AddTxMessage,"ax",%progbits
 1199              		.align	1
 1200              		.global	HAL_CAN_AddTxMessage
 1201              		.syntax unified
 1202              		.code	16
 1203              		.thumb_func
 1205              	HAL_CAN_AddTxMessage:
 1206              	.LVL76:
 1207              	.LFB50:
1193:Drivers/STM32F0xx_HAL_Driver/Src/stm32f0xx_hal_can.c **** 
1194:Drivers/STM32F0xx_HAL_Driver/Src/stm32f0xx_hal_can.c **** /**
1195:Drivers/STM32F0xx_HAL_Driver/Src/stm32f0xx_hal_can.c ****   * @brief  Add a message to the first free Tx mailbox and activate the
1196:Drivers/STM32F0xx_HAL_Driver/Src/stm32f0xx_hal_can.c ****   *         corresponding transmission request.
1197:Drivers/STM32F0xx_HAL_Driver/Src/stm32f0xx_hal_can.c ****   * @param  hcan pointer to a CAN_HandleTypeDef structure that contains
1198:Drivers/STM32F0xx_HAL_Driver/Src/stm32f0xx_hal_can.c ****   *         the configuration information for the specified CAN.
1199:Drivers/STM32F0xx_HAL_Driver/Src/stm32f0xx_hal_can.c ****   * @param  pHeader pointer to a CAN_TxHeaderTypeDef structure.
1200:Drivers/STM32F0xx_HAL_Driver/Src/stm32f0xx_hal_can.c ****   * @param  aData array containing the payload of the Tx frame.
1201:Drivers/STM32F0xx_HAL_Driver/Src/stm32f0xx_hal_can.c ****   * @param  pTxMailbox pointer to a variable where the function will return
1202:Drivers/STM32F0xx_HAL_Driver/Src/stm32f0xx_hal_can.c ****   *         the TxMailbox used to store the Tx message.
1203:Drivers/STM32F0xx_HAL_Driver/Src/stm32f0xx_hal_can.c ****   *         This parameter can be a value of @arg CAN_Tx_Mailboxes.
1204:Drivers/STM32F0xx_HAL_Driver/Src/stm32f0xx_hal_can.c ****   * @retval HAL status
1205:Drivers/STM32F0xx_HAL_Driver/Src/stm32f0xx_hal_can.c ****   */
1206:Drivers/STM32F0xx_HAL_Driver/Src/stm32f0xx_hal_can.c **** HAL_StatusTypeDef HAL_CAN_AddTxMessage(CAN_HandleTypeDef *hcan, const CAN_TxHeaderTypeDef *pHeader,
1207:Drivers/STM32F0xx_HAL_Driver/Src/stm32f0xx_hal_can.c ****                                        const uint8_t aData[], uint32_t *pTxMailbox)
1208:Drivers/STM32F0xx_HAL_Driver/Src/stm32f0xx_hal_can.c **** {
 1208              		.loc 1 1208 1 is_stmt 1 view -0
 1209              		.cfi_startproc
 1210              		@ args = 0, pretend = 0, frame = 0
 1211              		@ frame_needed = 0, uses_anonymous_args = 0
 1212              		.loc 1 1208 1 is_stmt 0 view .LVU366
 1213 0000 70B5     		push	{r4, r5, r6, lr}
 1214              	.LCFI6:
 1215              		.cfi_def_cfa_offset 16
 1216              		.cfi_offset 4, -16
 1217              		.cfi_offset 5, -12
 1218              		.cfi_offset 6, -8
 1219              		.cfi_offset 14, -4
1209:Drivers/STM32F0xx_HAL_Driver/Src/stm32f0xx_hal_can.c ****   uint32_t transmitmailbox;
 1220              		.loc 1 1209 3 is_stmt 1 view .LVU367
1210:Drivers/STM32F0xx_HAL_Driver/Src/stm32f0xx_hal_can.c ****   HAL_CAN_StateTypeDef state = hcan->State;
 1221              		.loc 1 1210 3 view .LVU368
 1222              		.loc 1 1210 24 is_stmt 0 view .LVU369
 1223 0002 2024     		movs	r4, #32
 1224 0004 045D     		ldrb	r4, [r0, r4]
 1225              	.LVL77:
ARM GAS  /tmp/ccxePDI1.s 			page 48


1211:Drivers/STM32F0xx_HAL_Driver/Src/stm32f0xx_hal_can.c ****   uint32_t tsr = READ_REG(hcan->Instance->TSR);
 1226              		.loc 1 1211 3 is_stmt 1 view .LVU370
 1227              		.loc 1 1211 18 is_stmt 0 view .LVU371
 1228 0006 0568     		ldr	r5, [r0]
 1229              		.loc 1 1211 12 view .LVU372
 1230 0008 AD68     		ldr	r5, [r5, #8]
 1231              	.LVL78:
1212:Drivers/STM32F0xx_HAL_Driver/Src/stm32f0xx_hal_can.c **** 
1213:Drivers/STM32F0xx_HAL_Driver/Src/stm32f0xx_hal_can.c ****   /* Check the parameters */
1214:Drivers/STM32F0xx_HAL_Driver/Src/stm32f0xx_hal_can.c ****   assert_param(IS_CAN_IDTYPE(pHeader->IDE));
 1232              		.loc 1 1214 3 is_stmt 1 view .LVU373
1215:Drivers/STM32F0xx_HAL_Driver/Src/stm32f0xx_hal_can.c ****   assert_param(IS_CAN_RTR(pHeader->RTR));
 1233              		.loc 1 1215 3 view .LVU374
1216:Drivers/STM32F0xx_HAL_Driver/Src/stm32f0xx_hal_can.c ****   assert_param(IS_CAN_DLC(pHeader->DLC));
 1234              		.loc 1 1216 3 view .LVU375
1217:Drivers/STM32F0xx_HAL_Driver/Src/stm32f0xx_hal_can.c ****   if (pHeader->IDE == CAN_ID_STD)
 1235              		.loc 1 1217 3 view .LVU376
1218:Drivers/STM32F0xx_HAL_Driver/Src/stm32f0xx_hal_can.c ****   {
1219:Drivers/STM32F0xx_HAL_Driver/Src/stm32f0xx_hal_can.c ****     assert_param(IS_CAN_STDID(pHeader->StdId));
 1236              		.loc 1 1219 5 view .LVU377
1220:Drivers/STM32F0xx_HAL_Driver/Src/stm32f0xx_hal_can.c ****   }
1221:Drivers/STM32F0xx_HAL_Driver/Src/stm32f0xx_hal_can.c ****   else
1222:Drivers/STM32F0xx_HAL_Driver/Src/stm32f0xx_hal_can.c ****   {
1223:Drivers/STM32F0xx_HAL_Driver/Src/stm32f0xx_hal_can.c ****     assert_param(IS_CAN_EXTID(pHeader->ExtId));
 1237              		.loc 1 1223 5 view .LVU378
1224:Drivers/STM32F0xx_HAL_Driver/Src/stm32f0xx_hal_can.c ****   }
1225:Drivers/STM32F0xx_HAL_Driver/Src/stm32f0xx_hal_can.c ****   assert_param(IS_FUNCTIONAL_STATE(pHeader->TransmitGlobalTime));
 1238              		.loc 1 1225 3 view .LVU379
1226:Drivers/STM32F0xx_HAL_Driver/Src/stm32f0xx_hal_can.c **** 
1227:Drivers/STM32F0xx_HAL_Driver/Src/stm32f0xx_hal_can.c ****   if ((state == HAL_CAN_STATE_READY) ||
 1239              		.loc 1 1227 3 view .LVU380
 1240              		.loc 1 1227 38 is_stmt 0 view .LVU381
 1241 000a 013C     		subs	r4, r4, #1
 1242              	.LVL79:
 1243              		.loc 1 1227 38 view .LVU382
 1244 000c E4B2     		uxtb	r4, r4
 1245              	.LVL80:
 1246              		.loc 1 1227 6 view .LVU383
 1247 000e 012C     		cmp	r4, #1
 1248 0010 61D8     		bhi	.L81
1228:Drivers/STM32F0xx_HAL_Driver/Src/stm32f0xx_hal_can.c ****       (state == HAL_CAN_STATE_LISTENING))
1229:Drivers/STM32F0xx_HAL_Driver/Src/stm32f0xx_hal_can.c ****   {
1230:Drivers/STM32F0xx_HAL_Driver/Src/stm32f0xx_hal_can.c ****     /* Check that all the Tx mailboxes are not full */
1231:Drivers/STM32F0xx_HAL_Driver/Src/stm32f0xx_hal_can.c ****     if (((tsr & CAN_TSR_TME0) != 0U) ||
 1249              		.loc 1 1231 5 is_stmt 1 view .LVU384
1232:Drivers/STM32F0xx_HAL_Driver/Src/stm32f0xx_hal_can.c ****         ((tsr & CAN_TSR_TME1) != 0U) ||
 1250              		.loc 1 1232 38 is_stmt 0 view .LVU385
 1251 0012 E024     		movs	r4, #224
 1252 0014 6405     		lsls	r4, r4, #21
1231:Drivers/STM32F0xx_HAL_Driver/Src/stm32f0xx_hal_can.c ****         ((tsr & CAN_TSR_TME1) != 0U) ||
 1253              		.loc 1 1231 8 view .LVU386
 1254 0016 2542     		tst	r5, r4
 1255 0018 56D0     		beq	.L82
1233:Drivers/STM32F0xx_HAL_Driver/Src/stm32f0xx_hal_can.c ****         ((tsr & CAN_TSR_TME2) != 0U))
1234:Drivers/STM32F0xx_HAL_Driver/Src/stm32f0xx_hal_can.c ****     {
1235:Drivers/STM32F0xx_HAL_Driver/Src/stm32f0xx_hal_can.c ****       /* Select an empty transmit mailbox */
1236:Drivers/STM32F0xx_HAL_Driver/Src/stm32f0xx_hal_can.c ****       transmitmailbox = (tsr & CAN_TSR_CODE) >> CAN_TSR_CODE_Pos;
ARM GAS  /tmp/ccxePDI1.s 			page 49


 1256              		.loc 1 1236 7 is_stmt 1 view .LVU387
 1257              		.loc 1 1236 46 is_stmt 0 view .LVU388
 1258 001a 2D0E     		lsrs	r5, r5, #24
 1259              	.LVL81:
 1260              		.loc 1 1236 23 view .LVU389
 1261 001c 0324     		movs	r4, #3
 1262 001e 2C40     		ands	r4, r5
 1263              	.LVL82:
1237:Drivers/STM32F0xx_HAL_Driver/Src/stm32f0xx_hal_can.c **** 
1238:Drivers/STM32F0xx_HAL_Driver/Src/stm32f0xx_hal_can.c ****       /* Store the Tx mailbox */
1239:Drivers/STM32F0xx_HAL_Driver/Src/stm32f0xx_hal_can.c ****       *pTxMailbox = (uint32_t)1 << transmitmailbox;
 1264              		.loc 1 1239 7 is_stmt 1 view .LVU390
 1265              		.loc 1 1239 33 is_stmt 0 view .LVU391
 1266 0020 0125     		movs	r5, #1
 1267 0022 A540     		lsls	r5, r5, r4
 1268              		.loc 1 1239 19 view .LVU392
 1269 0024 1D60     		str	r5, [r3]
1240:Drivers/STM32F0xx_HAL_Driver/Src/stm32f0xx_hal_can.c **** 
1241:Drivers/STM32F0xx_HAL_Driver/Src/stm32f0xx_hal_can.c ****       /* Set up the Id */
1242:Drivers/STM32F0xx_HAL_Driver/Src/stm32f0xx_hal_can.c ****       if (pHeader->IDE == CAN_ID_STD)
 1270              		.loc 1 1242 7 is_stmt 1 view .LVU393
 1271              		.loc 1 1242 18 is_stmt 0 view .LVU394
 1272 0026 8B68     		ldr	r3, [r1, #8]
 1273              	.LVL83:
 1274              		.loc 1 1242 10 view .LVU395
 1275 0028 002B     		cmp	r3, #0
 1276 002a 3AD1     		bne	.L83
1243:Drivers/STM32F0xx_HAL_Driver/Src/stm32f0xx_hal_can.c ****       {
1244:Drivers/STM32F0xx_HAL_Driver/Src/stm32f0xx_hal_can.c ****         hcan->Instance->sTxMailBox[transmitmailbox].TIR = ((pHeader->StdId << CAN_TI0R_STID_Pos) |
 1277              		.loc 1 1244 9 is_stmt 1 view .LVU396
 1278              		.loc 1 1244 68 is_stmt 0 view .LVU397
 1279 002c 0B68     		ldr	r3, [r1]
 1280              		.loc 1 1244 76 view .LVU398
 1281 002e 5B05     		lsls	r3, r3, #21
1245:Drivers/STM32F0xx_HAL_Driver/Src/stm32f0xx_hal_can.c ****                                                            pHeader->RTR);
 1282              		.loc 1 1245 67 view .LVU399
 1283 0030 CD68     		ldr	r5, [r1, #12]
1244:Drivers/STM32F0xx_HAL_Driver/Src/stm32f0xx_hal_can.c ****                                                            pHeader->RTR);
 1284              		.loc 1 1244 13 view .LVU400
 1285 0032 0668     		ldr	r6, [r0]
1244:Drivers/STM32F0xx_HAL_Driver/Src/stm32f0xx_hal_can.c ****                                                            pHeader->RTR);
 1286              		.loc 1 1244 98 view .LVU401
 1287 0034 2B43     		orrs	r3, r5
1244:Drivers/STM32F0xx_HAL_Driver/Src/stm32f0xx_hal_can.c ****                                                            pHeader->RTR);
 1288              		.loc 1 1244 57 view .LVU402
 1289 0036 2500     		movs	r5, r4
 1290 0038 1835     		adds	r5, r5, #24
 1291 003a 2D01     		lsls	r5, r5, #4
 1292 003c AB51     		str	r3, [r5, r6]
 1293              	.L84:
1246:Drivers/STM32F0xx_HAL_Driver/Src/stm32f0xx_hal_can.c ****       }
1247:Drivers/STM32F0xx_HAL_Driver/Src/stm32f0xx_hal_can.c ****       else
1248:Drivers/STM32F0xx_HAL_Driver/Src/stm32f0xx_hal_can.c ****       {
1249:Drivers/STM32F0xx_HAL_Driver/Src/stm32f0xx_hal_can.c ****         hcan->Instance->sTxMailBox[transmitmailbox].TIR = ((pHeader->ExtId << CAN_TI0R_EXID_Pos) |
1250:Drivers/STM32F0xx_HAL_Driver/Src/stm32f0xx_hal_can.c ****                                                            pHeader->IDE |
1251:Drivers/STM32F0xx_HAL_Driver/Src/stm32f0xx_hal_can.c ****                                                            pHeader->RTR);
1252:Drivers/STM32F0xx_HAL_Driver/Src/stm32f0xx_hal_can.c ****       }
ARM GAS  /tmp/ccxePDI1.s 			page 50


1253:Drivers/STM32F0xx_HAL_Driver/Src/stm32f0xx_hal_can.c **** 
1254:Drivers/STM32F0xx_HAL_Driver/Src/stm32f0xx_hal_can.c ****       /* Set up the DLC */
1255:Drivers/STM32F0xx_HAL_Driver/Src/stm32f0xx_hal_can.c ****       hcan->Instance->sTxMailBox[transmitmailbox].TDTR = (pHeader->DLC);
 1294              		.loc 1 1255 7 is_stmt 1 view .LVU403
 1295              		.loc 1 1255 11 is_stmt 0 view .LVU404
 1296 003e 0368     		ldr	r3, [r0]
 1297              		.loc 1 1255 66 view .LVU405
 1298 0040 0E69     		ldr	r6, [r1, #16]
 1299              		.loc 1 1255 56 view .LVU406
 1300 0042 2500     		movs	r5, r4
 1301 0044 1835     		adds	r5, r5, #24
 1302 0046 2D01     		lsls	r5, r5, #4
 1303 0048 5B19     		adds	r3, r3, r5
 1304 004a 5E60     		str	r6, [r3, #4]
1256:Drivers/STM32F0xx_HAL_Driver/Src/stm32f0xx_hal_can.c **** 
1257:Drivers/STM32F0xx_HAL_Driver/Src/stm32f0xx_hal_can.c ****       /* Set up the Transmit Global Time mode */
1258:Drivers/STM32F0xx_HAL_Driver/Src/stm32f0xx_hal_can.c ****       if (pHeader->TransmitGlobalTime == ENABLE)
 1305              		.loc 1 1258 7 is_stmt 1 view .LVU407
 1306              		.loc 1 1258 18 is_stmt 0 view .LVU408
 1307 004c 0B7D     		ldrb	r3, [r1, #20]
 1308              		.loc 1 1258 10 view .LVU409
 1309 004e 012B     		cmp	r3, #1
 1310 0050 32D0     		beq	.L87
 1311              	.LVL84:
 1312              	.L85:
1259:Drivers/STM32F0xx_HAL_Driver/Src/stm32f0xx_hal_can.c ****       {
1260:Drivers/STM32F0xx_HAL_Driver/Src/stm32f0xx_hal_can.c ****         SET_BIT(hcan->Instance->sTxMailBox[transmitmailbox].TDTR, CAN_TDT0R_TGT);
1261:Drivers/STM32F0xx_HAL_Driver/Src/stm32f0xx_hal_can.c ****       }
1262:Drivers/STM32F0xx_HAL_Driver/Src/stm32f0xx_hal_can.c **** 
1263:Drivers/STM32F0xx_HAL_Driver/Src/stm32f0xx_hal_can.c ****       /* Set up the data field */
1264:Drivers/STM32F0xx_HAL_Driver/Src/stm32f0xx_hal_can.c ****       WRITE_REG(hcan->Instance->sTxMailBox[transmitmailbox].TDHR,
 1313              		.loc 1 1264 7 is_stmt 1 view .LVU410
 1314 0052 D379     		ldrb	r3, [r2, #7]
 1315 0054 1B06     		lsls	r3, r3, #24
 1316 0056 9179     		ldrb	r1, [r2, #6]
 1317 0058 0904     		lsls	r1, r1, #16
 1318 005a 0B43     		orrs	r3, r1
 1319 005c 5179     		ldrb	r1, [r2, #5]
 1320 005e 0902     		lsls	r1, r1, #8
 1321 0060 0B43     		orrs	r3, r1
 1322 0062 1579     		ldrb	r5, [r2, #4]
 1323 0064 0168     		ldr	r1, [r0]
 1324 0066 2B43     		orrs	r3, r5
 1325 0068 2501     		lsls	r5, r4, #4
 1326 006a 4919     		adds	r1, r1, r5
 1327 006c 8D31     		adds	r1, r1, #141
 1328 006e FF31     		adds	r1, r1, #255
 1329 0070 0B60     		str	r3, [r1]
1265:Drivers/STM32F0xx_HAL_Driver/Src/stm32f0xx_hal_can.c ****                 ((uint32_t)aData[7] << CAN_TDH0R_DATA7_Pos) |
1266:Drivers/STM32F0xx_HAL_Driver/Src/stm32f0xx_hal_can.c ****                 ((uint32_t)aData[6] << CAN_TDH0R_DATA6_Pos) |
1267:Drivers/STM32F0xx_HAL_Driver/Src/stm32f0xx_hal_can.c ****                 ((uint32_t)aData[5] << CAN_TDH0R_DATA5_Pos) |
1268:Drivers/STM32F0xx_HAL_Driver/Src/stm32f0xx_hal_can.c ****                 ((uint32_t)aData[4] << CAN_TDH0R_DATA4_Pos));
1269:Drivers/STM32F0xx_HAL_Driver/Src/stm32f0xx_hal_can.c ****       WRITE_REG(hcan->Instance->sTxMailBox[transmitmailbox].TDLR,
 1330              		.loc 1 1269 7 view .LVU411
 1331 0072 D378     		ldrb	r3, [r2, #3]
 1332 0074 1B06     		lsls	r3, r3, #24
 1333 0076 9178     		ldrb	r1, [r2, #2]
ARM GAS  /tmp/ccxePDI1.s 			page 51


 1334 0078 0904     		lsls	r1, r1, #16
 1335 007a 0B43     		orrs	r3, r1
 1336 007c 5178     		ldrb	r1, [r2, #1]
 1337 007e 0902     		lsls	r1, r1, #8
 1338 0080 0B43     		orrs	r3, r1
 1339 0082 1178     		ldrb	r1, [r2]
 1340 0084 0268     		ldr	r2, [r0]
 1341              	.LVL85:
 1342              		.loc 1 1269 7 is_stmt 0 view .LVU412
 1343 0086 0B43     		orrs	r3, r1
 1344 0088 5219     		adds	r2, r2, r5
 1345 008a 8932     		adds	r2, r2, #137
 1346 008c FF32     		adds	r2, r2, #255
 1347 008e 1360     		str	r3, [r2]
1270:Drivers/STM32F0xx_HAL_Driver/Src/stm32f0xx_hal_can.c ****                 ((uint32_t)aData[3] << CAN_TDL0R_DATA3_Pos) |
1271:Drivers/STM32F0xx_HAL_Driver/Src/stm32f0xx_hal_can.c ****                 ((uint32_t)aData[2] << CAN_TDL0R_DATA2_Pos) |
1272:Drivers/STM32F0xx_HAL_Driver/Src/stm32f0xx_hal_can.c ****                 ((uint32_t)aData[1] << CAN_TDL0R_DATA1_Pos) |
1273:Drivers/STM32F0xx_HAL_Driver/Src/stm32f0xx_hal_can.c ****                 ((uint32_t)aData[0] << CAN_TDL0R_DATA0_Pos));
1274:Drivers/STM32F0xx_HAL_Driver/Src/stm32f0xx_hal_can.c **** 
1275:Drivers/STM32F0xx_HAL_Driver/Src/stm32f0xx_hal_can.c ****       /* Request transmission */
1276:Drivers/STM32F0xx_HAL_Driver/Src/stm32f0xx_hal_can.c ****       SET_BIT(hcan->Instance->sTxMailBox[transmitmailbox].TIR, CAN_TI0R_TXRQ);
 1348              		.loc 1 1276 7 is_stmt 1 view .LVU413
 1349 0090 0268     		ldr	r2, [r0]
 1350 0092 1834     		adds	r4, r4, #24
 1351              	.LVL86:
 1352              		.loc 1 1276 7 is_stmt 0 view .LVU414
 1353 0094 2401     		lsls	r4, r4, #4
 1354              	.LVL87:
 1355              		.loc 1 1276 7 view .LVU415
 1356 0096 A358     		ldr	r3, [r4, r2]
 1357 0098 0121     		movs	r1, #1
 1358 009a 0B43     		orrs	r3, r1
 1359 009c A350     		str	r3, [r4, r2]
1277:Drivers/STM32F0xx_HAL_Driver/Src/stm32f0xx_hal_can.c **** 
1278:Drivers/STM32F0xx_HAL_Driver/Src/stm32f0xx_hal_can.c ****       /* Return function status */
1279:Drivers/STM32F0xx_HAL_Driver/Src/stm32f0xx_hal_can.c ****       return HAL_OK;
 1360              		.loc 1 1279 7 is_stmt 1 view .LVU416
 1361              		.loc 1 1279 14 is_stmt 0 view .LVU417
 1362 009e 0020     		movs	r0, #0
 1363              	.LVL88:
 1364              		.loc 1 1279 14 view .LVU418
 1365 00a0 1FE0     		b	.L86
 1366              	.LVL89:
 1367              	.L83:
1249:Drivers/STM32F0xx_HAL_Driver/Src/stm32f0xx_hal_can.c ****                                                            pHeader->IDE |
 1368              		.loc 1 1249 9 is_stmt 1 view .LVU419
1249:Drivers/STM32F0xx_HAL_Driver/Src/stm32f0xx_hal_can.c ****                                                            pHeader->IDE |
 1369              		.loc 1 1249 68 is_stmt 0 view .LVU420
 1370 00a2 4D68     		ldr	r5, [r1, #4]
1249:Drivers/STM32F0xx_HAL_Driver/Src/stm32f0xx_hal_can.c ****                                                            pHeader->IDE |
 1371              		.loc 1 1249 76 view .LVU421
 1372 00a4 ED00     		lsls	r5, r5, #3
1249:Drivers/STM32F0xx_HAL_Driver/Src/stm32f0xx_hal_can.c ****                                                            pHeader->IDE |
 1373              		.loc 1 1249 98 view .LVU422
 1374 00a6 2B43     		orrs	r3, r5
1251:Drivers/STM32F0xx_HAL_Driver/Src/stm32f0xx_hal_can.c ****       }
 1375              		.loc 1 1251 67 view .LVU423
ARM GAS  /tmp/ccxePDI1.s 			page 52


 1376 00a8 CD68     		ldr	r5, [r1, #12]
1249:Drivers/STM32F0xx_HAL_Driver/Src/stm32f0xx_hal_can.c ****                                                            pHeader->IDE |
 1377              		.loc 1 1249 13 view .LVU424
 1378 00aa 0668     		ldr	r6, [r0]
1250:Drivers/STM32F0xx_HAL_Driver/Src/stm32f0xx_hal_can.c ****                                                            pHeader->RTR);
 1379              		.loc 1 1250 73 view .LVU425
 1380 00ac 2B43     		orrs	r3, r5
1249:Drivers/STM32F0xx_HAL_Driver/Src/stm32f0xx_hal_can.c ****                                                            pHeader->IDE |
 1381              		.loc 1 1249 57 view .LVU426
 1382 00ae 2500     		movs	r5, r4
 1383 00b0 1835     		adds	r5, r5, #24
 1384 00b2 2D01     		lsls	r5, r5, #4
 1385 00b4 AB51     		str	r3, [r5, r6]
 1386 00b6 C2E7     		b	.L84
 1387              	.L87:
1260:Drivers/STM32F0xx_HAL_Driver/Src/stm32f0xx_hal_can.c ****       }
 1388              		.loc 1 1260 9 is_stmt 1 view .LVU427
 1389 00b8 0368     		ldr	r3, [r0]
 1390 00ba 5B19     		adds	r3, r3, r5
 1391 00bc 5D68     		ldr	r5, [r3, #4]
 1392 00be 8021     		movs	r1, #128
 1393              	.LVL90:
1260:Drivers/STM32F0xx_HAL_Driver/Src/stm32f0xx_hal_can.c ****       }
 1394              		.loc 1 1260 9 is_stmt 0 view .LVU428
 1395 00c0 4900     		lsls	r1, r1, #1
 1396 00c2 2943     		orrs	r1, r5
 1397 00c4 5960     		str	r1, [r3, #4]
 1398 00c6 C4E7     		b	.L85
 1399              	.LVL91:
 1400              	.L82:
1280:Drivers/STM32F0xx_HAL_Driver/Src/stm32f0xx_hal_can.c ****     }
1281:Drivers/STM32F0xx_HAL_Driver/Src/stm32f0xx_hal_can.c ****     else
1282:Drivers/STM32F0xx_HAL_Driver/Src/stm32f0xx_hal_can.c ****     {
1283:Drivers/STM32F0xx_HAL_Driver/Src/stm32f0xx_hal_can.c ****       /* Update error code */
1284:Drivers/STM32F0xx_HAL_Driver/Src/stm32f0xx_hal_can.c ****       hcan->ErrorCode |= HAL_CAN_ERROR_PARAM;
 1401              		.loc 1 1284 7 is_stmt 1 view .LVU429
 1402              		.loc 1 1284 11 is_stmt 0 view .LVU430
 1403 00c8 426A     		ldr	r2, [r0, #36]
 1404              	.LVL92:
 1405              		.loc 1 1284 23 view .LVU431
 1406 00ca 8023     		movs	r3, #128
 1407              	.LVL93:
 1408              		.loc 1 1284 23 view .LVU432
 1409 00cc 9B03     		lsls	r3, r3, #14
 1410 00ce 1343     		orrs	r3, r2
 1411 00d0 4362     		str	r3, [r0, #36]
1285:Drivers/STM32F0xx_HAL_Driver/Src/stm32f0xx_hal_can.c **** 
1286:Drivers/STM32F0xx_HAL_Driver/Src/stm32f0xx_hal_can.c ****       return HAL_ERROR;
 1412              		.loc 1 1286 7 is_stmt 1 view .LVU433
 1413              		.loc 1 1286 14 is_stmt 0 view .LVU434
 1414 00d2 0120     		movs	r0, #1
 1415              	.LVL94:
 1416              		.loc 1 1286 14 view .LVU435
 1417 00d4 05E0     		b	.L86
 1418              	.LVL95:
 1419              	.L81:
1287:Drivers/STM32F0xx_HAL_Driver/Src/stm32f0xx_hal_can.c ****     }
ARM GAS  /tmp/ccxePDI1.s 			page 53


1288:Drivers/STM32F0xx_HAL_Driver/Src/stm32f0xx_hal_can.c ****   }
1289:Drivers/STM32F0xx_HAL_Driver/Src/stm32f0xx_hal_can.c ****   else
1290:Drivers/STM32F0xx_HAL_Driver/Src/stm32f0xx_hal_can.c ****   {
1291:Drivers/STM32F0xx_HAL_Driver/Src/stm32f0xx_hal_can.c ****     /* Update error code */
1292:Drivers/STM32F0xx_HAL_Driver/Src/stm32f0xx_hal_can.c ****     hcan->ErrorCode |= HAL_CAN_ERROR_NOT_INITIALIZED;
 1420              		.loc 1 1292 5 is_stmt 1 view .LVU436
 1421              		.loc 1 1292 9 is_stmt 0 view .LVU437
 1422 00d6 426A     		ldr	r2, [r0, #36]
 1423              	.LVL96:
 1424              		.loc 1 1292 21 view .LVU438
 1425 00d8 8023     		movs	r3, #128
 1426              	.LVL97:
 1427              		.loc 1 1292 21 view .LVU439
 1428 00da DB02     		lsls	r3, r3, #11
 1429 00dc 1343     		orrs	r3, r2
 1430 00de 4362     		str	r3, [r0, #36]
1293:Drivers/STM32F0xx_HAL_Driver/Src/stm32f0xx_hal_can.c **** 
1294:Drivers/STM32F0xx_HAL_Driver/Src/stm32f0xx_hal_can.c ****     return HAL_ERROR;
 1431              		.loc 1 1294 5 is_stmt 1 view .LVU440
 1432              		.loc 1 1294 12 is_stmt 0 view .LVU441
 1433 00e0 0120     		movs	r0, #1
 1434              	.LVL98:
 1435              	.L86:
1295:Drivers/STM32F0xx_HAL_Driver/Src/stm32f0xx_hal_can.c ****   }
1296:Drivers/STM32F0xx_HAL_Driver/Src/stm32f0xx_hal_can.c **** }
 1436              		.loc 1 1296 1 view .LVU442
 1437              		@ sp needed
 1438 00e2 70BD     		pop	{r4, r5, r6, pc}
 1439              		.cfi_endproc
 1440              	.LFE50:
 1442              		.section	.text.HAL_CAN_AbortTxRequest,"ax",%progbits
 1443              		.align	1
 1444              		.global	HAL_CAN_AbortTxRequest
 1445              		.syntax unified
 1446              		.code	16
 1447              		.thumb_func
 1449              	HAL_CAN_AbortTxRequest:
 1450              	.LVL99:
 1451              	.LFB51:
1297:Drivers/STM32F0xx_HAL_Driver/Src/stm32f0xx_hal_can.c **** 
1298:Drivers/STM32F0xx_HAL_Driver/Src/stm32f0xx_hal_can.c **** /**
1299:Drivers/STM32F0xx_HAL_Driver/Src/stm32f0xx_hal_can.c ****   * @brief  Abort transmission requests
1300:Drivers/STM32F0xx_HAL_Driver/Src/stm32f0xx_hal_can.c ****   * @param  hcan pointer to an CAN_HandleTypeDef structure that contains
1301:Drivers/STM32F0xx_HAL_Driver/Src/stm32f0xx_hal_can.c ****   *         the configuration information for the specified CAN.
1302:Drivers/STM32F0xx_HAL_Driver/Src/stm32f0xx_hal_can.c ****   * @param  TxMailboxes List of the Tx Mailboxes to abort.
1303:Drivers/STM32F0xx_HAL_Driver/Src/stm32f0xx_hal_can.c ****   *         This parameter can be any combination of @arg CAN_Tx_Mailboxes.
1304:Drivers/STM32F0xx_HAL_Driver/Src/stm32f0xx_hal_can.c ****   * @retval HAL status
1305:Drivers/STM32F0xx_HAL_Driver/Src/stm32f0xx_hal_can.c ****   */
1306:Drivers/STM32F0xx_HAL_Driver/Src/stm32f0xx_hal_can.c **** HAL_StatusTypeDef HAL_CAN_AbortTxRequest(CAN_HandleTypeDef *hcan, uint32_t TxMailboxes)
1307:Drivers/STM32F0xx_HAL_Driver/Src/stm32f0xx_hal_can.c **** {
 1452              		.loc 1 1307 1 is_stmt 1 view -0
 1453              		.cfi_startproc
 1454              		@ args = 0, pretend = 0, frame = 0
 1455              		@ frame_needed = 0, uses_anonymous_args = 0
 1456              		.loc 1 1307 1 is_stmt 0 view .LVU444
 1457 0000 10B5     		push	{r4, lr}
 1458              	.LCFI7:
ARM GAS  /tmp/ccxePDI1.s 			page 54


 1459              		.cfi_def_cfa_offset 8
 1460              		.cfi_offset 4, -8
 1461              		.cfi_offset 14, -4
1308:Drivers/STM32F0xx_HAL_Driver/Src/stm32f0xx_hal_can.c ****   HAL_CAN_StateTypeDef state = hcan->State;
 1462              		.loc 1 1308 3 is_stmt 1 view .LVU445
 1463              		.loc 1 1308 24 is_stmt 0 view .LVU446
 1464 0002 2023     		movs	r3, #32
 1465 0004 C35C     		ldrb	r3, [r0, r3]
 1466              	.LVL100:
1309:Drivers/STM32F0xx_HAL_Driver/Src/stm32f0xx_hal_can.c **** 
1310:Drivers/STM32F0xx_HAL_Driver/Src/stm32f0xx_hal_can.c ****   /* Check function parameters */
1311:Drivers/STM32F0xx_HAL_Driver/Src/stm32f0xx_hal_can.c ****   assert_param(IS_CAN_TX_MAILBOX_LIST(TxMailboxes));
 1467              		.loc 1 1311 3 is_stmt 1 view .LVU447
1312:Drivers/STM32F0xx_HAL_Driver/Src/stm32f0xx_hal_can.c **** 
1313:Drivers/STM32F0xx_HAL_Driver/Src/stm32f0xx_hal_can.c ****   if ((state == HAL_CAN_STATE_READY) ||
 1468              		.loc 1 1313 3 view .LVU448
 1469              		.loc 1 1313 38 is_stmt 0 view .LVU449
 1470 0006 013B     		subs	r3, r3, #1
 1471              	.LVL101:
 1472              		.loc 1 1313 38 view .LVU450
 1473 0008 DBB2     		uxtb	r3, r3
 1474              	.LVL102:
 1475              		.loc 1 1313 6 view .LVU451
 1476 000a 012B     		cmp	r3, #1
 1477 000c 06D9     		bls	.L97
1314:Drivers/STM32F0xx_HAL_Driver/Src/stm32f0xx_hal_can.c ****       (state == HAL_CAN_STATE_LISTENING))
1315:Drivers/STM32F0xx_HAL_Driver/Src/stm32f0xx_hal_can.c ****   {
1316:Drivers/STM32F0xx_HAL_Driver/Src/stm32f0xx_hal_can.c ****     /* Check Tx Mailbox 0 */
1317:Drivers/STM32F0xx_HAL_Driver/Src/stm32f0xx_hal_can.c ****     if ((TxMailboxes & CAN_TX_MAILBOX0) != 0U)
1318:Drivers/STM32F0xx_HAL_Driver/Src/stm32f0xx_hal_can.c ****     {
1319:Drivers/STM32F0xx_HAL_Driver/Src/stm32f0xx_hal_can.c ****       /* Add cancellation request for Tx Mailbox 0 */
1320:Drivers/STM32F0xx_HAL_Driver/Src/stm32f0xx_hal_can.c ****       SET_BIT(hcan->Instance->TSR, CAN_TSR_ABRQ0);
1321:Drivers/STM32F0xx_HAL_Driver/Src/stm32f0xx_hal_can.c ****     }
1322:Drivers/STM32F0xx_HAL_Driver/Src/stm32f0xx_hal_can.c **** 
1323:Drivers/STM32F0xx_HAL_Driver/Src/stm32f0xx_hal_can.c ****     /* Check Tx Mailbox 1 */
1324:Drivers/STM32F0xx_HAL_Driver/Src/stm32f0xx_hal_can.c ****     if ((TxMailboxes & CAN_TX_MAILBOX1) != 0U)
1325:Drivers/STM32F0xx_HAL_Driver/Src/stm32f0xx_hal_can.c ****     {
1326:Drivers/STM32F0xx_HAL_Driver/Src/stm32f0xx_hal_can.c ****       /* Add cancellation request for Tx Mailbox 1 */
1327:Drivers/STM32F0xx_HAL_Driver/Src/stm32f0xx_hal_can.c ****       SET_BIT(hcan->Instance->TSR, CAN_TSR_ABRQ1);
1328:Drivers/STM32F0xx_HAL_Driver/Src/stm32f0xx_hal_can.c ****     }
1329:Drivers/STM32F0xx_HAL_Driver/Src/stm32f0xx_hal_can.c **** 
1330:Drivers/STM32F0xx_HAL_Driver/Src/stm32f0xx_hal_can.c ****     /* Check Tx Mailbox 2 */
1331:Drivers/STM32F0xx_HAL_Driver/Src/stm32f0xx_hal_can.c ****     if ((TxMailboxes & CAN_TX_MAILBOX2) != 0U)
1332:Drivers/STM32F0xx_HAL_Driver/Src/stm32f0xx_hal_can.c ****     {
1333:Drivers/STM32F0xx_HAL_Driver/Src/stm32f0xx_hal_can.c ****       /* Add cancellation request for Tx Mailbox 2 */
1334:Drivers/STM32F0xx_HAL_Driver/Src/stm32f0xx_hal_can.c ****       SET_BIT(hcan->Instance->TSR, CAN_TSR_ABRQ2);
1335:Drivers/STM32F0xx_HAL_Driver/Src/stm32f0xx_hal_can.c ****     }
1336:Drivers/STM32F0xx_HAL_Driver/Src/stm32f0xx_hal_can.c **** 
1337:Drivers/STM32F0xx_HAL_Driver/Src/stm32f0xx_hal_can.c ****     /* Return function status */
1338:Drivers/STM32F0xx_HAL_Driver/Src/stm32f0xx_hal_can.c ****     return HAL_OK;
1339:Drivers/STM32F0xx_HAL_Driver/Src/stm32f0xx_hal_can.c ****   }
1340:Drivers/STM32F0xx_HAL_Driver/Src/stm32f0xx_hal_can.c ****   else
1341:Drivers/STM32F0xx_HAL_Driver/Src/stm32f0xx_hal_can.c ****   {
1342:Drivers/STM32F0xx_HAL_Driver/Src/stm32f0xx_hal_can.c ****     /* Update error code */
1343:Drivers/STM32F0xx_HAL_Driver/Src/stm32f0xx_hal_can.c ****     hcan->ErrorCode |= HAL_CAN_ERROR_NOT_INITIALIZED;
 1478              		.loc 1 1343 5 is_stmt 1 view .LVU452
 1479              		.loc 1 1343 9 is_stmt 0 view .LVU453
ARM GAS  /tmp/ccxePDI1.s 			page 55


 1480 000e 426A     		ldr	r2, [r0, #36]
 1481              		.loc 1 1343 21 view .LVU454
 1482 0010 8023     		movs	r3, #128
 1483 0012 DB02     		lsls	r3, r3, #11
 1484 0014 1343     		orrs	r3, r2
 1485 0016 4362     		str	r3, [r0, #36]
1344:Drivers/STM32F0xx_HAL_Driver/Src/stm32f0xx_hal_can.c **** 
1345:Drivers/STM32F0xx_HAL_Driver/Src/stm32f0xx_hal_can.c ****     return HAL_ERROR;
 1486              		.loc 1 1345 5 is_stmt 1 view .LVU455
 1487              		.loc 1 1345 12 is_stmt 0 view .LVU456
 1488 0018 0120     		movs	r0, #1
 1489              	.LVL103:
 1490              	.L93:
1346:Drivers/STM32F0xx_HAL_Driver/Src/stm32f0xx_hal_can.c ****   }
1347:Drivers/STM32F0xx_HAL_Driver/Src/stm32f0xx_hal_can.c **** }
 1491              		.loc 1 1347 1 view .LVU457
 1492              		@ sp needed
 1493 001a 10BD     		pop	{r4, pc}
 1494              	.LVL104:
 1495              	.L97:
1317:Drivers/STM32F0xx_HAL_Driver/Src/stm32f0xx_hal_can.c ****     {
 1496              		.loc 1 1317 5 is_stmt 1 view .LVU458
1317:Drivers/STM32F0xx_HAL_Driver/Src/stm32f0xx_hal_can.c ****     {
 1497              		.loc 1 1317 8 is_stmt 0 view .LVU459
 1498 001c CB07     		lsls	r3, r1, #31
 1499 001e 04D5     		bpl	.L90
1320:Drivers/STM32F0xx_HAL_Driver/Src/stm32f0xx_hal_can.c ****     }
 1500              		.loc 1 1320 7 is_stmt 1 view .LVU460
 1501 0020 0268     		ldr	r2, [r0]
 1502 0022 9368     		ldr	r3, [r2, #8]
 1503 0024 8024     		movs	r4, #128
 1504 0026 2343     		orrs	r3, r4
 1505 0028 9360     		str	r3, [r2, #8]
 1506              	.L90:
1324:Drivers/STM32F0xx_HAL_Driver/Src/stm32f0xx_hal_can.c ****     {
 1507              		.loc 1 1324 5 view .LVU461
1324:Drivers/STM32F0xx_HAL_Driver/Src/stm32f0xx_hal_can.c ****     {
 1508              		.loc 1 1324 8 is_stmt 0 view .LVU462
 1509 002a 8B07     		lsls	r3, r1, #30
 1510 002c 05D5     		bpl	.L91
1327:Drivers/STM32F0xx_HAL_Driver/Src/stm32f0xx_hal_can.c ****     }
 1511              		.loc 1 1327 7 is_stmt 1 view .LVU463
 1512 002e 0268     		ldr	r2, [r0]
 1513 0030 9468     		ldr	r4, [r2, #8]
 1514 0032 8023     		movs	r3, #128
 1515 0034 1B02     		lsls	r3, r3, #8
 1516 0036 2343     		orrs	r3, r4
 1517 0038 9360     		str	r3, [r2, #8]
 1518              	.L91:
1331:Drivers/STM32F0xx_HAL_Driver/Src/stm32f0xx_hal_can.c ****     {
 1519              		.loc 1 1331 5 view .LVU464
1331:Drivers/STM32F0xx_HAL_Driver/Src/stm32f0xx_hal_can.c ****     {
 1520              		.loc 1 1331 8 is_stmt 0 view .LVU465
 1521 003a 4907     		lsls	r1, r1, #29
 1522 003c 05D5     		bpl	.L92
 1523              	.LVL105:
1334:Drivers/STM32F0xx_HAL_Driver/Src/stm32f0xx_hal_can.c ****     }
ARM GAS  /tmp/ccxePDI1.s 			page 56


 1524              		.loc 1 1334 7 is_stmt 1 view .LVU466
 1525 003e 0268     		ldr	r2, [r0]
 1526 0040 9168     		ldr	r1, [r2, #8]
 1527 0042 8023     		movs	r3, #128
 1528 0044 1B04     		lsls	r3, r3, #16
 1529 0046 0B43     		orrs	r3, r1
 1530 0048 9360     		str	r3, [r2, #8]
 1531              	.L92:
1338:Drivers/STM32F0xx_HAL_Driver/Src/stm32f0xx_hal_can.c ****   }
 1532              		.loc 1 1338 5 view .LVU467
1338:Drivers/STM32F0xx_HAL_Driver/Src/stm32f0xx_hal_can.c ****   }
 1533              		.loc 1 1338 12 is_stmt 0 view .LVU468
 1534 004a 0020     		movs	r0, #0
 1535              	.LVL106:
1338:Drivers/STM32F0xx_HAL_Driver/Src/stm32f0xx_hal_can.c ****   }
 1536              		.loc 1 1338 12 view .LVU469
 1537 004c E5E7     		b	.L93
 1538              		.cfi_endproc
 1539              	.LFE51:
 1541              		.section	.text.HAL_CAN_GetTxMailboxesFreeLevel,"ax",%progbits
 1542              		.align	1
 1543              		.global	HAL_CAN_GetTxMailboxesFreeLevel
 1544              		.syntax unified
 1545              		.code	16
 1546              		.thumb_func
 1548              	HAL_CAN_GetTxMailboxesFreeLevel:
 1549              	.LVL107:
 1550              	.LFB52:
1348:Drivers/STM32F0xx_HAL_Driver/Src/stm32f0xx_hal_can.c **** 
1349:Drivers/STM32F0xx_HAL_Driver/Src/stm32f0xx_hal_can.c **** /**
1350:Drivers/STM32F0xx_HAL_Driver/Src/stm32f0xx_hal_can.c ****   * @brief  Return Tx Mailboxes free level: number of free Tx Mailboxes.
1351:Drivers/STM32F0xx_HAL_Driver/Src/stm32f0xx_hal_can.c ****   * @param  hcan pointer to a CAN_HandleTypeDef structure that contains
1352:Drivers/STM32F0xx_HAL_Driver/Src/stm32f0xx_hal_can.c ****   *         the configuration information for the specified CAN.
1353:Drivers/STM32F0xx_HAL_Driver/Src/stm32f0xx_hal_can.c ****   * @retval Number of free Tx Mailboxes.
1354:Drivers/STM32F0xx_HAL_Driver/Src/stm32f0xx_hal_can.c ****   */
1355:Drivers/STM32F0xx_HAL_Driver/Src/stm32f0xx_hal_can.c **** uint32_t HAL_CAN_GetTxMailboxesFreeLevel(const CAN_HandleTypeDef *hcan)
1356:Drivers/STM32F0xx_HAL_Driver/Src/stm32f0xx_hal_can.c **** {
 1551              		.loc 1 1356 1 is_stmt 1 view -0
 1552              		.cfi_startproc
 1553              		@ args = 0, pretend = 0, frame = 0
 1554              		@ frame_needed = 0, uses_anonymous_args = 0
 1555              		@ link register save eliminated.
1357:Drivers/STM32F0xx_HAL_Driver/Src/stm32f0xx_hal_can.c ****   uint32_t freelevel = 0U;
 1556              		.loc 1 1357 3 view .LVU471
1358:Drivers/STM32F0xx_HAL_Driver/Src/stm32f0xx_hal_can.c ****   HAL_CAN_StateTypeDef state = hcan->State;
 1557              		.loc 1 1358 3 view .LVU472
 1558              		.loc 1 1358 24 is_stmt 0 view .LVU473
 1559 0000 2023     		movs	r3, #32
 1560 0002 C35C     		ldrb	r3, [r0, r3]
 1561              	.LVL108:
1359:Drivers/STM32F0xx_HAL_Driver/Src/stm32f0xx_hal_can.c **** 
1360:Drivers/STM32F0xx_HAL_Driver/Src/stm32f0xx_hal_can.c ****   if ((state == HAL_CAN_STATE_READY) ||
 1562              		.loc 1 1360 3 is_stmt 1 view .LVU474
 1563              		.loc 1 1360 38 is_stmt 0 view .LVU475
 1564 0004 013B     		subs	r3, r3, #1
 1565              	.LVL109:
 1566              		.loc 1 1360 38 view .LVU476
ARM GAS  /tmp/ccxePDI1.s 			page 57


 1567 0006 DBB2     		uxtb	r3, r3
 1568              	.LVL110:
 1569              		.loc 1 1360 6 view .LVU477
 1570 0008 012B     		cmp	r3, #1
 1571 000a 01D9     		bls	.L106
1357:Drivers/STM32F0xx_HAL_Driver/Src/stm32f0xx_hal_can.c ****   HAL_CAN_StateTypeDef state = hcan->State;
 1572              		.loc 1 1357 12 view .LVU478
 1573 000c 0020     		movs	r0, #0
 1574              	.LVL111:
1361:Drivers/STM32F0xx_HAL_Driver/Src/stm32f0xx_hal_can.c ****       (state == HAL_CAN_STATE_LISTENING))
1362:Drivers/STM32F0xx_HAL_Driver/Src/stm32f0xx_hal_can.c ****   {
1363:Drivers/STM32F0xx_HAL_Driver/Src/stm32f0xx_hal_can.c ****     /* Check Tx Mailbox 0 status */
1364:Drivers/STM32F0xx_HAL_Driver/Src/stm32f0xx_hal_can.c ****     if ((hcan->Instance->TSR & CAN_TSR_TME0) != 0U)
1365:Drivers/STM32F0xx_HAL_Driver/Src/stm32f0xx_hal_can.c ****     {
1366:Drivers/STM32F0xx_HAL_Driver/Src/stm32f0xx_hal_can.c ****       freelevel++;
1367:Drivers/STM32F0xx_HAL_Driver/Src/stm32f0xx_hal_can.c ****     }
1368:Drivers/STM32F0xx_HAL_Driver/Src/stm32f0xx_hal_can.c **** 
1369:Drivers/STM32F0xx_HAL_Driver/Src/stm32f0xx_hal_can.c ****     /* Check Tx Mailbox 1 status */
1370:Drivers/STM32F0xx_HAL_Driver/Src/stm32f0xx_hal_can.c ****     if ((hcan->Instance->TSR & CAN_TSR_TME1) != 0U)
1371:Drivers/STM32F0xx_HAL_Driver/Src/stm32f0xx_hal_can.c ****     {
1372:Drivers/STM32F0xx_HAL_Driver/Src/stm32f0xx_hal_can.c ****       freelevel++;
1373:Drivers/STM32F0xx_HAL_Driver/Src/stm32f0xx_hal_can.c ****     }
1374:Drivers/STM32F0xx_HAL_Driver/Src/stm32f0xx_hal_can.c **** 
1375:Drivers/STM32F0xx_HAL_Driver/Src/stm32f0xx_hal_can.c ****     /* Check Tx Mailbox 2 status */
1376:Drivers/STM32F0xx_HAL_Driver/Src/stm32f0xx_hal_can.c ****     if ((hcan->Instance->TSR & CAN_TSR_TME2) != 0U)
1377:Drivers/STM32F0xx_HAL_Driver/Src/stm32f0xx_hal_can.c ****     {
1378:Drivers/STM32F0xx_HAL_Driver/Src/stm32f0xx_hal_can.c ****       freelevel++;
1379:Drivers/STM32F0xx_HAL_Driver/Src/stm32f0xx_hal_can.c ****     }
1380:Drivers/STM32F0xx_HAL_Driver/Src/stm32f0xx_hal_can.c ****   }
1381:Drivers/STM32F0xx_HAL_Driver/Src/stm32f0xx_hal_can.c **** 
1382:Drivers/STM32F0xx_HAL_Driver/Src/stm32f0xx_hal_can.c ****   /* Return Tx Mailboxes free level */
1383:Drivers/STM32F0xx_HAL_Driver/Src/stm32f0xx_hal_can.c ****   return freelevel;
 1575              		.loc 1 1383 3 is_stmt 1 view .LVU479
 1576              	.L98:
1384:Drivers/STM32F0xx_HAL_Driver/Src/stm32f0xx_hal_can.c **** }
 1577              		.loc 1 1384 1 is_stmt 0 view .LVU480
 1578              		@ sp needed
 1579 000e 7047     		bx	lr
 1580              	.LVL112:
 1581              	.L106:
1364:Drivers/STM32F0xx_HAL_Driver/Src/stm32f0xx_hal_can.c ****     {
 1582              		.loc 1 1364 5 is_stmt 1 view .LVU481
1364:Drivers/STM32F0xx_HAL_Driver/Src/stm32f0xx_hal_can.c ****     {
 1583              		.loc 1 1364 14 is_stmt 0 view .LVU482
 1584 0010 0368     		ldr	r3, [r0]
1364:Drivers/STM32F0xx_HAL_Driver/Src/stm32f0xx_hal_can.c ****     {
 1585              		.loc 1 1364 24 view .LVU483
 1586 0012 9968     		ldr	r1, [r3, #8]
1364:Drivers/STM32F0xx_HAL_Driver/Src/stm32f0xx_hal_can.c ****     {
 1587              		.loc 1 1364 30 view .LVU484
 1588 0014 8022     		movs	r2, #128
 1589 0016 D204     		lsls	r2, r2, #19
 1590 0018 0800     		movs	r0, r1
 1591              	.LVL113:
1364:Drivers/STM32F0xx_HAL_Driver/Src/stm32f0xx_hal_can.c ****     {
 1592              		.loc 1 1364 30 view .LVU485
 1593 001a 1040     		ands	r0, r2
ARM GAS  /tmp/ccxePDI1.s 			page 58


1364:Drivers/STM32F0xx_HAL_Driver/Src/stm32f0xx_hal_can.c ****     {
 1594              		.loc 1 1364 8 view .LVU486
 1595 001c 1142     		tst	r1, r2
 1596 001e 00D0     		beq	.L100
1366:Drivers/STM32F0xx_HAL_Driver/Src/stm32f0xx_hal_can.c ****     }
 1597              		.loc 1 1366 16 view .LVU487
 1598 0020 0120     		movs	r0, #1
 1599              	.L100:
 1600              	.LVL114:
1370:Drivers/STM32F0xx_HAL_Driver/Src/stm32f0xx_hal_can.c ****     {
 1601              		.loc 1 1370 5 is_stmt 1 view .LVU488
1370:Drivers/STM32F0xx_HAL_Driver/Src/stm32f0xx_hal_can.c ****     {
 1602              		.loc 1 1370 24 is_stmt 0 view .LVU489
 1603 0022 9A68     		ldr	r2, [r3, #8]
1370:Drivers/STM32F0xx_HAL_Driver/Src/stm32f0xx_hal_can.c ****     {
 1604              		.loc 1 1370 8 view .LVU490
 1605 0024 1201     		lsls	r2, r2, #4
 1606 0026 00D5     		bpl	.L101
1372:Drivers/STM32F0xx_HAL_Driver/Src/stm32f0xx_hal_can.c ****     }
 1607              		.loc 1 1372 7 is_stmt 1 view .LVU491
1372:Drivers/STM32F0xx_HAL_Driver/Src/stm32f0xx_hal_can.c ****     }
 1608              		.loc 1 1372 16 is_stmt 0 view .LVU492
 1609 0028 0130     		adds	r0, r0, #1
 1610              	.LVL115:
 1611              	.L101:
1376:Drivers/STM32F0xx_HAL_Driver/Src/stm32f0xx_hal_can.c ****     {
 1612              		.loc 1 1376 5 is_stmt 1 view .LVU493
1376:Drivers/STM32F0xx_HAL_Driver/Src/stm32f0xx_hal_can.c ****     {
 1613              		.loc 1 1376 24 is_stmt 0 view .LVU494
 1614 002a 9B68     		ldr	r3, [r3, #8]
1376:Drivers/STM32F0xx_HAL_Driver/Src/stm32f0xx_hal_can.c ****     {
 1615              		.loc 1 1376 8 view .LVU495
 1616 002c DB00     		lsls	r3, r3, #3
 1617 002e EED5     		bpl	.L98
1378:Drivers/STM32F0xx_HAL_Driver/Src/stm32f0xx_hal_can.c ****     }
 1618              		.loc 1 1378 7 is_stmt 1 view .LVU496
1378:Drivers/STM32F0xx_HAL_Driver/Src/stm32f0xx_hal_can.c ****     }
 1619              		.loc 1 1378 16 is_stmt 0 view .LVU497
 1620 0030 0130     		adds	r0, r0, #1
 1621              	.LVL116:
1378:Drivers/STM32F0xx_HAL_Driver/Src/stm32f0xx_hal_can.c ****     }
 1622              		.loc 1 1378 16 view .LVU498
 1623 0032 ECE7     		b	.L98
 1624              		.cfi_endproc
 1625              	.LFE52:
 1627              		.section	.text.HAL_CAN_IsTxMessagePending,"ax",%progbits
 1628              		.align	1
 1629              		.global	HAL_CAN_IsTxMessagePending
 1630              		.syntax unified
 1631              		.code	16
 1632              		.thumb_func
 1634              	HAL_CAN_IsTxMessagePending:
 1635              	.LVL117:
 1636              	.LFB53:
1385:Drivers/STM32F0xx_HAL_Driver/Src/stm32f0xx_hal_can.c **** 
1386:Drivers/STM32F0xx_HAL_Driver/Src/stm32f0xx_hal_can.c **** /**
1387:Drivers/STM32F0xx_HAL_Driver/Src/stm32f0xx_hal_can.c ****   * @brief  Check if a transmission request is pending on the selected Tx
ARM GAS  /tmp/ccxePDI1.s 			page 59


1388:Drivers/STM32F0xx_HAL_Driver/Src/stm32f0xx_hal_can.c ****   *         Mailboxes.
1389:Drivers/STM32F0xx_HAL_Driver/Src/stm32f0xx_hal_can.c ****   * @param  hcan pointer to an CAN_HandleTypeDef structure that contains
1390:Drivers/STM32F0xx_HAL_Driver/Src/stm32f0xx_hal_can.c ****   *         the configuration information for the specified CAN.
1391:Drivers/STM32F0xx_HAL_Driver/Src/stm32f0xx_hal_can.c ****   * @param  TxMailboxes List of Tx Mailboxes to check.
1392:Drivers/STM32F0xx_HAL_Driver/Src/stm32f0xx_hal_can.c ****   *         This parameter can be any combination of @arg CAN_Tx_Mailboxes.
1393:Drivers/STM32F0xx_HAL_Driver/Src/stm32f0xx_hal_can.c ****   * @retval Status
1394:Drivers/STM32F0xx_HAL_Driver/Src/stm32f0xx_hal_can.c ****   *          - 0 : No pending transmission request on any selected Tx Mailboxes.
1395:Drivers/STM32F0xx_HAL_Driver/Src/stm32f0xx_hal_can.c ****   *          - 1 : Pending transmission request on at least one of the selected
1396:Drivers/STM32F0xx_HAL_Driver/Src/stm32f0xx_hal_can.c ****   *                Tx Mailbox.
1397:Drivers/STM32F0xx_HAL_Driver/Src/stm32f0xx_hal_can.c ****   */
1398:Drivers/STM32F0xx_HAL_Driver/Src/stm32f0xx_hal_can.c **** uint32_t HAL_CAN_IsTxMessagePending(const CAN_HandleTypeDef *hcan, uint32_t TxMailboxes)
1399:Drivers/STM32F0xx_HAL_Driver/Src/stm32f0xx_hal_can.c **** {
 1637              		.loc 1 1399 1 is_stmt 1 view -0
 1638              		.cfi_startproc
 1639              		@ args = 0, pretend = 0, frame = 0
 1640              		@ frame_needed = 0, uses_anonymous_args = 0
 1641              		@ link register save eliminated.
1400:Drivers/STM32F0xx_HAL_Driver/Src/stm32f0xx_hal_can.c ****   uint32_t status = 0U;
 1642              		.loc 1 1400 3 view .LVU500
1401:Drivers/STM32F0xx_HAL_Driver/Src/stm32f0xx_hal_can.c ****   HAL_CAN_StateTypeDef state = hcan->State;
 1643              		.loc 1 1401 3 view .LVU501
 1644              		.loc 1 1401 24 is_stmt 0 view .LVU502
 1645 0000 2023     		movs	r3, #32
 1646 0002 C35C     		ldrb	r3, [r0, r3]
 1647              	.LVL118:
1402:Drivers/STM32F0xx_HAL_Driver/Src/stm32f0xx_hal_can.c **** 
1403:Drivers/STM32F0xx_HAL_Driver/Src/stm32f0xx_hal_can.c ****   /* Check function parameters */
1404:Drivers/STM32F0xx_HAL_Driver/Src/stm32f0xx_hal_can.c ****   assert_param(IS_CAN_TX_MAILBOX_LIST(TxMailboxes));
 1648              		.loc 1 1404 3 is_stmt 1 view .LVU503
1405:Drivers/STM32F0xx_HAL_Driver/Src/stm32f0xx_hal_can.c **** 
1406:Drivers/STM32F0xx_HAL_Driver/Src/stm32f0xx_hal_can.c ****   if ((state == HAL_CAN_STATE_READY) ||
 1649              		.loc 1 1406 3 view .LVU504
 1650              		.loc 1 1406 38 is_stmt 0 view .LVU505
 1651 0004 013B     		subs	r3, r3, #1
 1652              	.LVL119:
 1653              		.loc 1 1406 38 view .LVU506
 1654 0006 DBB2     		uxtb	r3, r3
 1655              	.LVL120:
 1656              		.loc 1 1406 6 view .LVU507
 1657 0008 012B     		cmp	r3, #1
 1658 000a 01D9     		bls	.L111
1400:Drivers/STM32F0xx_HAL_Driver/Src/stm32f0xx_hal_can.c ****   HAL_CAN_StateTypeDef state = hcan->State;
 1659              		.loc 1 1400 12 view .LVU508
 1660 000c 0020     		movs	r0, #0
 1661              	.LVL121:
 1662              	.L107:
1407:Drivers/STM32F0xx_HAL_Driver/Src/stm32f0xx_hal_can.c ****       (state == HAL_CAN_STATE_LISTENING))
1408:Drivers/STM32F0xx_HAL_Driver/Src/stm32f0xx_hal_can.c ****   {
1409:Drivers/STM32F0xx_HAL_Driver/Src/stm32f0xx_hal_can.c ****     /* Check pending transmission request on the selected Tx Mailboxes */
1410:Drivers/STM32F0xx_HAL_Driver/Src/stm32f0xx_hal_can.c ****     if ((hcan->Instance->TSR & (TxMailboxes << CAN_TSR_TME0_Pos)) != (TxMailboxes << CAN_TSR_TME0_P
1411:Drivers/STM32F0xx_HAL_Driver/Src/stm32f0xx_hal_can.c ****     {
1412:Drivers/STM32F0xx_HAL_Driver/Src/stm32f0xx_hal_can.c ****       status = 1U;
1413:Drivers/STM32F0xx_HAL_Driver/Src/stm32f0xx_hal_can.c ****     }
1414:Drivers/STM32F0xx_HAL_Driver/Src/stm32f0xx_hal_can.c ****   }
1415:Drivers/STM32F0xx_HAL_Driver/Src/stm32f0xx_hal_can.c **** 
1416:Drivers/STM32F0xx_HAL_Driver/Src/stm32f0xx_hal_can.c ****   /* Return status */
1417:Drivers/STM32F0xx_HAL_Driver/Src/stm32f0xx_hal_can.c ****   return status;
ARM GAS  /tmp/ccxePDI1.s 			page 60


1418:Drivers/STM32F0xx_HAL_Driver/Src/stm32f0xx_hal_can.c **** }
 1663              		.loc 1 1418 1 view .LVU509
 1664              		@ sp needed
 1665 000e 7047     		bx	lr
 1666              	.LVL122:
 1667              	.L111:
1410:Drivers/STM32F0xx_HAL_Driver/Src/stm32f0xx_hal_can.c ****     {
 1668              		.loc 1 1410 5 is_stmt 1 view .LVU510
1410:Drivers/STM32F0xx_HAL_Driver/Src/stm32f0xx_hal_can.c ****     {
 1669              		.loc 1 1410 14 is_stmt 0 view .LVU511
 1670 0010 0368     		ldr	r3, [r0]
1410:Drivers/STM32F0xx_HAL_Driver/Src/stm32f0xx_hal_can.c ****     {
 1671              		.loc 1 1410 24 view .LVU512
 1672 0012 9B68     		ldr	r3, [r3, #8]
1410:Drivers/STM32F0xx_HAL_Driver/Src/stm32f0xx_hal_can.c ****     {
 1673              		.loc 1 1410 45 view .LVU513
 1674 0014 8906     		lsls	r1, r1, #26
 1675              	.LVL123:
1410:Drivers/STM32F0xx_HAL_Driver/Src/stm32f0xx_hal_can.c ****     {
 1676              		.loc 1 1410 30 view .LVU514
 1677 0016 0B40     		ands	r3, r1
1410:Drivers/STM32F0xx_HAL_Driver/Src/stm32f0xx_hal_can.c ****     {
 1678              		.loc 1 1410 8 view .LVU515
 1679 0018 9942     		cmp	r1, r3
 1680 001a 01D0     		beq	.L112
1412:Drivers/STM32F0xx_HAL_Driver/Src/stm32f0xx_hal_can.c ****     }
 1681              		.loc 1 1412 14 view .LVU516
 1682 001c 0120     		movs	r0, #1
 1683              	.LVL124:
1417:Drivers/STM32F0xx_HAL_Driver/Src/stm32f0xx_hal_can.c **** }
 1684              		.loc 1 1417 3 is_stmt 1 view .LVU517
1417:Drivers/STM32F0xx_HAL_Driver/Src/stm32f0xx_hal_can.c **** }
 1685              		.loc 1 1417 10 is_stmt 0 view .LVU518
 1686 001e F6E7     		b	.L107
 1687              	.LVL125:
 1688              	.L112:
1400:Drivers/STM32F0xx_HAL_Driver/Src/stm32f0xx_hal_can.c ****   HAL_CAN_StateTypeDef state = hcan->State;
 1689              		.loc 1 1400 12 view .LVU519
 1690 0020 0020     		movs	r0, #0
 1691              	.LVL126:
1400:Drivers/STM32F0xx_HAL_Driver/Src/stm32f0xx_hal_can.c ****   HAL_CAN_StateTypeDef state = hcan->State;
 1692              		.loc 1 1400 12 view .LVU520
 1693 0022 F4E7     		b	.L107
 1694              		.cfi_endproc
 1695              	.LFE53:
 1697              		.section	.text.HAL_CAN_GetTxTimestamp,"ax",%progbits
 1698              		.align	1
 1699              		.global	HAL_CAN_GetTxTimestamp
 1700              		.syntax unified
 1701              		.code	16
 1702              		.thumb_func
 1704              	HAL_CAN_GetTxTimestamp:
 1705              	.LVL127:
 1706              	.LFB54:
1419:Drivers/STM32F0xx_HAL_Driver/Src/stm32f0xx_hal_can.c **** 
1420:Drivers/STM32F0xx_HAL_Driver/Src/stm32f0xx_hal_can.c **** /**
1421:Drivers/STM32F0xx_HAL_Driver/Src/stm32f0xx_hal_can.c ****   * @brief  Return timestamp of Tx message sent, if time triggered communication
ARM GAS  /tmp/ccxePDI1.s 			page 61


1422:Drivers/STM32F0xx_HAL_Driver/Src/stm32f0xx_hal_can.c ****             mode is enabled.
1423:Drivers/STM32F0xx_HAL_Driver/Src/stm32f0xx_hal_can.c ****   * @param  hcan pointer to a CAN_HandleTypeDef structure that contains
1424:Drivers/STM32F0xx_HAL_Driver/Src/stm32f0xx_hal_can.c ****   *         the configuration information for the specified CAN.
1425:Drivers/STM32F0xx_HAL_Driver/Src/stm32f0xx_hal_can.c ****   * @param  TxMailbox Tx Mailbox where the timestamp of message sent will be
1426:Drivers/STM32F0xx_HAL_Driver/Src/stm32f0xx_hal_can.c ****   *         read.
1427:Drivers/STM32F0xx_HAL_Driver/Src/stm32f0xx_hal_can.c ****   *         This parameter can be one value of @arg CAN_Tx_Mailboxes.
1428:Drivers/STM32F0xx_HAL_Driver/Src/stm32f0xx_hal_can.c ****   * @retval Timestamp of message sent from Tx Mailbox.
1429:Drivers/STM32F0xx_HAL_Driver/Src/stm32f0xx_hal_can.c ****   */
1430:Drivers/STM32F0xx_HAL_Driver/Src/stm32f0xx_hal_can.c **** uint32_t HAL_CAN_GetTxTimestamp(const CAN_HandleTypeDef *hcan, uint32_t TxMailbox)
1431:Drivers/STM32F0xx_HAL_Driver/Src/stm32f0xx_hal_can.c **** {
 1707              		.loc 1 1431 1 is_stmt 1 view -0
 1708              		.cfi_startproc
 1709              		@ args = 0, pretend = 0, frame = 0
 1710              		@ frame_needed = 0, uses_anonymous_args = 0
 1711              		@ link register save eliminated.
1432:Drivers/STM32F0xx_HAL_Driver/Src/stm32f0xx_hal_can.c ****   uint32_t timestamp = 0U;
 1712              		.loc 1 1432 3 view .LVU522
1433:Drivers/STM32F0xx_HAL_Driver/Src/stm32f0xx_hal_can.c ****   uint32_t transmitmailbox;
 1713              		.loc 1 1433 3 view .LVU523
1434:Drivers/STM32F0xx_HAL_Driver/Src/stm32f0xx_hal_can.c ****   HAL_CAN_StateTypeDef state = hcan->State;
 1714              		.loc 1 1434 3 view .LVU524
 1715              		.loc 1 1434 24 is_stmt 0 view .LVU525
 1716 0000 2023     		movs	r3, #32
 1717 0002 C35C     		ldrb	r3, [r0, r3]
 1718              	.LVL128:
1435:Drivers/STM32F0xx_HAL_Driver/Src/stm32f0xx_hal_can.c **** 
1436:Drivers/STM32F0xx_HAL_Driver/Src/stm32f0xx_hal_can.c ****   /* Check function parameters */
1437:Drivers/STM32F0xx_HAL_Driver/Src/stm32f0xx_hal_can.c ****   assert_param(IS_CAN_TX_MAILBOX(TxMailbox));
 1719              		.loc 1 1437 3 is_stmt 1 view .LVU526
1438:Drivers/STM32F0xx_HAL_Driver/Src/stm32f0xx_hal_can.c **** 
1439:Drivers/STM32F0xx_HAL_Driver/Src/stm32f0xx_hal_can.c ****   if ((state == HAL_CAN_STATE_READY) ||
 1720              		.loc 1 1439 3 view .LVU527
 1721              		.loc 1 1439 38 is_stmt 0 view .LVU528
 1722 0004 013B     		subs	r3, r3, #1
 1723              	.LVL129:
 1724              		.loc 1 1439 38 view .LVU529
 1725 0006 DBB2     		uxtb	r3, r3
 1726              	.LVL130:
 1727              		.loc 1 1439 6 view .LVU530
 1728 0008 012B     		cmp	r3, #1
 1729 000a 01D9     		bls	.L119
1432:Drivers/STM32F0xx_HAL_Driver/Src/stm32f0xx_hal_can.c ****   uint32_t transmitmailbox;
 1730              		.loc 1 1432 12 view .LVU531
 1731 000c 0020     		movs	r0, #0
 1732              	.LVL131:
1440:Drivers/STM32F0xx_HAL_Driver/Src/stm32f0xx_hal_can.c ****       (state == HAL_CAN_STATE_LISTENING))
1441:Drivers/STM32F0xx_HAL_Driver/Src/stm32f0xx_hal_can.c ****   {
1442:Drivers/STM32F0xx_HAL_Driver/Src/stm32f0xx_hal_can.c ****     /* Select the Tx mailbox */
1443:Drivers/STM32F0xx_HAL_Driver/Src/stm32f0xx_hal_can.c ****     /* Select the Tx mailbox */
1444:Drivers/STM32F0xx_HAL_Driver/Src/stm32f0xx_hal_can.c ****     if (TxMailbox == CAN_TX_MAILBOX0)
1445:Drivers/STM32F0xx_HAL_Driver/Src/stm32f0xx_hal_can.c ****     {
1446:Drivers/STM32F0xx_HAL_Driver/Src/stm32f0xx_hal_can.c ****       transmitmailbox = 0U;
1447:Drivers/STM32F0xx_HAL_Driver/Src/stm32f0xx_hal_can.c ****     }
1448:Drivers/STM32F0xx_HAL_Driver/Src/stm32f0xx_hal_can.c ****     else if (TxMailbox == CAN_TX_MAILBOX1)
1449:Drivers/STM32F0xx_HAL_Driver/Src/stm32f0xx_hal_can.c ****     {
1450:Drivers/STM32F0xx_HAL_Driver/Src/stm32f0xx_hal_can.c ****       transmitmailbox = 1U;
1451:Drivers/STM32F0xx_HAL_Driver/Src/stm32f0xx_hal_can.c ****     }
ARM GAS  /tmp/ccxePDI1.s 			page 62


1452:Drivers/STM32F0xx_HAL_Driver/Src/stm32f0xx_hal_can.c ****     else /* (TxMailbox == CAN_TX_MAILBOX2) */
1453:Drivers/STM32F0xx_HAL_Driver/Src/stm32f0xx_hal_can.c ****     {
1454:Drivers/STM32F0xx_HAL_Driver/Src/stm32f0xx_hal_can.c ****       transmitmailbox = 2U;
1455:Drivers/STM32F0xx_HAL_Driver/Src/stm32f0xx_hal_can.c ****     }
1456:Drivers/STM32F0xx_HAL_Driver/Src/stm32f0xx_hal_can.c **** 
1457:Drivers/STM32F0xx_HAL_Driver/Src/stm32f0xx_hal_can.c ****     /* Get timestamp */
1458:Drivers/STM32F0xx_HAL_Driver/Src/stm32f0xx_hal_can.c ****     timestamp = (hcan->Instance->sTxMailBox[transmitmailbox].TDTR & CAN_TDT0R_TIME) >> CAN_TDT0R_TI
1459:Drivers/STM32F0xx_HAL_Driver/Src/stm32f0xx_hal_can.c ****   }
1460:Drivers/STM32F0xx_HAL_Driver/Src/stm32f0xx_hal_can.c **** 
1461:Drivers/STM32F0xx_HAL_Driver/Src/stm32f0xx_hal_can.c ****   /* Return the timestamp */
1462:Drivers/STM32F0xx_HAL_Driver/Src/stm32f0xx_hal_can.c ****   return timestamp;
 1733              		.loc 1 1462 3 is_stmt 1 view .LVU532
 1734              	.L113:
1463:Drivers/STM32F0xx_HAL_Driver/Src/stm32f0xx_hal_can.c **** }
 1735              		.loc 1 1463 1 is_stmt 0 view .LVU533
 1736              		@ sp needed
 1737 000e 7047     		bx	lr
 1738              	.LVL132:
 1739              	.L119:
1444:Drivers/STM32F0xx_HAL_Driver/Src/stm32f0xx_hal_can.c ****     {
 1740              		.loc 1 1444 5 is_stmt 1 view .LVU534
1444:Drivers/STM32F0xx_HAL_Driver/Src/stm32f0xx_hal_can.c ****     {
 1741              		.loc 1 1444 8 is_stmt 0 view .LVU535
 1742 0010 0129     		cmp	r1, #1
 1743 0012 0BD0     		beq	.L117
1448:Drivers/STM32F0xx_HAL_Driver/Src/stm32f0xx_hal_can.c ****     {
 1744              		.loc 1 1448 10 is_stmt 1 view .LVU536
1448:Drivers/STM32F0xx_HAL_Driver/Src/stm32f0xx_hal_can.c ****     {
 1745              		.loc 1 1448 13 is_stmt 0 view .LVU537
 1746 0014 0229     		cmp	r1, #2
 1747 0016 07D0     		beq	.L120
1454:Drivers/STM32F0xx_HAL_Driver/Src/stm32f0xx_hal_can.c ****     }
 1748              		.loc 1 1454 23 view .LVU538
 1749 0018 0223     		movs	r3, #2
 1750              	.L115:
 1751              	.LVL133:
1458:Drivers/STM32F0xx_HAL_Driver/Src/stm32f0xx_hal_can.c ****   }
 1752              		.loc 1 1458 5 is_stmt 1 view .LVU539
1458:Drivers/STM32F0xx_HAL_Driver/Src/stm32f0xx_hal_can.c ****   }
 1753              		.loc 1 1458 22 is_stmt 0 view .LVU540
 1754 001a 0268     		ldr	r2, [r0]
1458:Drivers/STM32F0xx_HAL_Driver/Src/stm32f0xx_hal_can.c ****   }
 1755              		.loc 1 1458 61 view .LVU541
 1756 001c 1833     		adds	r3, r3, #24
 1757              	.LVL134:
1458:Drivers/STM32F0xx_HAL_Driver/Src/stm32f0xx_hal_can.c ****   }
 1758              		.loc 1 1458 61 view .LVU542
 1759 001e 1B01     		lsls	r3, r3, #4
 1760              	.LVL135:
1458:Drivers/STM32F0xx_HAL_Driver/Src/stm32f0xx_hal_can.c ****   }
 1761              		.loc 1 1458 61 view .LVU543
 1762 0020 D318     		adds	r3, r2, r3
 1763 0022 5868     		ldr	r0, [r3, #4]
 1764              	.LVL136:
1458:Drivers/STM32F0xx_HAL_Driver/Src/stm32f0xx_hal_can.c ****   }
 1765              		.loc 1 1458 85 view .LVU544
 1766 0024 000C     		lsrs	r0, r0, #16
ARM GAS  /tmp/ccxePDI1.s 			page 63


 1767              	.LVL137:
1458:Drivers/STM32F0xx_HAL_Driver/Src/stm32f0xx_hal_can.c ****   }
 1768              		.loc 1 1458 85 view .LVU545
 1769 0026 F2E7     		b	.L113
 1770              	.LVL138:
 1771              	.L120:
1450:Drivers/STM32F0xx_HAL_Driver/Src/stm32f0xx_hal_can.c ****     }
 1772              		.loc 1 1450 23 view .LVU546
 1773 0028 0123     		movs	r3, #1
 1774 002a F6E7     		b	.L115
 1775              	.L117:
1446:Drivers/STM32F0xx_HAL_Driver/Src/stm32f0xx_hal_can.c ****     }
 1776              		.loc 1 1446 23 view .LVU547
 1777 002c 0023     		movs	r3, #0
 1778 002e F4E7     		b	.L115
 1779              		.cfi_endproc
 1780              	.LFE54:
 1782              		.section	.text.HAL_CAN_GetRxMessage,"ax",%progbits
 1783              		.align	1
 1784              		.global	HAL_CAN_GetRxMessage
 1785              		.syntax unified
 1786              		.code	16
 1787              		.thumb_func
 1789              	HAL_CAN_GetRxMessage:
 1790              	.LVL139:
 1791              	.LFB55:
1464:Drivers/STM32F0xx_HAL_Driver/Src/stm32f0xx_hal_can.c **** 
1465:Drivers/STM32F0xx_HAL_Driver/Src/stm32f0xx_hal_can.c **** /**
1466:Drivers/STM32F0xx_HAL_Driver/Src/stm32f0xx_hal_can.c ****   * @brief  Get an CAN frame from the Rx FIFO zone into the message RAM.
1467:Drivers/STM32F0xx_HAL_Driver/Src/stm32f0xx_hal_can.c ****   * @param  hcan pointer to an CAN_HandleTypeDef structure that contains
1468:Drivers/STM32F0xx_HAL_Driver/Src/stm32f0xx_hal_can.c ****   *         the configuration information for the specified CAN.
1469:Drivers/STM32F0xx_HAL_Driver/Src/stm32f0xx_hal_can.c ****   * @param  RxFifo Fifo number of the received message to be read.
1470:Drivers/STM32F0xx_HAL_Driver/Src/stm32f0xx_hal_can.c ****   *         This parameter can be a value of @arg CAN_receive_FIFO_number.
1471:Drivers/STM32F0xx_HAL_Driver/Src/stm32f0xx_hal_can.c ****   * @param  pHeader pointer to a CAN_RxHeaderTypeDef structure where the header
1472:Drivers/STM32F0xx_HAL_Driver/Src/stm32f0xx_hal_can.c ****   *         of the Rx frame will be stored.
1473:Drivers/STM32F0xx_HAL_Driver/Src/stm32f0xx_hal_can.c ****   * @param  aData array where the payload of the Rx frame will be stored.
1474:Drivers/STM32F0xx_HAL_Driver/Src/stm32f0xx_hal_can.c ****   * @retval HAL status
1475:Drivers/STM32F0xx_HAL_Driver/Src/stm32f0xx_hal_can.c ****   */
1476:Drivers/STM32F0xx_HAL_Driver/Src/stm32f0xx_hal_can.c **** HAL_StatusTypeDef HAL_CAN_GetRxMessage(CAN_HandleTypeDef *hcan, uint32_t RxFifo,
1477:Drivers/STM32F0xx_HAL_Driver/Src/stm32f0xx_hal_can.c ****                                        CAN_RxHeaderTypeDef *pHeader, uint8_t aData[])
1478:Drivers/STM32F0xx_HAL_Driver/Src/stm32f0xx_hal_can.c **** {
 1792              		.loc 1 1478 1 is_stmt 1 view -0
 1793              		.cfi_startproc
 1794              		@ args = 0, pretend = 0, frame = 0
 1795              		@ frame_needed = 0, uses_anonymous_args = 0
 1796              		.loc 1 1478 1 is_stmt 0 view .LVU549
 1797 0000 70B5     		push	{r4, r5, r6, lr}
 1798              	.LCFI8:
 1799              		.cfi_def_cfa_offset 16
 1800              		.cfi_offset 4, -16
 1801              		.cfi_offset 5, -12
 1802              		.cfi_offset 6, -8
 1803              		.cfi_offset 14, -4
1479:Drivers/STM32F0xx_HAL_Driver/Src/stm32f0xx_hal_can.c ****   HAL_CAN_StateTypeDef state = hcan->State;
 1804              		.loc 1 1479 3 is_stmt 1 view .LVU550
 1805              		.loc 1 1479 24 is_stmt 0 view .LVU551
 1806 0002 2024     		movs	r4, #32
ARM GAS  /tmp/ccxePDI1.s 			page 64


 1807 0004 045D     		ldrb	r4, [r0, r4]
 1808              	.LVL140:
1480:Drivers/STM32F0xx_HAL_Driver/Src/stm32f0xx_hal_can.c **** 
1481:Drivers/STM32F0xx_HAL_Driver/Src/stm32f0xx_hal_can.c ****   assert_param(IS_CAN_RX_FIFO(RxFifo));
 1809              		.loc 1 1481 3 is_stmt 1 view .LVU552
1482:Drivers/STM32F0xx_HAL_Driver/Src/stm32f0xx_hal_can.c **** 
1483:Drivers/STM32F0xx_HAL_Driver/Src/stm32f0xx_hal_can.c ****   if ((state == HAL_CAN_STATE_READY) ||
 1810              		.loc 1 1483 3 view .LVU553
 1811              		.loc 1 1483 38 is_stmt 0 view .LVU554
 1812 0006 013C     		subs	r4, r4, #1
 1813              	.LVL141:
 1814              		.loc 1 1483 38 view .LVU555
 1815 0008 E4B2     		uxtb	r4, r4
 1816              	.LVL142:
 1817              		.loc 1 1483 6 view .LVU556
 1818 000a 012C     		cmp	r4, #1
 1819 000c 00D9     		bls	.LCB1594
 1820 000e 9CE0     		b	.L122	@long jump
 1821              	.LCB1594:
1484:Drivers/STM32F0xx_HAL_Driver/Src/stm32f0xx_hal_can.c ****       (state == HAL_CAN_STATE_LISTENING))
1485:Drivers/STM32F0xx_HAL_Driver/Src/stm32f0xx_hal_can.c ****   {
1486:Drivers/STM32F0xx_HAL_Driver/Src/stm32f0xx_hal_can.c ****     /* Check the Rx FIFO */
1487:Drivers/STM32F0xx_HAL_Driver/Src/stm32f0xx_hal_can.c ****     if (RxFifo == CAN_RX_FIFO0) /* Rx element is assigned to Rx FIFO 0 */
 1822              		.loc 1 1487 5 is_stmt 1 view .LVU557
 1823              		.loc 1 1487 8 is_stmt 0 view .LVU558
 1824 0010 0029     		cmp	r1, #0
 1825 0012 0AD1     		bne	.L123
1488:Drivers/STM32F0xx_HAL_Driver/Src/stm32f0xx_hal_can.c ****     {
1489:Drivers/STM32F0xx_HAL_Driver/Src/stm32f0xx_hal_can.c ****       /* Check that the Rx FIFO 0 is not empty */
1490:Drivers/STM32F0xx_HAL_Driver/Src/stm32f0xx_hal_can.c ****       if ((hcan->Instance->RF0R & CAN_RF0R_FMP0) == 0U)
 1826              		.loc 1 1490 7 is_stmt 1 view .LVU559
 1827              		.loc 1 1490 16 is_stmt 0 view .LVU560
 1828 0014 0468     		ldr	r4, [r0]
 1829              		.loc 1 1490 26 view .LVU561
 1830 0016 E468     		ldr	r4, [r4, #12]
 1831              		.loc 1 1490 10 view .LVU562
 1832 0018 A407     		lsls	r4, r4, #30
 1833 001a 11D1     		bne	.L124
1491:Drivers/STM32F0xx_HAL_Driver/Src/stm32f0xx_hal_can.c ****       {
1492:Drivers/STM32F0xx_HAL_Driver/Src/stm32f0xx_hal_can.c ****         /* Update error code */
1493:Drivers/STM32F0xx_HAL_Driver/Src/stm32f0xx_hal_can.c ****         hcan->ErrorCode |= HAL_CAN_ERROR_PARAM;
 1834              		.loc 1 1493 9 is_stmt 1 view .LVU563
 1835              		.loc 1 1493 13 is_stmt 0 view .LVU564
 1836 001c 426A     		ldr	r2, [r0, #36]
 1837              	.LVL143:
 1838              		.loc 1 1493 25 view .LVU565
 1839 001e 8023     		movs	r3, #128
 1840              	.LVL144:
 1841              		.loc 1 1493 25 view .LVU566
 1842 0020 9B03     		lsls	r3, r3, #14
 1843 0022 1343     		orrs	r3, r2
 1844 0024 4362     		str	r3, [r0, #36]
1494:Drivers/STM32F0xx_HAL_Driver/Src/stm32f0xx_hal_can.c **** 
1495:Drivers/STM32F0xx_HAL_Driver/Src/stm32f0xx_hal_can.c ****         return HAL_ERROR;
 1845              		.loc 1 1495 9 is_stmt 1 view .LVU567
 1846              		.loc 1 1495 16 is_stmt 0 view .LVU568
 1847 0026 0120     		movs	r0, #1
ARM GAS  /tmp/ccxePDI1.s 			page 65


 1848              	.LVL145:
 1849              		.loc 1 1495 16 view .LVU569
 1850 0028 95E0     		b	.L125
 1851              	.LVL146:
 1852              	.L123:
1496:Drivers/STM32F0xx_HAL_Driver/Src/stm32f0xx_hal_can.c ****       }
1497:Drivers/STM32F0xx_HAL_Driver/Src/stm32f0xx_hal_can.c ****     }
1498:Drivers/STM32F0xx_HAL_Driver/Src/stm32f0xx_hal_can.c ****     else /* Rx element is assigned to Rx FIFO 1 */
1499:Drivers/STM32F0xx_HAL_Driver/Src/stm32f0xx_hal_can.c ****     {
1500:Drivers/STM32F0xx_HAL_Driver/Src/stm32f0xx_hal_can.c ****       /* Check that the Rx FIFO 1 is not empty */
1501:Drivers/STM32F0xx_HAL_Driver/Src/stm32f0xx_hal_can.c ****       if ((hcan->Instance->RF1R & CAN_RF1R_FMP1) == 0U)
 1853              		.loc 1 1501 7 is_stmt 1 view .LVU570
 1854              		.loc 1 1501 16 is_stmt 0 view .LVU571
 1855 002a 0468     		ldr	r4, [r0]
 1856              		.loc 1 1501 26 view .LVU572
 1857 002c 2469     		ldr	r4, [r4, #16]
 1858              		.loc 1 1501 10 view .LVU573
 1859 002e A407     		lsls	r4, r4, #30
 1860 0030 06D1     		bne	.L124
1502:Drivers/STM32F0xx_HAL_Driver/Src/stm32f0xx_hal_can.c ****       {
1503:Drivers/STM32F0xx_HAL_Driver/Src/stm32f0xx_hal_can.c ****         /* Update error code */
1504:Drivers/STM32F0xx_HAL_Driver/Src/stm32f0xx_hal_can.c ****         hcan->ErrorCode |= HAL_CAN_ERROR_PARAM;
 1861              		.loc 1 1504 9 is_stmt 1 view .LVU574
 1862              		.loc 1 1504 13 is_stmt 0 view .LVU575
 1863 0032 426A     		ldr	r2, [r0, #36]
 1864              	.LVL147:
 1865              		.loc 1 1504 25 view .LVU576
 1866 0034 8023     		movs	r3, #128
 1867              	.LVL148:
 1868              		.loc 1 1504 25 view .LVU577
 1869 0036 9B03     		lsls	r3, r3, #14
 1870 0038 1343     		orrs	r3, r2
 1871 003a 4362     		str	r3, [r0, #36]
1505:Drivers/STM32F0xx_HAL_Driver/Src/stm32f0xx_hal_can.c **** 
1506:Drivers/STM32F0xx_HAL_Driver/Src/stm32f0xx_hal_can.c ****         return HAL_ERROR;
 1872              		.loc 1 1506 9 is_stmt 1 view .LVU578
 1873              		.loc 1 1506 16 is_stmt 0 view .LVU579
 1874 003c 0120     		movs	r0, #1
 1875              	.LVL149:
 1876              		.loc 1 1506 16 view .LVU580
 1877 003e 8AE0     		b	.L125
 1878              	.LVL150:
 1879              	.L124:
1507:Drivers/STM32F0xx_HAL_Driver/Src/stm32f0xx_hal_can.c ****       }
1508:Drivers/STM32F0xx_HAL_Driver/Src/stm32f0xx_hal_can.c ****     }
1509:Drivers/STM32F0xx_HAL_Driver/Src/stm32f0xx_hal_can.c **** 
1510:Drivers/STM32F0xx_HAL_Driver/Src/stm32f0xx_hal_can.c ****     /* Get the header */
1511:Drivers/STM32F0xx_HAL_Driver/Src/stm32f0xx_hal_can.c ****     pHeader->IDE = CAN_RI0R_IDE & hcan->Instance->sFIFOMailBox[RxFifo].RIR;
 1880              		.loc 1 1511 5 is_stmt 1 view .LVU581
 1881              		.loc 1 1511 39 is_stmt 0 view .LVU582
 1882 0040 0568     		ldr	r5, [r0]
 1883              		.loc 1 1511 71 view .LVU583
 1884 0042 0C00     		movs	r4, r1
 1885 0044 1B34     		adds	r4, r4, #27
 1886 0046 2401     		lsls	r4, r4, #4
 1887 0048 6559     		ldr	r5, [r4, r5]
 1888              		.loc 1 1511 33 view .LVU584
ARM GAS  /tmp/ccxePDI1.s 			page 66


 1889 004a 0424     		movs	r4, #4
 1890 004c 2C40     		ands	r4, r5
 1891              		.loc 1 1511 18 view .LVU585
 1892 004e 9460     		str	r4, [r2, #8]
1512:Drivers/STM32F0xx_HAL_Driver/Src/stm32f0xx_hal_can.c ****     if (pHeader->IDE == CAN_ID_STD)
 1893              		.loc 1 1512 5 is_stmt 1 view .LVU586
 1894              		.loc 1 1512 8 is_stmt 0 view .LVU587
 1895 0050 64D1     		bne	.L126
1513:Drivers/STM32F0xx_HAL_Driver/Src/stm32f0xx_hal_can.c ****     {
1514:Drivers/STM32F0xx_HAL_Driver/Src/stm32f0xx_hal_can.c ****       pHeader->StdId = (CAN_RI0R_STID & hcan->Instance->sFIFOMailBox[RxFifo].RIR) >> CAN_TI0R_STID_
 1896              		.loc 1 1514 7 is_stmt 1 view .LVU588
 1897              		.loc 1 1514 45 is_stmt 0 view .LVU589
 1898 0052 0568     		ldr	r5, [r0]
 1899              		.loc 1 1514 77 view .LVU590
 1900 0054 0C00     		movs	r4, r1
 1901 0056 1B34     		adds	r4, r4, #27
 1902 0058 2401     		lsls	r4, r4, #4
 1903 005a 6459     		ldr	r4, [r4, r5]
 1904              		.loc 1 1514 83 view .LVU591
 1905 005c 640D     		lsrs	r4, r4, #21
 1906              		.loc 1 1514 22 view .LVU592
 1907 005e 1460     		str	r4, [r2]
 1908              	.L127:
1515:Drivers/STM32F0xx_HAL_Driver/Src/stm32f0xx_hal_can.c ****     }
1516:Drivers/STM32F0xx_HAL_Driver/Src/stm32f0xx_hal_can.c ****     else
1517:Drivers/STM32F0xx_HAL_Driver/Src/stm32f0xx_hal_can.c ****     {
1518:Drivers/STM32F0xx_HAL_Driver/Src/stm32f0xx_hal_can.c ****       pHeader->ExtId = ((CAN_RI0R_EXID | CAN_RI0R_STID) &
1519:Drivers/STM32F0xx_HAL_Driver/Src/stm32f0xx_hal_can.c ****                         hcan->Instance->sFIFOMailBox[RxFifo].RIR) >> CAN_RI0R_EXID_Pos;
1520:Drivers/STM32F0xx_HAL_Driver/Src/stm32f0xx_hal_can.c ****     }
1521:Drivers/STM32F0xx_HAL_Driver/Src/stm32f0xx_hal_can.c ****     pHeader->RTR = (CAN_RI0R_RTR & hcan->Instance->sFIFOMailBox[RxFifo].RIR);
 1909              		.loc 1 1521 5 is_stmt 1 view .LVU593
 1910              		.loc 1 1521 40 is_stmt 0 view .LVU594
 1911 0060 0568     		ldr	r5, [r0]
 1912              		.loc 1 1521 72 view .LVU595
 1913 0062 0C00     		movs	r4, r1
 1914 0064 1B34     		adds	r4, r4, #27
 1915 0066 2401     		lsls	r4, r4, #4
 1916 0068 6659     		ldr	r6, [r4, r5]
 1917              		.loc 1 1521 34 view .LVU596
 1918 006a 0225     		movs	r5, #2
 1919 006c 3540     		ands	r5, r6
 1920              		.loc 1 1521 18 view .LVU597
 1921 006e D560     		str	r5, [r2, #12]
1522:Drivers/STM32F0xx_HAL_Driver/Src/stm32f0xx_hal_can.c ****     if (((CAN_RDT0R_DLC & hcan->Instance->sFIFOMailBox[RxFifo].RDTR) >> CAN_RDT0R_DLC_Pos) >= 8U)
 1922              		.loc 1 1522 5 is_stmt 1 view .LVU598
 1923              		.loc 1 1522 31 is_stmt 0 view .LVU599
 1924 0070 0568     		ldr	r5, [r0]
 1925              		.loc 1 1522 63 view .LVU600
 1926 0072 2C19     		adds	r4, r5, r4
 1927 0074 6468     		ldr	r4, [r4, #4]
 1928              		.loc 1 1522 8 view .LVU601
 1929 0076 2407     		lsls	r4, r4, #28
 1930 0078 58D5     		bpl	.L128
1523:Drivers/STM32F0xx_HAL_Driver/Src/stm32f0xx_hal_can.c ****     {
1524:Drivers/STM32F0xx_HAL_Driver/Src/stm32f0xx_hal_can.c ****       /* Truncate DLC to 8 if received field is over range */
1525:Drivers/STM32F0xx_HAL_Driver/Src/stm32f0xx_hal_can.c ****       pHeader->DLC = 8U;
 1931              		.loc 1 1525 7 is_stmt 1 view .LVU602
ARM GAS  /tmp/ccxePDI1.s 			page 67


 1932              		.loc 1 1525 20 is_stmt 0 view .LVU603
 1933 007a 0824     		movs	r4, #8
 1934 007c 1461     		str	r4, [r2, #16]
 1935              	.L129:
1526:Drivers/STM32F0xx_HAL_Driver/Src/stm32f0xx_hal_can.c ****     }
1527:Drivers/STM32F0xx_HAL_Driver/Src/stm32f0xx_hal_can.c ****     else
1528:Drivers/STM32F0xx_HAL_Driver/Src/stm32f0xx_hal_can.c ****     {
1529:Drivers/STM32F0xx_HAL_Driver/Src/stm32f0xx_hal_can.c ****       pHeader->DLC = (CAN_RDT0R_DLC & hcan->Instance->sFIFOMailBox[RxFifo].RDTR) >> CAN_RDT0R_DLC_P
1530:Drivers/STM32F0xx_HAL_Driver/Src/stm32f0xx_hal_can.c ****     }
1531:Drivers/STM32F0xx_HAL_Driver/Src/stm32f0xx_hal_can.c ****     pHeader->FilterMatchIndex = (CAN_RDT0R_FMI & hcan->Instance->sFIFOMailBox[RxFifo].RDTR) >> CAN_
 1936              		.loc 1 1531 5 is_stmt 1 view .LVU604
 1937              		.loc 1 1531 54 is_stmt 0 view .LVU605
 1938 007e 0568     		ldr	r5, [r0]
 1939              		.loc 1 1531 86 view .LVU606
 1940 0080 0C00     		movs	r4, r1
 1941 0082 1B34     		adds	r4, r4, #27
 1942 0084 2401     		lsls	r4, r4, #4
 1943 0086 2D19     		adds	r5, r5, r4
 1944 0088 6E68     		ldr	r6, [r5, #4]
 1945              		.loc 1 1531 93 view .LVU607
 1946 008a 360A     		lsrs	r6, r6, #8
 1947 008c FF25     		movs	r5, #255
 1948 008e 3540     		ands	r5, r6
 1949              		.loc 1 1531 31 view .LVU608
 1950 0090 9561     		str	r5, [r2, #24]
1532:Drivers/STM32F0xx_HAL_Driver/Src/stm32f0xx_hal_can.c ****     pHeader->Timestamp = (CAN_RDT0R_TIME & hcan->Instance->sFIFOMailBox[RxFifo].RDTR) >> CAN_RDT0R_
 1951              		.loc 1 1532 5 is_stmt 1 view .LVU609
 1952              		.loc 1 1532 48 is_stmt 0 view .LVU610
 1953 0092 0568     		ldr	r5, [r0]
 1954              		.loc 1 1532 80 view .LVU611
 1955 0094 2C19     		adds	r4, r5, r4
 1956 0096 6468     		ldr	r4, [r4, #4]
 1957              		.loc 1 1532 87 view .LVU612
 1958 0098 240C     		lsrs	r4, r4, #16
 1959              		.loc 1 1532 24 view .LVU613
 1960 009a 5461     		str	r4, [r2, #20]
1533:Drivers/STM32F0xx_HAL_Driver/Src/stm32f0xx_hal_can.c **** 
1534:Drivers/STM32F0xx_HAL_Driver/Src/stm32f0xx_hal_can.c ****     /* Get the data */
1535:Drivers/STM32F0xx_HAL_Driver/Src/stm32f0xx_hal_can.c ****     aData[0] = (uint8_t)((CAN_RDL0R_DATA0 & hcan->Instance->sFIFOMailBox[RxFifo].RDLR) >> CAN_RDL0R
 1961              		.loc 1 1535 5 is_stmt 1 view .LVU614
 1962              		.loc 1 1535 49 is_stmt 0 view .LVU615
 1963 009c 0468     		ldr	r4, [r0]
 1964              		.loc 1 1535 81 view .LVU616
 1965 009e 0A01     		lsls	r2, r1, #4
 1966              	.LVL151:
 1967              		.loc 1 1535 81 view .LVU617
 1968 00a0 A418     		adds	r4, r4, r2
 1969 00a2 B934     		adds	r4, r4, #185
 1970 00a4 FF34     		adds	r4, r4, #255
 1971 00a6 2468     		ldr	r4, [r4]
 1972              		.loc 1 1535 14 view .LVU618
 1973 00a8 1C70     		strb	r4, [r3]
1536:Drivers/STM32F0xx_HAL_Driver/Src/stm32f0xx_hal_can.c ****     aData[1] = (uint8_t)((CAN_RDL0R_DATA1 & hcan->Instance->sFIFOMailBox[RxFifo].RDLR) >> CAN_RDL0R
 1974              		.loc 1 1536 5 is_stmt 1 view .LVU619
 1975              		.loc 1 1536 49 is_stmt 0 view .LVU620
 1976 00aa 0468     		ldr	r4, [r0]
 1977              		.loc 1 1536 81 view .LVU621
ARM GAS  /tmp/ccxePDI1.s 			page 68


 1978 00ac A418     		adds	r4, r4, r2
 1979 00ae B934     		adds	r4, r4, #185
 1980 00b0 FF34     		adds	r4, r4, #255
 1981 00b2 2468     		ldr	r4, [r4]
 1982              		.loc 1 1536 88 view .LVU622
 1983 00b4 240A     		lsrs	r4, r4, #8
 1984              		.loc 1 1536 14 view .LVU623
 1985 00b6 5C70     		strb	r4, [r3, #1]
1537:Drivers/STM32F0xx_HAL_Driver/Src/stm32f0xx_hal_can.c ****     aData[2] = (uint8_t)((CAN_RDL0R_DATA2 & hcan->Instance->sFIFOMailBox[RxFifo].RDLR) >> CAN_RDL0R
 1986              		.loc 1 1537 5 is_stmt 1 view .LVU624
 1987              		.loc 1 1537 49 is_stmt 0 view .LVU625
 1988 00b8 0468     		ldr	r4, [r0]
 1989              		.loc 1 1537 81 view .LVU626
 1990 00ba A418     		adds	r4, r4, r2
 1991 00bc B934     		adds	r4, r4, #185
 1992 00be FF34     		adds	r4, r4, #255
 1993 00c0 2468     		ldr	r4, [r4]
 1994              		.loc 1 1537 88 view .LVU627
 1995 00c2 240C     		lsrs	r4, r4, #16
 1996              		.loc 1 1537 14 view .LVU628
 1997 00c4 9C70     		strb	r4, [r3, #2]
1538:Drivers/STM32F0xx_HAL_Driver/Src/stm32f0xx_hal_can.c ****     aData[3] = (uint8_t)((CAN_RDL0R_DATA3 & hcan->Instance->sFIFOMailBox[RxFifo].RDLR) >> CAN_RDL0R
 1998              		.loc 1 1538 5 is_stmt 1 view .LVU629
 1999              		.loc 1 1538 49 is_stmt 0 view .LVU630
 2000 00c6 0468     		ldr	r4, [r0]
 2001              		.loc 1 1538 81 view .LVU631
 2002 00c8 A418     		adds	r4, r4, r2
 2003 00ca B934     		adds	r4, r4, #185
 2004 00cc FF34     		adds	r4, r4, #255
 2005 00ce 2468     		ldr	r4, [r4]
 2006              		.loc 1 1538 16 view .LVU632
 2007 00d0 240E     		lsrs	r4, r4, #24
 2008              		.loc 1 1538 14 view .LVU633
 2009 00d2 DC70     		strb	r4, [r3, #3]
1539:Drivers/STM32F0xx_HAL_Driver/Src/stm32f0xx_hal_can.c ****     aData[4] = (uint8_t)((CAN_RDH0R_DATA4 & hcan->Instance->sFIFOMailBox[RxFifo].RDHR) >> CAN_RDH0R
 2010              		.loc 1 1539 5 is_stmt 1 view .LVU634
 2011              		.loc 1 1539 49 is_stmt 0 view .LVU635
 2012 00d4 0468     		ldr	r4, [r0]
 2013              		.loc 1 1539 81 view .LVU636
 2014 00d6 A418     		adds	r4, r4, r2
 2015 00d8 BD34     		adds	r4, r4, #189
 2016 00da FF34     		adds	r4, r4, #255
 2017 00dc 2468     		ldr	r4, [r4]
 2018              		.loc 1 1539 14 view .LVU637
 2019 00de 1C71     		strb	r4, [r3, #4]
1540:Drivers/STM32F0xx_HAL_Driver/Src/stm32f0xx_hal_can.c ****     aData[5] = (uint8_t)((CAN_RDH0R_DATA5 & hcan->Instance->sFIFOMailBox[RxFifo].RDHR) >> CAN_RDH0R
 2020              		.loc 1 1540 5 is_stmt 1 view .LVU638
 2021              		.loc 1 1540 49 is_stmt 0 view .LVU639
 2022 00e0 0468     		ldr	r4, [r0]
 2023              		.loc 1 1540 81 view .LVU640
 2024 00e2 A418     		adds	r4, r4, r2
 2025 00e4 BD34     		adds	r4, r4, #189
 2026 00e6 FF34     		adds	r4, r4, #255
 2027 00e8 2468     		ldr	r4, [r4]
 2028              		.loc 1 1540 88 view .LVU641
 2029 00ea 240A     		lsrs	r4, r4, #8
 2030              		.loc 1 1540 14 view .LVU642
ARM GAS  /tmp/ccxePDI1.s 			page 69


 2031 00ec 5C71     		strb	r4, [r3, #5]
1541:Drivers/STM32F0xx_HAL_Driver/Src/stm32f0xx_hal_can.c ****     aData[6] = (uint8_t)((CAN_RDH0R_DATA6 & hcan->Instance->sFIFOMailBox[RxFifo].RDHR) >> CAN_RDH0R
 2032              		.loc 1 1541 5 is_stmt 1 view .LVU643
 2033              		.loc 1 1541 49 is_stmt 0 view .LVU644
 2034 00ee 0468     		ldr	r4, [r0]
 2035              		.loc 1 1541 81 view .LVU645
 2036 00f0 A418     		adds	r4, r4, r2
 2037 00f2 BD34     		adds	r4, r4, #189
 2038 00f4 FF34     		adds	r4, r4, #255
 2039 00f6 2468     		ldr	r4, [r4]
 2040              		.loc 1 1541 88 view .LVU646
 2041 00f8 240C     		lsrs	r4, r4, #16
 2042              		.loc 1 1541 14 view .LVU647
 2043 00fa 9C71     		strb	r4, [r3, #6]
1542:Drivers/STM32F0xx_HAL_Driver/Src/stm32f0xx_hal_can.c ****     aData[7] = (uint8_t)((CAN_RDH0R_DATA7 & hcan->Instance->sFIFOMailBox[RxFifo].RDHR) >> CAN_RDH0R
 2044              		.loc 1 1542 5 is_stmt 1 view .LVU648
 2045              		.loc 1 1542 49 is_stmt 0 view .LVU649
 2046 00fc 0468     		ldr	r4, [r0]
 2047              		.loc 1 1542 81 view .LVU650
 2048 00fe A218     		adds	r2, r4, r2
 2049 0100 BD32     		adds	r2, r2, #189
 2050 0102 FF32     		adds	r2, r2, #255
 2051 0104 1268     		ldr	r2, [r2]
 2052              		.loc 1 1542 16 view .LVU651
 2053 0106 120E     		lsrs	r2, r2, #24
 2054              		.loc 1 1542 14 view .LVU652
 2055 0108 DA71     		strb	r2, [r3, #7]
1543:Drivers/STM32F0xx_HAL_Driver/Src/stm32f0xx_hal_can.c **** 
1544:Drivers/STM32F0xx_HAL_Driver/Src/stm32f0xx_hal_can.c ****     /* Release the FIFO */
1545:Drivers/STM32F0xx_HAL_Driver/Src/stm32f0xx_hal_can.c ****     if (RxFifo == CAN_RX_FIFO0) /* Rx element is assigned to Rx FIFO 0 */
 2056              		.loc 1 1545 5 is_stmt 1 view .LVU653
 2057              		.loc 1 1545 8 is_stmt 0 view .LVU654
 2058 010a 0029     		cmp	r1, #0
 2059 010c 17D1     		bne	.L130
1546:Drivers/STM32F0xx_HAL_Driver/Src/stm32f0xx_hal_can.c ****     {
1547:Drivers/STM32F0xx_HAL_Driver/Src/stm32f0xx_hal_can.c ****       /* Release RX FIFO 0 */
1548:Drivers/STM32F0xx_HAL_Driver/Src/stm32f0xx_hal_can.c ****       SET_BIT(hcan->Instance->RF0R, CAN_RF0R_RFOM0);
 2060              		.loc 1 1548 7 is_stmt 1 view .LVU655
 2061 010e 0268     		ldr	r2, [r0]
 2062 0110 D368     		ldr	r3, [r2, #12]
 2063              	.LVL152:
 2064              		.loc 1 1548 7 is_stmt 0 view .LVU656
 2065 0112 2031     		adds	r1, r1, #32
 2066              	.LVL153:
 2067              		.loc 1 1548 7 view .LVU657
 2068 0114 0B43     		orrs	r3, r1
 2069 0116 D360     		str	r3, [r2, #12]
 2070              	.LVL154:
 2071              	.L131:
1549:Drivers/STM32F0xx_HAL_Driver/Src/stm32f0xx_hal_can.c ****     }
1550:Drivers/STM32F0xx_HAL_Driver/Src/stm32f0xx_hal_can.c ****     else /* Rx element is assigned to Rx FIFO 1 */
1551:Drivers/STM32F0xx_HAL_Driver/Src/stm32f0xx_hal_can.c ****     {
1552:Drivers/STM32F0xx_HAL_Driver/Src/stm32f0xx_hal_can.c ****       /* Release RX FIFO 1 */
1553:Drivers/STM32F0xx_HAL_Driver/Src/stm32f0xx_hal_can.c ****       SET_BIT(hcan->Instance->RF1R, CAN_RF1R_RFOM1);
1554:Drivers/STM32F0xx_HAL_Driver/Src/stm32f0xx_hal_can.c ****     }
1555:Drivers/STM32F0xx_HAL_Driver/Src/stm32f0xx_hal_can.c **** 
1556:Drivers/STM32F0xx_HAL_Driver/Src/stm32f0xx_hal_can.c ****     /* Return function status */
ARM GAS  /tmp/ccxePDI1.s 			page 70


1557:Drivers/STM32F0xx_HAL_Driver/Src/stm32f0xx_hal_can.c ****     return HAL_OK;
 2072              		.loc 1 1557 5 is_stmt 1 view .LVU658
 2073              		.loc 1 1557 12 is_stmt 0 view .LVU659
 2074 0118 0020     		movs	r0, #0
 2075              	.LVL155:
 2076              		.loc 1 1557 12 view .LVU660
 2077 011a 1CE0     		b	.L125
 2078              	.LVL156:
 2079              	.L126:
1518:Drivers/STM32F0xx_HAL_Driver/Src/stm32f0xx_hal_can.c ****                         hcan->Instance->sFIFOMailBox[RxFifo].RIR) >> CAN_RI0R_EXID_Pos;
 2080              		.loc 1 1518 7 is_stmt 1 view .LVU661
1519:Drivers/STM32F0xx_HAL_Driver/Src/stm32f0xx_hal_can.c ****     }
 2081              		.loc 1 1519 29 is_stmt 0 view .LVU662
 2082 011c 0568     		ldr	r5, [r0]
1519:Drivers/STM32F0xx_HAL_Driver/Src/stm32f0xx_hal_can.c ****     }
 2083              		.loc 1 1519 61 view .LVU663
 2084 011e 0C00     		movs	r4, r1
 2085 0120 1B34     		adds	r4, r4, #27
 2086 0122 2401     		lsls	r4, r4, #4
 2087 0124 6459     		ldr	r4, [r4, r5]
1519:Drivers/STM32F0xx_HAL_Driver/Src/stm32f0xx_hal_can.c ****     }
 2088              		.loc 1 1519 67 view .LVU664
 2089 0126 E408     		lsrs	r4, r4, #3
1518:Drivers/STM32F0xx_HAL_Driver/Src/stm32f0xx_hal_can.c ****                         hcan->Instance->sFIFOMailBox[RxFifo].RIR) >> CAN_RI0R_EXID_Pos;
 2090              		.loc 1 1518 22 view .LVU665
 2091 0128 5460     		str	r4, [r2, #4]
 2092 012a 99E7     		b	.L127
 2093              	.L128:
1529:Drivers/STM32F0xx_HAL_Driver/Src/stm32f0xx_hal_can.c ****     }
 2094              		.loc 1 1529 7 is_stmt 1 view .LVU666
1529:Drivers/STM32F0xx_HAL_Driver/Src/stm32f0xx_hal_can.c ****     }
 2095              		.loc 1 1529 75 is_stmt 0 view .LVU667
 2096 012c 0C00     		movs	r4, r1
 2097 012e 1B34     		adds	r4, r4, #27
 2098 0130 2401     		lsls	r4, r4, #4
 2099 0132 2D19     		adds	r5, r5, r4
 2100 0134 6D68     		ldr	r5, [r5, #4]
1529:Drivers/STM32F0xx_HAL_Driver/Src/stm32f0xx_hal_can.c ****     }
 2101              		.loc 1 1529 82 view .LVU668
 2102 0136 0F24     		movs	r4, #15
 2103 0138 2C40     		ands	r4, r5
1529:Drivers/STM32F0xx_HAL_Driver/Src/stm32f0xx_hal_can.c ****     }
 2104              		.loc 1 1529 20 view .LVU669
 2105 013a 1461     		str	r4, [r2, #16]
 2106 013c 9FE7     		b	.L129
 2107              	.LVL157:
 2108              	.L130:
1553:Drivers/STM32F0xx_HAL_Driver/Src/stm32f0xx_hal_can.c ****     }
 2109              		.loc 1 1553 7 is_stmt 1 view .LVU670
 2110 013e 0268     		ldr	r2, [r0]
 2111 0140 1369     		ldr	r3, [r2, #16]
 2112              	.LVL158:
1553:Drivers/STM32F0xx_HAL_Driver/Src/stm32f0xx_hal_can.c ****     }
 2113              		.loc 1 1553 7 is_stmt 0 view .LVU671
 2114 0142 2021     		movs	r1, #32
 2115              	.LVL159:
1553:Drivers/STM32F0xx_HAL_Driver/Src/stm32f0xx_hal_can.c ****     }
ARM GAS  /tmp/ccxePDI1.s 			page 71


 2116              		.loc 1 1553 7 view .LVU672
 2117 0144 0B43     		orrs	r3, r1
 2118 0146 1361     		str	r3, [r2, #16]
 2119 0148 E6E7     		b	.L131
 2120              	.LVL160:
 2121              	.L122:
1558:Drivers/STM32F0xx_HAL_Driver/Src/stm32f0xx_hal_can.c ****   }
1559:Drivers/STM32F0xx_HAL_Driver/Src/stm32f0xx_hal_can.c ****   else
1560:Drivers/STM32F0xx_HAL_Driver/Src/stm32f0xx_hal_can.c ****   {
1561:Drivers/STM32F0xx_HAL_Driver/Src/stm32f0xx_hal_can.c ****     /* Update error code */
1562:Drivers/STM32F0xx_HAL_Driver/Src/stm32f0xx_hal_can.c ****     hcan->ErrorCode |= HAL_CAN_ERROR_NOT_INITIALIZED;
 2122              		.loc 1 1562 5 is_stmt 1 view .LVU673
 2123              		.loc 1 1562 9 is_stmt 0 view .LVU674
 2124 014a 426A     		ldr	r2, [r0, #36]
 2125              	.LVL161:
 2126              		.loc 1 1562 21 view .LVU675
 2127 014c 8023     		movs	r3, #128
 2128              	.LVL162:
 2129              		.loc 1 1562 21 view .LVU676
 2130 014e DB02     		lsls	r3, r3, #11
 2131 0150 1343     		orrs	r3, r2
 2132 0152 4362     		str	r3, [r0, #36]
1563:Drivers/STM32F0xx_HAL_Driver/Src/stm32f0xx_hal_can.c **** 
1564:Drivers/STM32F0xx_HAL_Driver/Src/stm32f0xx_hal_can.c ****     return HAL_ERROR;
 2133              		.loc 1 1564 5 is_stmt 1 view .LVU677
 2134              		.loc 1 1564 12 is_stmt 0 view .LVU678
 2135 0154 0120     		movs	r0, #1
 2136              	.LVL163:
 2137              	.L125:
1565:Drivers/STM32F0xx_HAL_Driver/Src/stm32f0xx_hal_can.c ****   }
1566:Drivers/STM32F0xx_HAL_Driver/Src/stm32f0xx_hal_can.c **** }
 2138              		.loc 1 1566 1 view .LVU679
 2139              		@ sp needed
 2140 0156 70BD     		pop	{r4, r5, r6, pc}
 2141              		.cfi_endproc
 2142              	.LFE55:
 2144              		.section	.text.HAL_CAN_GetRxFifoFillLevel,"ax",%progbits
 2145              		.align	1
 2146              		.global	HAL_CAN_GetRxFifoFillLevel
 2147              		.syntax unified
 2148              		.code	16
 2149              		.thumb_func
 2151              	HAL_CAN_GetRxFifoFillLevel:
 2152              	.LVL164:
 2153              	.LFB56:
1567:Drivers/STM32F0xx_HAL_Driver/Src/stm32f0xx_hal_can.c **** 
1568:Drivers/STM32F0xx_HAL_Driver/Src/stm32f0xx_hal_can.c **** /**
1569:Drivers/STM32F0xx_HAL_Driver/Src/stm32f0xx_hal_can.c ****   * @brief  Return Rx FIFO fill level.
1570:Drivers/STM32F0xx_HAL_Driver/Src/stm32f0xx_hal_can.c ****   * @param  hcan pointer to an CAN_HandleTypeDef structure that contains
1571:Drivers/STM32F0xx_HAL_Driver/Src/stm32f0xx_hal_can.c ****   *         the configuration information for the specified CAN.
1572:Drivers/STM32F0xx_HAL_Driver/Src/stm32f0xx_hal_can.c ****   * @param  RxFifo Rx FIFO.
1573:Drivers/STM32F0xx_HAL_Driver/Src/stm32f0xx_hal_can.c ****   *         This parameter can be a value of @arg CAN_receive_FIFO_number.
1574:Drivers/STM32F0xx_HAL_Driver/Src/stm32f0xx_hal_can.c ****   * @retval Number of messages available in Rx FIFO.
1575:Drivers/STM32F0xx_HAL_Driver/Src/stm32f0xx_hal_can.c ****   */
1576:Drivers/STM32F0xx_HAL_Driver/Src/stm32f0xx_hal_can.c **** uint32_t HAL_CAN_GetRxFifoFillLevel(const CAN_HandleTypeDef *hcan, uint32_t RxFifo)
1577:Drivers/STM32F0xx_HAL_Driver/Src/stm32f0xx_hal_can.c **** {
 2154              		.loc 1 1577 1 is_stmt 1 view -0
ARM GAS  /tmp/ccxePDI1.s 			page 72


 2155              		.cfi_startproc
 2156              		@ args = 0, pretend = 0, frame = 0
 2157              		@ frame_needed = 0, uses_anonymous_args = 0
 2158              		@ link register save eliminated.
1578:Drivers/STM32F0xx_HAL_Driver/Src/stm32f0xx_hal_can.c ****   uint32_t filllevel = 0U;
 2159              		.loc 1 1578 3 view .LVU681
1579:Drivers/STM32F0xx_HAL_Driver/Src/stm32f0xx_hal_can.c ****   HAL_CAN_StateTypeDef state = hcan->State;
 2160              		.loc 1 1579 3 view .LVU682
 2161              		.loc 1 1579 24 is_stmt 0 view .LVU683
 2162 0000 2023     		movs	r3, #32
 2163 0002 C35C     		ldrb	r3, [r0, r3]
 2164              	.LVL165:
1580:Drivers/STM32F0xx_HAL_Driver/Src/stm32f0xx_hal_can.c **** 
1581:Drivers/STM32F0xx_HAL_Driver/Src/stm32f0xx_hal_can.c ****   /* Check function parameters */
1582:Drivers/STM32F0xx_HAL_Driver/Src/stm32f0xx_hal_can.c ****   assert_param(IS_CAN_RX_FIFO(RxFifo));
 2165              		.loc 1 1582 3 is_stmt 1 view .LVU684
1583:Drivers/STM32F0xx_HAL_Driver/Src/stm32f0xx_hal_can.c **** 
1584:Drivers/STM32F0xx_HAL_Driver/Src/stm32f0xx_hal_can.c ****   if ((state == HAL_CAN_STATE_READY) ||
 2166              		.loc 1 1584 3 view .LVU685
 2167              		.loc 1 1584 38 is_stmt 0 view .LVU686
 2168 0004 013B     		subs	r3, r3, #1
 2169              	.LVL166:
 2170              		.loc 1 1584 38 view .LVU687
 2171 0006 DBB2     		uxtb	r3, r3
 2172              	.LVL167:
 2173              		.loc 1 1584 6 view .LVU688
 2174 0008 012B     		cmp	r3, #1
 2175 000a 01D9     		bls	.L138
1578:Drivers/STM32F0xx_HAL_Driver/Src/stm32f0xx_hal_can.c ****   HAL_CAN_StateTypeDef state = hcan->State;
 2176              		.loc 1 1578 12 view .LVU689
 2177 000c 0020     		movs	r0, #0
 2178              	.LVL168:
1585:Drivers/STM32F0xx_HAL_Driver/Src/stm32f0xx_hal_can.c ****       (state == HAL_CAN_STATE_LISTENING))
1586:Drivers/STM32F0xx_HAL_Driver/Src/stm32f0xx_hal_can.c ****   {
1587:Drivers/STM32F0xx_HAL_Driver/Src/stm32f0xx_hal_can.c ****     if (RxFifo == CAN_RX_FIFO0)
1588:Drivers/STM32F0xx_HAL_Driver/Src/stm32f0xx_hal_can.c ****     {
1589:Drivers/STM32F0xx_HAL_Driver/Src/stm32f0xx_hal_can.c ****       filllevel = hcan->Instance->RF0R & CAN_RF0R_FMP0;
1590:Drivers/STM32F0xx_HAL_Driver/Src/stm32f0xx_hal_can.c ****     }
1591:Drivers/STM32F0xx_HAL_Driver/Src/stm32f0xx_hal_can.c ****     else /* RxFifo == CAN_RX_FIFO1 */
1592:Drivers/STM32F0xx_HAL_Driver/Src/stm32f0xx_hal_can.c ****     {
1593:Drivers/STM32F0xx_HAL_Driver/Src/stm32f0xx_hal_can.c ****       filllevel = hcan->Instance->RF1R & CAN_RF1R_FMP1;
1594:Drivers/STM32F0xx_HAL_Driver/Src/stm32f0xx_hal_can.c ****     }
1595:Drivers/STM32F0xx_HAL_Driver/Src/stm32f0xx_hal_can.c ****   }
1596:Drivers/STM32F0xx_HAL_Driver/Src/stm32f0xx_hal_can.c **** 
1597:Drivers/STM32F0xx_HAL_Driver/Src/stm32f0xx_hal_can.c ****   /* Return Rx FIFO fill level */
1598:Drivers/STM32F0xx_HAL_Driver/Src/stm32f0xx_hal_can.c ****   return filllevel;
 2179              		.loc 1 1598 3 is_stmt 1 view .LVU690
 2180              	.L134:
1599:Drivers/STM32F0xx_HAL_Driver/Src/stm32f0xx_hal_can.c **** }
 2181              		.loc 1 1599 1 is_stmt 0 view .LVU691
 2182              		@ sp needed
 2183 000e 7047     		bx	lr
 2184              	.LVL169:
 2185              	.L138:
1587:Drivers/STM32F0xx_HAL_Driver/Src/stm32f0xx_hal_can.c ****     {
 2186              		.loc 1 1587 5 is_stmt 1 view .LVU692
1587:Drivers/STM32F0xx_HAL_Driver/Src/stm32f0xx_hal_can.c ****     {
ARM GAS  /tmp/ccxePDI1.s 			page 73


 2187              		.loc 1 1587 8 is_stmt 0 view .LVU693
 2188 0010 0029     		cmp	r1, #0
 2189 0012 04D1     		bne	.L136
1589:Drivers/STM32F0xx_HAL_Driver/Src/stm32f0xx_hal_can.c ****     }
 2190              		.loc 1 1589 7 is_stmt 1 view .LVU694
1589:Drivers/STM32F0xx_HAL_Driver/Src/stm32f0xx_hal_can.c ****     }
 2191              		.loc 1 1589 23 is_stmt 0 view .LVU695
 2192 0014 0368     		ldr	r3, [r0]
1589:Drivers/STM32F0xx_HAL_Driver/Src/stm32f0xx_hal_can.c ****     }
 2193              		.loc 1 1589 33 view .LVU696
 2194 0016 DB68     		ldr	r3, [r3, #12]
1589:Drivers/STM32F0xx_HAL_Driver/Src/stm32f0xx_hal_can.c ****     }
 2195              		.loc 1 1589 17 view .LVU697
 2196 0018 0320     		movs	r0, #3
 2197              	.LVL170:
1589:Drivers/STM32F0xx_HAL_Driver/Src/stm32f0xx_hal_can.c ****     }
 2198              		.loc 1 1589 17 view .LVU698
 2199 001a 1840     		ands	r0, r3
 2200              	.LVL171:
1589:Drivers/STM32F0xx_HAL_Driver/Src/stm32f0xx_hal_can.c ****     }
 2201              		.loc 1 1589 17 view .LVU699
 2202 001c F7E7     		b	.L134
 2203              	.LVL172:
 2204              	.L136:
1593:Drivers/STM32F0xx_HAL_Driver/Src/stm32f0xx_hal_can.c ****     }
 2205              		.loc 1 1593 7 is_stmt 1 view .LVU700
1593:Drivers/STM32F0xx_HAL_Driver/Src/stm32f0xx_hal_can.c ****     }
 2206              		.loc 1 1593 23 is_stmt 0 view .LVU701
 2207 001e 0368     		ldr	r3, [r0]
1593:Drivers/STM32F0xx_HAL_Driver/Src/stm32f0xx_hal_can.c ****     }
 2208              		.loc 1 1593 33 view .LVU702
 2209 0020 1B69     		ldr	r3, [r3, #16]
1593:Drivers/STM32F0xx_HAL_Driver/Src/stm32f0xx_hal_can.c ****     }
 2210              		.loc 1 1593 17 view .LVU703
 2211 0022 0320     		movs	r0, #3
 2212              	.LVL173:
1593:Drivers/STM32F0xx_HAL_Driver/Src/stm32f0xx_hal_can.c ****     }
 2213              		.loc 1 1593 17 view .LVU704
 2214 0024 1840     		ands	r0, r3
 2215              	.LVL174:
1593:Drivers/STM32F0xx_HAL_Driver/Src/stm32f0xx_hal_can.c ****     }
 2216              		.loc 1 1593 17 view .LVU705
 2217 0026 F2E7     		b	.L134
 2218              		.cfi_endproc
 2219              	.LFE56:
 2221              		.section	.text.HAL_CAN_ActivateNotification,"ax",%progbits
 2222              		.align	1
 2223              		.global	HAL_CAN_ActivateNotification
 2224              		.syntax unified
 2225              		.code	16
 2226              		.thumb_func
 2228              	HAL_CAN_ActivateNotification:
 2229              	.LVL175:
 2230              	.LFB57:
1600:Drivers/STM32F0xx_HAL_Driver/Src/stm32f0xx_hal_can.c **** 
1601:Drivers/STM32F0xx_HAL_Driver/Src/stm32f0xx_hal_can.c **** /**
1602:Drivers/STM32F0xx_HAL_Driver/Src/stm32f0xx_hal_can.c ****   * @}
ARM GAS  /tmp/ccxePDI1.s 			page 74


1603:Drivers/STM32F0xx_HAL_Driver/Src/stm32f0xx_hal_can.c ****   */
1604:Drivers/STM32F0xx_HAL_Driver/Src/stm32f0xx_hal_can.c **** 
1605:Drivers/STM32F0xx_HAL_Driver/Src/stm32f0xx_hal_can.c **** /** @defgroup CAN_Exported_Functions_Group4 Interrupts management
1606:Drivers/STM32F0xx_HAL_Driver/Src/stm32f0xx_hal_can.c ****   * @brief    Interrupts management
1607:Drivers/STM32F0xx_HAL_Driver/Src/stm32f0xx_hal_can.c ****   *
1608:Drivers/STM32F0xx_HAL_Driver/Src/stm32f0xx_hal_can.c **** @verbatim
1609:Drivers/STM32F0xx_HAL_Driver/Src/stm32f0xx_hal_can.c ****   ==============================================================================
1610:Drivers/STM32F0xx_HAL_Driver/Src/stm32f0xx_hal_can.c ****                        ##### Interrupts management #####
1611:Drivers/STM32F0xx_HAL_Driver/Src/stm32f0xx_hal_can.c ****   ==============================================================================
1612:Drivers/STM32F0xx_HAL_Driver/Src/stm32f0xx_hal_can.c ****     [..]  This section provides functions allowing to:
1613:Drivers/STM32F0xx_HAL_Driver/Src/stm32f0xx_hal_can.c ****       (+) HAL_CAN_ActivateNotification      : Enable interrupts
1614:Drivers/STM32F0xx_HAL_Driver/Src/stm32f0xx_hal_can.c ****       (+) HAL_CAN_DeactivateNotification    : Disable interrupts
1615:Drivers/STM32F0xx_HAL_Driver/Src/stm32f0xx_hal_can.c ****       (+) HAL_CAN_IRQHandler                : Handles CAN interrupt request
1616:Drivers/STM32F0xx_HAL_Driver/Src/stm32f0xx_hal_can.c **** 
1617:Drivers/STM32F0xx_HAL_Driver/Src/stm32f0xx_hal_can.c **** @endverbatim
1618:Drivers/STM32F0xx_HAL_Driver/Src/stm32f0xx_hal_can.c ****   * @{
1619:Drivers/STM32F0xx_HAL_Driver/Src/stm32f0xx_hal_can.c ****   */
1620:Drivers/STM32F0xx_HAL_Driver/Src/stm32f0xx_hal_can.c **** 
1621:Drivers/STM32F0xx_HAL_Driver/Src/stm32f0xx_hal_can.c **** /**
1622:Drivers/STM32F0xx_HAL_Driver/Src/stm32f0xx_hal_can.c ****   * @brief  Enable interrupts.
1623:Drivers/STM32F0xx_HAL_Driver/Src/stm32f0xx_hal_can.c ****   * @param  hcan pointer to an CAN_HandleTypeDef structure that contains
1624:Drivers/STM32F0xx_HAL_Driver/Src/stm32f0xx_hal_can.c ****   *         the configuration information for the specified CAN.
1625:Drivers/STM32F0xx_HAL_Driver/Src/stm32f0xx_hal_can.c ****   * @param  ActiveITs indicates which interrupts will be enabled.
1626:Drivers/STM32F0xx_HAL_Driver/Src/stm32f0xx_hal_can.c ****   *         This parameter can be any combination of @arg CAN_Interrupts.
1627:Drivers/STM32F0xx_HAL_Driver/Src/stm32f0xx_hal_can.c ****   * @retval HAL status
1628:Drivers/STM32F0xx_HAL_Driver/Src/stm32f0xx_hal_can.c ****   */
1629:Drivers/STM32F0xx_HAL_Driver/Src/stm32f0xx_hal_can.c **** HAL_StatusTypeDef HAL_CAN_ActivateNotification(CAN_HandleTypeDef *hcan, uint32_t ActiveITs)
1630:Drivers/STM32F0xx_HAL_Driver/Src/stm32f0xx_hal_can.c **** {
 2231              		.loc 1 1630 1 is_stmt 1 view -0
 2232              		.cfi_startproc
 2233              		@ args = 0, pretend = 0, frame = 0
 2234              		@ frame_needed = 0, uses_anonymous_args = 0
 2235              		@ link register save eliminated.
1631:Drivers/STM32F0xx_HAL_Driver/Src/stm32f0xx_hal_can.c ****   HAL_CAN_StateTypeDef state = hcan->State;
 2236              		.loc 1 1631 3 view .LVU707
 2237              		.loc 1 1631 24 is_stmt 0 view .LVU708
 2238 0000 2023     		movs	r3, #32
 2239 0002 C35C     		ldrb	r3, [r0, r3]
 2240              	.LVL176:
1632:Drivers/STM32F0xx_HAL_Driver/Src/stm32f0xx_hal_can.c **** 
1633:Drivers/STM32F0xx_HAL_Driver/Src/stm32f0xx_hal_can.c ****   /* Check function parameters */
1634:Drivers/STM32F0xx_HAL_Driver/Src/stm32f0xx_hal_can.c ****   assert_param(IS_CAN_IT(ActiveITs));
 2241              		.loc 1 1634 3 is_stmt 1 view .LVU709
1635:Drivers/STM32F0xx_HAL_Driver/Src/stm32f0xx_hal_can.c **** 
1636:Drivers/STM32F0xx_HAL_Driver/Src/stm32f0xx_hal_can.c ****   if ((state == HAL_CAN_STATE_READY) ||
 2242              		.loc 1 1636 3 view .LVU710
 2243              		.loc 1 1636 38 is_stmt 0 view .LVU711
 2244 0004 013B     		subs	r3, r3, #1
 2245              	.LVL177:
 2246              		.loc 1 1636 38 view .LVU712
 2247 0006 DBB2     		uxtb	r3, r3
 2248              	.LVL178:
 2249              		.loc 1 1636 6 view .LVU713
 2250 0008 012B     		cmp	r3, #1
 2251 000a 06D9     		bls	.L142
1637:Drivers/STM32F0xx_HAL_Driver/Src/stm32f0xx_hal_can.c ****       (state == HAL_CAN_STATE_LISTENING))
1638:Drivers/STM32F0xx_HAL_Driver/Src/stm32f0xx_hal_can.c ****   {
ARM GAS  /tmp/ccxePDI1.s 			page 75


1639:Drivers/STM32F0xx_HAL_Driver/Src/stm32f0xx_hal_can.c ****     /* Enable the selected interrupts */
1640:Drivers/STM32F0xx_HAL_Driver/Src/stm32f0xx_hal_can.c ****     __HAL_CAN_ENABLE_IT(hcan, ActiveITs);
1641:Drivers/STM32F0xx_HAL_Driver/Src/stm32f0xx_hal_can.c **** 
1642:Drivers/STM32F0xx_HAL_Driver/Src/stm32f0xx_hal_can.c ****     /* Return function status */
1643:Drivers/STM32F0xx_HAL_Driver/Src/stm32f0xx_hal_can.c ****     return HAL_OK;
1644:Drivers/STM32F0xx_HAL_Driver/Src/stm32f0xx_hal_can.c ****   }
1645:Drivers/STM32F0xx_HAL_Driver/Src/stm32f0xx_hal_can.c ****   else
1646:Drivers/STM32F0xx_HAL_Driver/Src/stm32f0xx_hal_can.c ****   {
1647:Drivers/STM32F0xx_HAL_Driver/Src/stm32f0xx_hal_can.c ****     /* Update error code */
1648:Drivers/STM32F0xx_HAL_Driver/Src/stm32f0xx_hal_can.c ****     hcan->ErrorCode |= HAL_CAN_ERROR_NOT_INITIALIZED;
 2252              		.loc 1 1648 5 is_stmt 1 view .LVU714
 2253              		.loc 1 1648 9 is_stmt 0 view .LVU715
 2254 000c 426A     		ldr	r2, [r0, #36]
 2255              		.loc 1 1648 21 view .LVU716
 2256 000e 8023     		movs	r3, #128
 2257 0010 DB02     		lsls	r3, r3, #11
 2258 0012 1343     		orrs	r3, r2
 2259 0014 4362     		str	r3, [r0, #36]
1649:Drivers/STM32F0xx_HAL_Driver/Src/stm32f0xx_hal_can.c **** 
1650:Drivers/STM32F0xx_HAL_Driver/Src/stm32f0xx_hal_can.c ****     return HAL_ERROR;
 2260              		.loc 1 1650 5 is_stmt 1 view .LVU717
 2261              		.loc 1 1650 12 is_stmt 0 view .LVU718
 2262 0016 0120     		movs	r0, #1
 2263              	.LVL179:
 2264              	.L141:
1651:Drivers/STM32F0xx_HAL_Driver/Src/stm32f0xx_hal_can.c ****   }
1652:Drivers/STM32F0xx_HAL_Driver/Src/stm32f0xx_hal_can.c **** }
 2265              		.loc 1 1652 1 view .LVU719
 2266              		@ sp needed
 2267 0018 7047     		bx	lr
 2268              	.LVL180:
 2269              	.L142:
1640:Drivers/STM32F0xx_HAL_Driver/Src/stm32f0xx_hal_can.c **** 
 2270              		.loc 1 1640 5 is_stmt 1 view .LVU720
 2271 001a 0268     		ldr	r2, [r0]
 2272 001c 5369     		ldr	r3, [r2, #20]
 2273 001e 0B43     		orrs	r3, r1
 2274 0020 5361     		str	r3, [r2, #20]
1643:Drivers/STM32F0xx_HAL_Driver/Src/stm32f0xx_hal_can.c ****   }
 2275              		.loc 1 1643 5 view .LVU721
1643:Drivers/STM32F0xx_HAL_Driver/Src/stm32f0xx_hal_can.c ****   }
 2276              		.loc 1 1643 12 is_stmt 0 view .LVU722
 2277 0022 0020     		movs	r0, #0
 2278              	.LVL181:
1643:Drivers/STM32F0xx_HAL_Driver/Src/stm32f0xx_hal_can.c ****   }
 2279              		.loc 1 1643 12 view .LVU723
 2280 0024 F8E7     		b	.L141
 2281              		.cfi_endproc
 2282              	.LFE57:
 2284              		.section	.text.HAL_CAN_DeactivateNotification,"ax",%progbits
 2285              		.align	1
 2286              		.global	HAL_CAN_DeactivateNotification
 2287              		.syntax unified
 2288              		.code	16
 2289              		.thumb_func
 2291              	HAL_CAN_DeactivateNotification:
 2292              	.LVL182:
ARM GAS  /tmp/ccxePDI1.s 			page 76


 2293              	.LFB58:
1653:Drivers/STM32F0xx_HAL_Driver/Src/stm32f0xx_hal_can.c **** 
1654:Drivers/STM32F0xx_HAL_Driver/Src/stm32f0xx_hal_can.c **** /**
1655:Drivers/STM32F0xx_HAL_Driver/Src/stm32f0xx_hal_can.c ****   * @brief  Disable interrupts.
1656:Drivers/STM32F0xx_HAL_Driver/Src/stm32f0xx_hal_can.c ****   * @param  hcan pointer to an CAN_HandleTypeDef structure that contains
1657:Drivers/STM32F0xx_HAL_Driver/Src/stm32f0xx_hal_can.c ****   *         the configuration information for the specified CAN.
1658:Drivers/STM32F0xx_HAL_Driver/Src/stm32f0xx_hal_can.c ****   * @param  InactiveITs indicates which interrupts will be disabled.
1659:Drivers/STM32F0xx_HAL_Driver/Src/stm32f0xx_hal_can.c ****   *         This parameter can be any combination of @arg CAN_Interrupts.
1660:Drivers/STM32F0xx_HAL_Driver/Src/stm32f0xx_hal_can.c ****   * @retval HAL status
1661:Drivers/STM32F0xx_HAL_Driver/Src/stm32f0xx_hal_can.c ****   */
1662:Drivers/STM32F0xx_HAL_Driver/Src/stm32f0xx_hal_can.c **** HAL_StatusTypeDef HAL_CAN_DeactivateNotification(CAN_HandleTypeDef *hcan, uint32_t InactiveITs)
1663:Drivers/STM32F0xx_HAL_Driver/Src/stm32f0xx_hal_can.c **** {
 2294              		.loc 1 1663 1 is_stmt 1 view -0
 2295              		.cfi_startproc
 2296              		@ args = 0, pretend = 0, frame = 0
 2297              		@ frame_needed = 0, uses_anonymous_args = 0
 2298              		@ link register save eliminated.
1664:Drivers/STM32F0xx_HAL_Driver/Src/stm32f0xx_hal_can.c ****   HAL_CAN_StateTypeDef state = hcan->State;
 2299              		.loc 1 1664 3 view .LVU725
 2300              		.loc 1 1664 24 is_stmt 0 view .LVU726
 2301 0000 2023     		movs	r3, #32
 2302 0002 C35C     		ldrb	r3, [r0, r3]
 2303              	.LVL183:
1665:Drivers/STM32F0xx_HAL_Driver/Src/stm32f0xx_hal_can.c **** 
1666:Drivers/STM32F0xx_HAL_Driver/Src/stm32f0xx_hal_can.c ****   /* Check function parameters */
1667:Drivers/STM32F0xx_HAL_Driver/Src/stm32f0xx_hal_can.c ****   assert_param(IS_CAN_IT(InactiveITs));
 2304              		.loc 1 1667 3 is_stmt 1 view .LVU727
1668:Drivers/STM32F0xx_HAL_Driver/Src/stm32f0xx_hal_can.c **** 
1669:Drivers/STM32F0xx_HAL_Driver/Src/stm32f0xx_hal_can.c ****   if ((state == HAL_CAN_STATE_READY) ||
 2305              		.loc 1 1669 3 view .LVU728
 2306              		.loc 1 1669 38 is_stmt 0 view .LVU729
 2307 0004 013B     		subs	r3, r3, #1
 2308              	.LVL184:
 2309              		.loc 1 1669 38 view .LVU730
 2310 0006 DBB2     		uxtb	r3, r3
 2311              	.LVL185:
 2312              		.loc 1 1669 6 view .LVU731
 2313 0008 012B     		cmp	r3, #1
 2314 000a 06D9     		bls	.L146
1670:Drivers/STM32F0xx_HAL_Driver/Src/stm32f0xx_hal_can.c ****       (state == HAL_CAN_STATE_LISTENING))
1671:Drivers/STM32F0xx_HAL_Driver/Src/stm32f0xx_hal_can.c ****   {
1672:Drivers/STM32F0xx_HAL_Driver/Src/stm32f0xx_hal_can.c ****     /* Disable the selected interrupts */
1673:Drivers/STM32F0xx_HAL_Driver/Src/stm32f0xx_hal_can.c ****     __HAL_CAN_DISABLE_IT(hcan, InactiveITs);
1674:Drivers/STM32F0xx_HAL_Driver/Src/stm32f0xx_hal_can.c **** 
1675:Drivers/STM32F0xx_HAL_Driver/Src/stm32f0xx_hal_can.c ****     /* Return function status */
1676:Drivers/STM32F0xx_HAL_Driver/Src/stm32f0xx_hal_can.c ****     return HAL_OK;
1677:Drivers/STM32F0xx_HAL_Driver/Src/stm32f0xx_hal_can.c ****   }
1678:Drivers/STM32F0xx_HAL_Driver/Src/stm32f0xx_hal_can.c ****   else
1679:Drivers/STM32F0xx_HAL_Driver/Src/stm32f0xx_hal_can.c ****   {
1680:Drivers/STM32F0xx_HAL_Driver/Src/stm32f0xx_hal_can.c ****     /* Update error code */
1681:Drivers/STM32F0xx_HAL_Driver/Src/stm32f0xx_hal_can.c ****     hcan->ErrorCode |= HAL_CAN_ERROR_NOT_INITIALIZED;
 2315              		.loc 1 1681 5 is_stmt 1 view .LVU732
 2316              		.loc 1 1681 9 is_stmt 0 view .LVU733
 2317 000c 426A     		ldr	r2, [r0, #36]
 2318              		.loc 1 1681 21 view .LVU734
 2319 000e 8023     		movs	r3, #128
 2320 0010 DB02     		lsls	r3, r3, #11
ARM GAS  /tmp/ccxePDI1.s 			page 77


 2321 0012 1343     		orrs	r3, r2
 2322 0014 4362     		str	r3, [r0, #36]
1682:Drivers/STM32F0xx_HAL_Driver/Src/stm32f0xx_hal_can.c **** 
1683:Drivers/STM32F0xx_HAL_Driver/Src/stm32f0xx_hal_can.c ****     return HAL_ERROR;
 2323              		.loc 1 1683 5 is_stmt 1 view .LVU735
 2324              		.loc 1 1683 12 is_stmt 0 view .LVU736
 2325 0016 0120     		movs	r0, #1
 2326              	.LVL186:
 2327              	.L145:
1684:Drivers/STM32F0xx_HAL_Driver/Src/stm32f0xx_hal_can.c ****   }
1685:Drivers/STM32F0xx_HAL_Driver/Src/stm32f0xx_hal_can.c **** }
 2328              		.loc 1 1685 1 view .LVU737
 2329              		@ sp needed
 2330 0018 7047     		bx	lr
 2331              	.LVL187:
 2332              	.L146:
1673:Drivers/STM32F0xx_HAL_Driver/Src/stm32f0xx_hal_can.c **** 
 2333              		.loc 1 1673 5 is_stmt 1 view .LVU738
 2334 001a 0268     		ldr	r2, [r0]
 2335 001c 5369     		ldr	r3, [r2, #20]
 2336 001e 8B43     		bics	r3, r1
 2337 0020 5361     		str	r3, [r2, #20]
1676:Drivers/STM32F0xx_HAL_Driver/Src/stm32f0xx_hal_can.c ****   }
 2338              		.loc 1 1676 5 view .LVU739
1676:Drivers/STM32F0xx_HAL_Driver/Src/stm32f0xx_hal_can.c ****   }
 2339              		.loc 1 1676 12 is_stmt 0 view .LVU740
 2340 0022 0020     		movs	r0, #0
 2341              	.LVL188:
1676:Drivers/STM32F0xx_HAL_Driver/Src/stm32f0xx_hal_can.c ****   }
 2342              		.loc 1 1676 12 view .LVU741
 2343 0024 F8E7     		b	.L145
 2344              		.cfi_endproc
 2345              	.LFE58:
 2347              		.section	.text.HAL_CAN_TxMailbox0CompleteCallback,"ax",%progbits
 2348              		.align	1
 2349              		.weak	HAL_CAN_TxMailbox0CompleteCallback
 2350              		.syntax unified
 2351              		.code	16
 2352              		.thumb_func
 2354              	HAL_CAN_TxMailbox0CompleteCallback:
 2355              	.LVL189:
 2356              	.LFB60:
1686:Drivers/STM32F0xx_HAL_Driver/Src/stm32f0xx_hal_can.c **** 
1687:Drivers/STM32F0xx_HAL_Driver/Src/stm32f0xx_hal_can.c **** /**
1688:Drivers/STM32F0xx_HAL_Driver/Src/stm32f0xx_hal_can.c ****   * @brief  Handles CAN interrupt request
1689:Drivers/STM32F0xx_HAL_Driver/Src/stm32f0xx_hal_can.c ****   * @param  hcan pointer to a CAN_HandleTypeDef structure that contains
1690:Drivers/STM32F0xx_HAL_Driver/Src/stm32f0xx_hal_can.c ****   *         the configuration information for the specified CAN.
1691:Drivers/STM32F0xx_HAL_Driver/Src/stm32f0xx_hal_can.c ****   * @retval None
1692:Drivers/STM32F0xx_HAL_Driver/Src/stm32f0xx_hal_can.c ****   */
1693:Drivers/STM32F0xx_HAL_Driver/Src/stm32f0xx_hal_can.c **** void HAL_CAN_IRQHandler(CAN_HandleTypeDef *hcan)
1694:Drivers/STM32F0xx_HAL_Driver/Src/stm32f0xx_hal_can.c **** {
1695:Drivers/STM32F0xx_HAL_Driver/Src/stm32f0xx_hal_can.c ****   uint32_t errorcode = HAL_CAN_ERROR_NONE;
1696:Drivers/STM32F0xx_HAL_Driver/Src/stm32f0xx_hal_can.c ****   uint32_t interrupts = READ_REG(hcan->Instance->IER);
1697:Drivers/STM32F0xx_HAL_Driver/Src/stm32f0xx_hal_can.c ****   uint32_t msrflags = READ_REG(hcan->Instance->MSR);
1698:Drivers/STM32F0xx_HAL_Driver/Src/stm32f0xx_hal_can.c ****   uint32_t tsrflags = READ_REG(hcan->Instance->TSR);
1699:Drivers/STM32F0xx_HAL_Driver/Src/stm32f0xx_hal_can.c ****   uint32_t rf0rflags = READ_REG(hcan->Instance->RF0R);
1700:Drivers/STM32F0xx_HAL_Driver/Src/stm32f0xx_hal_can.c ****   uint32_t rf1rflags = READ_REG(hcan->Instance->RF1R);
ARM GAS  /tmp/ccxePDI1.s 			page 78


1701:Drivers/STM32F0xx_HAL_Driver/Src/stm32f0xx_hal_can.c ****   uint32_t esrflags = READ_REG(hcan->Instance->ESR);
1702:Drivers/STM32F0xx_HAL_Driver/Src/stm32f0xx_hal_can.c **** 
1703:Drivers/STM32F0xx_HAL_Driver/Src/stm32f0xx_hal_can.c ****   /* Transmit Mailbox empty interrupt management *****************************/
1704:Drivers/STM32F0xx_HAL_Driver/Src/stm32f0xx_hal_can.c ****   if ((interrupts & CAN_IT_TX_MAILBOX_EMPTY) != 0U)
1705:Drivers/STM32F0xx_HAL_Driver/Src/stm32f0xx_hal_can.c ****   {
1706:Drivers/STM32F0xx_HAL_Driver/Src/stm32f0xx_hal_can.c ****     /* Transmit Mailbox 0 management *****************************************/
1707:Drivers/STM32F0xx_HAL_Driver/Src/stm32f0xx_hal_can.c ****     if ((tsrflags & CAN_TSR_RQCP0) != 0U)
1708:Drivers/STM32F0xx_HAL_Driver/Src/stm32f0xx_hal_can.c ****     {
1709:Drivers/STM32F0xx_HAL_Driver/Src/stm32f0xx_hal_can.c ****       /* Clear the Transmission Complete flag (and TXOK0,ALST0,TERR0 bits) */
1710:Drivers/STM32F0xx_HAL_Driver/Src/stm32f0xx_hal_can.c ****       __HAL_CAN_CLEAR_FLAG(hcan, CAN_FLAG_RQCP0);
1711:Drivers/STM32F0xx_HAL_Driver/Src/stm32f0xx_hal_can.c **** 
1712:Drivers/STM32F0xx_HAL_Driver/Src/stm32f0xx_hal_can.c ****       if ((tsrflags & CAN_TSR_TXOK0) != 0U)
1713:Drivers/STM32F0xx_HAL_Driver/Src/stm32f0xx_hal_can.c ****       {
1714:Drivers/STM32F0xx_HAL_Driver/Src/stm32f0xx_hal_can.c ****         /* Transmission Mailbox 0 complete callback */
1715:Drivers/STM32F0xx_HAL_Driver/Src/stm32f0xx_hal_can.c **** #if USE_HAL_CAN_REGISTER_CALLBACKS == 1
1716:Drivers/STM32F0xx_HAL_Driver/Src/stm32f0xx_hal_can.c ****         /* Call registered callback*/
1717:Drivers/STM32F0xx_HAL_Driver/Src/stm32f0xx_hal_can.c ****         hcan->TxMailbox0CompleteCallback(hcan);
1718:Drivers/STM32F0xx_HAL_Driver/Src/stm32f0xx_hal_can.c **** #else
1719:Drivers/STM32F0xx_HAL_Driver/Src/stm32f0xx_hal_can.c ****         /* Call weak (surcharged) callback */
1720:Drivers/STM32F0xx_HAL_Driver/Src/stm32f0xx_hal_can.c ****         HAL_CAN_TxMailbox0CompleteCallback(hcan);
1721:Drivers/STM32F0xx_HAL_Driver/Src/stm32f0xx_hal_can.c **** #endif /* USE_HAL_CAN_REGISTER_CALLBACKS */
1722:Drivers/STM32F0xx_HAL_Driver/Src/stm32f0xx_hal_can.c ****       }
1723:Drivers/STM32F0xx_HAL_Driver/Src/stm32f0xx_hal_can.c ****       else
1724:Drivers/STM32F0xx_HAL_Driver/Src/stm32f0xx_hal_can.c ****       {
1725:Drivers/STM32F0xx_HAL_Driver/Src/stm32f0xx_hal_can.c ****         if ((tsrflags & CAN_TSR_ALST0) != 0U)
1726:Drivers/STM32F0xx_HAL_Driver/Src/stm32f0xx_hal_can.c ****         {
1727:Drivers/STM32F0xx_HAL_Driver/Src/stm32f0xx_hal_can.c ****           /* Update error code */
1728:Drivers/STM32F0xx_HAL_Driver/Src/stm32f0xx_hal_can.c ****           errorcode |= HAL_CAN_ERROR_TX_ALST0;
1729:Drivers/STM32F0xx_HAL_Driver/Src/stm32f0xx_hal_can.c ****         }
1730:Drivers/STM32F0xx_HAL_Driver/Src/stm32f0xx_hal_can.c ****         else if ((tsrflags & CAN_TSR_TERR0) != 0U)
1731:Drivers/STM32F0xx_HAL_Driver/Src/stm32f0xx_hal_can.c ****         {
1732:Drivers/STM32F0xx_HAL_Driver/Src/stm32f0xx_hal_can.c ****           /* Update error code */
1733:Drivers/STM32F0xx_HAL_Driver/Src/stm32f0xx_hal_can.c ****           errorcode |= HAL_CAN_ERROR_TX_TERR0;
1734:Drivers/STM32F0xx_HAL_Driver/Src/stm32f0xx_hal_can.c ****         }
1735:Drivers/STM32F0xx_HAL_Driver/Src/stm32f0xx_hal_can.c ****         else
1736:Drivers/STM32F0xx_HAL_Driver/Src/stm32f0xx_hal_can.c ****         {
1737:Drivers/STM32F0xx_HAL_Driver/Src/stm32f0xx_hal_can.c ****           /* Transmission Mailbox 0 abort callback */
1738:Drivers/STM32F0xx_HAL_Driver/Src/stm32f0xx_hal_can.c **** #if USE_HAL_CAN_REGISTER_CALLBACKS == 1
1739:Drivers/STM32F0xx_HAL_Driver/Src/stm32f0xx_hal_can.c ****           /* Call registered callback*/
1740:Drivers/STM32F0xx_HAL_Driver/Src/stm32f0xx_hal_can.c ****           hcan->TxMailbox0AbortCallback(hcan);
1741:Drivers/STM32F0xx_HAL_Driver/Src/stm32f0xx_hal_can.c **** #else
1742:Drivers/STM32F0xx_HAL_Driver/Src/stm32f0xx_hal_can.c ****           /* Call weak (surcharged) callback */
1743:Drivers/STM32F0xx_HAL_Driver/Src/stm32f0xx_hal_can.c ****           HAL_CAN_TxMailbox0AbortCallback(hcan);
1744:Drivers/STM32F0xx_HAL_Driver/Src/stm32f0xx_hal_can.c **** #endif /* USE_HAL_CAN_REGISTER_CALLBACKS */
1745:Drivers/STM32F0xx_HAL_Driver/Src/stm32f0xx_hal_can.c ****         }
1746:Drivers/STM32F0xx_HAL_Driver/Src/stm32f0xx_hal_can.c ****       }
1747:Drivers/STM32F0xx_HAL_Driver/Src/stm32f0xx_hal_can.c ****     }
1748:Drivers/STM32F0xx_HAL_Driver/Src/stm32f0xx_hal_can.c **** 
1749:Drivers/STM32F0xx_HAL_Driver/Src/stm32f0xx_hal_can.c ****     /* Transmit Mailbox 1 management *****************************************/
1750:Drivers/STM32F0xx_HAL_Driver/Src/stm32f0xx_hal_can.c ****     if ((tsrflags & CAN_TSR_RQCP1) != 0U)
1751:Drivers/STM32F0xx_HAL_Driver/Src/stm32f0xx_hal_can.c ****     {
1752:Drivers/STM32F0xx_HAL_Driver/Src/stm32f0xx_hal_can.c ****       /* Clear the Transmission Complete flag (and TXOK1,ALST1,TERR1 bits) */
1753:Drivers/STM32F0xx_HAL_Driver/Src/stm32f0xx_hal_can.c ****       __HAL_CAN_CLEAR_FLAG(hcan, CAN_FLAG_RQCP1);
1754:Drivers/STM32F0xx_HAL_Driver/Src/stm32f0xx_hal_can.c **** 
1755:Drivers/STM32F0xx_HAL_Driver/Src/stm32f0xx_hal_can.c ****       if ((tsrflags & CAN_TSR_TXOK1) != 0U)
1756:Drivers/STM32F0xx_HAL_Driver/Src/stm32f0xx_hal_can.c ****       {
1757:Drivers/STM32F0xx_HAL_Driver/Src/stm32f0xx_hal_can.c ****         /* Transmission Mailbox 1 complete callback */
ARM GAS  /tmp/ccxePDI1.s 			page 79


1758:Drivers/STM32F0xx_HAL_Driver/Src/stm32f0xx_hal_can.c **** #if USE_HAL_CAN_REGISTER_CALLBACKS == 1
1759:Drivers/STM32F0xx_HAL_Driver/Src/stm32f0xx_hal_can.c ****         /* Call registered callback*/
1760:Drivers/STM32F0xx_HAL_Driver/Src/stm32f0xx_hal_can.c ****         hcan->TxMailbox1CompleteCallback(hcan);
1761:Drivers/STM32F0xx_HAL_Driver/Src/stm32f0xx_hal_can.c **** #else
1762:Drivers/STM32F0xx_HAL_Driver/Src/stm32f0xx_hal_can.c ****         /* Call weak (surcharged) callback */
1763:Drivers/STM32F0xx_HAL_Driver/Src/stm32f0xx_hal_can.c ****         HAL_CAN_TxMailbox1CompleteCallback(hcan);
1764:Drivers/STM32F0xx_HAL_Driver/Src/stm32f0xx_hal_can.c **** #endif /* USE_HAL_CAN_REGISTER_CALLBACKS */
1765:Drivers/STM32F0xx_HAL_Driver/Src/stm32f0xx_hal_can.c ****       }
1766:Drivers/STM32F0xx_HAL_Driver/Src/stm32f0xx_hal_can.c ****       else
1767:Drivers/STM32F0xx_HAL_Driver/Src/stm32f0xx_hal_can.c ****       {
1768:Drivers/STM32F0xx_HAL_Driver/Src/stm32f0xx_hal_can.c ****         if ((tsrflags & CAN_TSR_ALST1) != 0U)
1769:Drivers/STM32F0xx_HAL_Driver/Src/stm32f0xx_hal_can.c ****         {
1770:Drivers/STM32F0xx_HAL_Driver/Src/stm32f0xx_hal_can.c ****           /* Update error code */
1771:Drivers/STM32F0xx_HAL_Driver/Src/stm32f0xx_hal_can.c ****           errorcode |= HAL_CAN_ERROR_TX_ALST1;
1772:Drivers/STM32F0xx_HAL_Driver/Src/stm32f0xx_hal_can.c ****         }
1773:Drivers/STM32F0xx_HAL_Driver/Src/stm32f0xx_hal_can.c ****         else if ((tsrflags & CAN_TSR_TERR1) != 0U)
1774:Drivers/STM32F0xx_HAL_Driver/Src/stm32f0xx_hal_can.c ****         {
1775:Drivers/STM32F0xx_HAL_Driver/Src/stm32f0xx_hal_can.c ****           /* Update error code */
1776:Drivers/STM32F0xx_HAL_Driver/Src/stm32f0xx_hal_can.c ****           errorcode |= HAL_CAN_ERROR_TX_TERR1;
1777:Drivers/STM32F0xx_HAL_Driver/Src/stm32f0xx_hal_can.c ****         }
1778:Drivers/STM32F0xx_HAL_Driver/Src/stm32f0xx_hal_can.c ****         else
1779:Drivers/STM32F0xx_HAL_Driver/Src/stm32f0xx_hal_can.c ****         {
1780:Drivers/STM32F0xx_HAL_Driver/Src/stm32f0xx_hal_can.c ****           /* Transmission Mailbox 1 abort callback */
1781:Drivers/STM32F0xx_HAL_Driver/Src/stm32f0xx_hal_can.c **** #if USE_HAL_CAN_REGISTER_CALLBACKS == 1
1782:Drivers/STM32F0xx_HAL_Driver/Src/stm32f0xx_hal_can.c ****           /* Call registered callback*/
1783:Drivers/STM32F0xx_HAL_Driver/Src/stm32f0xx_hal_can.c ****           hcan->TxMailbox1AbortCallback(hcan);
1784:Drivers/STM32F0xx_HAL_Driver/Src/stm32f0xx_hal_can.c **** #else
1785:Drivers/STM32F0xx_HAL_Driver/Src/stm32f0xx_hal_can.c ****           /* Call weak (surcharged) callback */
1786:Drivers/STM32F0xx_HAL_Driver/Src/stm32f0xx_hal_can.c ****           HAL_CAN_TxMailbox1AbortCallback(hcan);
1787:Drivers/STM32F0xx_HAL_Driver/Src/stm32f0xx_hal_can.c **** #endif /* USE_HAL_CAN_REGISTER_CALLBACKS */
1788:Drivers/STM32F0xx_HAL_Driver/Src/stm32f0xx_hal_can.c ****         }
1789:Drivers/STM32F0xx_HAL_Driver/Src/stm32f0xx_hal_can.c ****       }
1790:Drivers/STM32F0xx_HAL_Driver/Src/stm32f0xx_hal_can.c ****     }
1791:Drivers/STM32F0xx_HAL_Driver/Src/stm32f0xx_hal_can.c **** 
1792:Drivers/STM32F0xx_HAL_Driver/Src/stm32f0xx_hal_can.c ****     /* Transmit Mailbox 2 management *****************************************/
1793:Drivers/STM32F0xx_HAL_Driver/Src/stm32f0xx_hal_can.c ****     if ((tsrflags & CAN_TSR_RQCP2) != 0U)
1794:Drivers/STM32F0xx_HAL_Driver/Src/stm32f0xx_hal_can.c ****     {
1795:Drivers/STM32F0xx_HAL_Driver/Src/stm32f0xx_hal_can.c ****       /* Clear the Transmission Complete flag (and TXOK2,ALST2,TERR2 bits) */
1796:Drivers/STM32F0xx_HAL_Driver/Src/stm32f0xx_hal_can.c ****       __HAL_CAN_CLEAR_FLAG(hcan, CAN_FLAG_RQCP2);
1797:Drivers/STM32F0xx_HAL_Driver/Src/stm32f0xx_hal_can.c **** 
1798:Drivers/STM32F0xx_HAL_Driver/Src/stm32f0xx_hal_can.c ****       if ((tsrflags & CAN_TSR_TXOK2) != 0U)
1799:Drivers/STM32F0xx_HAL_Driver/Src/stm32f0xx_hal_can.c ****       {
1800:Drivers/STM32F0xx_HAL_Driver/Src/stm32f0xx_hal_can.c ****         /* Transmission Mailbox 2 complete callback */
1801:Drivers/STM32F0xx_HAL_Driver/Src/stm32f0xx_hal_can.c **** #if USE_HAL_CAN_REGISTER_CALLBACKS == 1
1802:Drivers/STM32F0xx_HAL_Driver/Src/stm32f0xx_hal_can.c ****         /* Call registered callback*/
1803:Drivers/STM32F0xx_HAL_Driver/Src/stm32f0xx_hal_can.c ****         hcan->TxMailbox2CompleteCallback(hcan);
1804:Drivers/STM32F0xx_HAL_Driver/Src/stm32f0xx_hal_can.c **** #else
1805:Drivers/STM32F0xx_HAL_Driver/Src/stm32f0xx_hal_can.c ****         /* Call weak (surcharged) callback */
1806:Drivers/STM32F0xx_HAL_Driver/Src/stm32f0xx_hal_can.c ****         HAL_CAN_TxMailbox2CompleteCallback(hcan);
1807:Drivers/STM32F0xx_HAL_Driver/Src/stm32f0xx_hal_can.c **** #endif /* USE_HAL_CAN_REGISTER_CALLBACKS */
1808:Drivers/STM32F0xx_HAL_Driver/Src/stm32f0xx_hal_can.c ****       }
1809:Drivers/STM32F0xx_HAL_Driver/Src/stm32f0xx_hal_can.c ****       else
1810:Drivers/STM32F0xx_HAL_Driver/Src/stm32f0xx_hal_can.c ****       {
1811:Drivers/STM32F0xx_HAL_Driver/Src/stm32f0xx_hal_can.c ****         if ((tsrflags & CAN_TSR_ALST2) != 0U)
1812:Drivers/STM32F0xx_HAL_Driver/Src/stm32f0xx_hal_can.c ****         {
1813:Drivers/STM32F0xx_HAL_Driver/Src/stm32f0xx_hal_can.c ****           /* Update error code */
1814:Drivers/STM32F0xx_HAL_Driver/Src/stm32f0xx_hal_can.c ****           errorcode |= HAL_CAN_ERROR_TX_ALST2;
ARM GAS  /tmp/ccxePDI1.s 			page 80


1815:Drivers/STM32F0xx_HAL_Driver/Src/stm32f0xx_hal_can.c ****         }
1816:Drivers/STM32F0xx_HAL_Driver/Src/stm32f0xx_hal_can.c ****         else if ((tsrflags & CAN_TSR_TERR2) != 0U)
1817:Drivers/STM32F0xx_HAL_Driver/Src/stm32f0xx_hal_can.c ****         {
1818:Drivers/STM32F0xx_HAL_Driver/Src/stm32f0xx_hal_can.c ****           /* Update error code */
1819:Drivers/STM32F0xx_HAL_Driver/Src/stm32f0xx_hal_can.c ****           errorcode |= HAL_CAN_ERROR_TX_TERR2;
1820:Drivers/STM32F0xx_HAL_Driver/Src/stm32f0xx_hal_can.c ****         }
1821:Drivers/STM32F0xx_HAL_Driver/Src/stm32f0xx_hal_can.c ****         else
1822:Drivers/STM32F0xx_HAL_Driver/Src/stm32f0xx_hal_can.c ****         {
1823:Drivers/STM32F0xx_HAL_Driver/Src/stm32f0xx_hal_can.c ****           /* Transmission Mailbox 2 abort callback */
1824:Drivers/STM32F0xx_HAL_Driver/Src/stm32f0xx_hal_can.c **** #if USE_HAL_CAN_REGISTER_CALLBACKS == 1
1825:Drivers/STM32F0xx_HAL_Driver/Src/stm32f0xx_hal_can.c ****           /* Call registered callback*/
1826:Drivers/STM32F0xx_HAL_Driver/Src/stm32f0xx_hal_can.c ****           hcan->TxMailbox2AbortCallback(hcan);
1827:Drivers/STM32F0xx_HAL_Driver/Src/stm32f0xx_hal_can.c **** #else
1828:Drivers/STM32F0xx_HAL_Driver/Src/stm32f0xx_hal_can.c ****           /* Call weak (surcharged) callback */
1829:Drivers/STM32F0xx_HAL_Driver/Src/stm32f0xx_hal_can.c ****           HAL_CAN_TxMailbox2AbortCallback(hcan);
1830:Drivers/STM32F0xx_HAL_Driver/Src/stm32f0xx_hal_can.c **** #endif /* USE_HAL_CAN_REGISTER_CALLBACKS */
1831:Drivers/STM32F0xx_HAL_Driver/Src/stm32f0xx_hal_can.c ****         }
1832:Drivers/STM32F0xx_HAL_Driver/Src/stm32f0xx_hal_can.c ****       }
1833:Drivers/STM32F0xx_HAL_Driver/Src/stm32f0xx_hal_can.c ****     }
1834:Drivers/STM32F0xx_HAL_Driver/Src/stm32f0xx_hal_can.c ****   }
1835:Drivers/STM32F0xx_HAL_Driver/Src/stm32f0xx_hal_can.c **** 
1836:Drivers/STM32F0xx_HAL_Driver/Src/stm32f0xx_hal_can.c ****   /* Receive FIFO 0 overrun interrupt management *****************************/
1837:Drivers/STM32F0xx_HAL_Driver/Src/stm32f0xx_hal_can.c ****   if ((interrupts & CAN_IT_RX_FIFO0_OVERRUN) != 0U)
1838:Drivers/STM32F0xx_HAL_Driver/Src/stm32f0xx_hal_can.c ****   {
1839:Drivers/STM32F0xx_HAL_Driver/Src/stm32f0xx_hal_can.c ****     if ((rf0rflags & CAN_RF0R_FOVR0) != 0U)
1840:Drivers/STM32F0xx_HAL_Driver/Src/stm32f0xx_hal_can.c ****     {
1841:Drivers/STM32F0xx_HAL_Driver/Src/stm32f0xx_hal_can.c ****       /* Set CAN error code to Rx Fifo 0 overrun error */
1842:Drivers/STM32F0xx_HAL_Driver/Src/stm32f0xx_hal_can.c ****       errorcode |= HAL_CAN_ERROR_RX_FOV0;
1843:Drivers/STM32F0xx_HAL_Driver/Src/stm32f0xx_hal_can.c **** 
1844:Drivers/STM32F0xx_HAL_Driver/Src/stm32f0xx_hal_can.c ****       /* Clear FIFO0 Overrun Flag */
1845:Drivers/STM32F0xx_HAL_Driver/Src/stm32f0xx_hal_can.c ****       __HAL_CAN_CLEAR_FLAG(hcan, CAN_FLAG_FOV0);
1846:Drivers/STM32F0xx_HAL_Driver/Src/stm32f0xx_hal_can.c ****     }
1847:Drivers/STM32F0xx_HAL_Driver/Src/stm32f0xx_hal_can.c ****   }
1848:Drivers/STM32F0xx_HAL_Driver/Src/stm32f0xx_hal_can.c **** 
1849:Drivers/STM32F0xx_HAL_Driver/Src/stm32f0xx_hal_can.c ****   /* Receive FIFO 0 full interrupt management ********************************/
1850:Drivers/STM32F0xx_HAL_Driver/Src/stm32f0xx_hal_can.c ****   if ((interrupts & CAN_IT_RX_FIFO0_FULL) != 0U)
1851:Drivers/STM32F0xx_HAL_Driver/Src/stm32f0xx_hal_can.c ****   {
1852:Drivers/STM32F0xx_HAL_Driver/Src/stm32f0xx_hal_can.c ****     if ((rf0rflags & CAN_RF0R_FULL0) != 0U)
1853:Drivers/STM32F0xx_HAL_Driver/Src/stm32f0xx_hal_can.c ****     {
1854:Drivers/STM32F0xx_HAL_Driver/Src/stm32f0xx_hal_can.c ****       /* Clear FIFO 0 full Flag */
1855:Drivers/STM32F0xx_HAL_Driver/Src/stm32f0xx_hal_can.c ****       __HAL_CAN_CLEAR_FLAG(hcan, CAN_FLAG_FF0);
1856:Drivers/STM32F0xx_HAL_Driver/Src/stm32f0xx_hal_can.c **** 
1857:Drivers/STM32F0xx_HAL_Driver/Src/stm32f0xx_hal_can.c ****       /* Receive FIFO 0 full Callback */
1858:Drivers/STM32F0xx_HAL_Driver/Src/stm32f0xx_hal_can.c **** #if USE_HAL_CAN_REGISTER_CALLBACKS == 1
1859:Drivers/STM32F0xx_HAL_Driver/Src/stm32f0xx_hal_can.c ****       /* Call registered callback*/
1860:Drivers/STM32F0xx_HAL_Driver/Src/stm32f0xx_hal_can.c ****       hcan->RxFifo0FullCallback(hcan);
1861:Drivers/STM32F0xx_HAL_Driver/Src/stm32f0xx_hal_can.c **** #else
1862:Drivers/STM32F0xx_HAL_Driver/Src/stm32f0xx_hal_can.c ****       /* Call weak (surcharged) callback */
1863:Drivers/STM32F0xx_HAL_Driver/Src/stm32f0xx_hal_can.c ****       HAL_CAN_RxFifo0FullCallback(hcan);
1864:Drivers/STM32F0xx_HAL_Driver/Src/stm32f0xx_hal_can.c **** #endif /* USE_HAL_CAN_REGISTER_CALLBACKS */
1865:Drivers/STM32F0xx_HAL_Driver/Src/stm32f0xx_hal_can.c ****     }
1866:Drivers/STM32F0xx_HAL_Driver/Src/stm32f0xx_hal_can.c ****   }
1867:Drivers/STM32F0xx_HAL_Driver/Src/stm32f0xx_hal_can.c **** 
1868:Drivers/STM32F0xx_HAL_Driver/Src/stm32f0xx_hal_can.c ****   /* Receive FIFO 0 message pending interrupt management *********************/
1869:Drivers/STM32F0xx_HAL_Driver/Src/stm32f0xx_hal_can.c ****   if ((interrupts & CAN_IT_RX_FIFO0_MSG_PENDING) != 0U)
1870:Drivers/STM32F0xx_HAL_Driver/Src/stm32f0xx_hal_can.c ****   {
1871:Drivers/STM32F0xx_HAL_Driver/Src/stm32f0xx_hal_can.c ****     /* Check if message is still pending */
ARM GAS  /tmp/ccxePDI1.s 			page 81


1872:Drivers/STM32F0xx_HAL_Driver/Src/stm32f0xx_hal_can.c ****     if ((hcan->Instance->RF0R & CAN_RF0R_FMP0) != 0U)
1873:Drivers/STM32F0xx_HAL_Driver/Src/stm32f0xx_hal_can.c ****     {
1874:Drivers/STM32F0xx_HAL_Driver/Src/stm32f0xx_hal_can.c ****       /* Receive FIFO 0 message pending Callback */
1875:Drivers/STM32F0xx_HAL_Driver/Src/stm32f0xx_hal_can.c **** #if USE_HAL_CAN_REGISTER_CALLBACKS == 1
1876:Drivers/STM32F0xx_HAL_Driver/Src/stm32f0xx_hal_can.c ****       /* Call registered callback*/
1877:Drivers/STM32F0xx_HAL_Driver/Src/stm32f0xx_hal_can.c ****       hcan->RxFifo0MsgPendingCallback(hcan);
1878:Drivers/STM32F0xx_HAL_Driver/Src/stm32f0xx_hal_can.c **** #else
1879:Drivers/STM32F0xx_HAL_Driver/Src/stm32f0xx_hal_can.c ****       /* Call weak (surcharged) callback */
1880:Drivers/STM32F0xx_HAL_Driver/Src/stm32f0xx_hal_can.c ****       HAL_CAN_RxFifo0MsgPendingCallback(hcan);
1881:Drivers/STM32F0xx_HAL_Driver/Src/stm32f0xx_hal_can.c **** #endif /* USE_HAL_CAN_REGISTER_CALLBACKS */
1882:Drivers/STM32F0xx_HAL_Driver/Src/stm32f0xx_hal_can.c ****     }
1883:Drivers/STM32F0xx_HAL_Driver/Src/stm32f0xx_hal_can.c ****   }
1884:Drivers/STM32F0xx_HAL_Driver/Src/stm32f0xx_hal_can.c **** 
1885:Drivers/STM32F0xx_HAL_Driver/Src/stm32f0xx_hal_can.c ****   /* Receive FIFO 1 overrun interrupt management *****************************/
1886:Drivers/STM32F0xx_HAL_Driver/Src/stm32f0xx_hal_can.c ****   if ((interrupts & CAN_IT_RX_FIFO1_OVERRUN) != 0U)
1887:Drivers/STM32F0xx_HAL_Driver/Src/stm32f0xx_hal_can.c ****   {
1888:Drivers/STM32F0xx_HAL_Driver/Src/stm32f0xx_hal_can.c ****     if ((rf1rflags & CAN_RF1R_FOVR1) != 0U)
1889:Drivers/STM32F0xx_HAL_Driver/Src/stm32f0xx_hal_can.c ****     {
1890:Drivers/STM32F0xx_HAL_Driver/Src/stm32f0xx_hal_can.c ****       /* Set CAN error code to Rx Fifo 1 overrun error */
1891:Drivers/STM32F0xx_HAL_Driver/Src/stm32f0xx_hal_can.c ****       errorcode |= HAL_CAN_ERROR_RX_FOV1;
1892:Drivers/STM32F0xx_HAL_Driver/Src/stm32f0xx_hal_can.c **** 
1893:Drivers/STM32F0xx_HAL_Driver/Src/stm32f0xx_hal_can.c ****       /* Clear FIFO1 Overrun Flag */
1894:Drivers/STM32F0xx_HAL_Driver/Src/stm32f0xx_hal_can.c ****       __HAL_CAN_CLEAR_FLAG(hcan, CAN_FLAG_FOV1);
1895:Drivers/STM32F0xx_HAL_Driver/Src/stm32f0xx_hal_can.c ****     }
1896:Drivers/STM32F0xx_HAL_Driver/Src/stm32f0xx_hal_can.c ****   }
1897:Drivers/STM32F0xx_HAL_Driver/Src/stm32f0xx_hal_can.c **** 
1898:Drivers/STM32F0xx_HAL_Driver/Src/stm32f0xx_hal_can.c ****   /* Receive FIFO 1 full interrupt management ********************************/
1899:Drivers/STM32F0xx_HAL_Driver/Src/stm32f0xx_hal_can.c ****   if ((interrupts & CAN_IT_RX_FIFO1_FULL) != 0U)
1900:Drivers/STM32F0xx_HAL_Driver/Src/stm32f0xx_hal_can.c ****   {
1901:Drivers/STM32F0xx_HAL_Driver/Src/stm32f0xx_hal_can.c ****     if ((rf1rflags & CAN_RF1R_FULL1) != 0U)
1902:Drivers/STM32F0xx_HAL_Driver/Src/stm32f0xx_hal_can.c ****     {
1903:Drivers/STM32F0xx_HAL_Driver/Src/stm32f0xx_hal_can.c ****       /* Clear FIFO 1 full Flag */
1904:Drivers/STM32F0xx_HAL_Driver/Src/stm32f0xx_hal_can.c ****       __HAL_CAN_CLEAR_FLAG(hcan, CAN_FLAG_FF1);
1905:Drivers/STM32F0xx_HAL_Driver/Src/stm32f0xx_hal_can.c **** 
1906:Drivers/STM32F0xx_HAL_Driver/Src/stm32f0xx_hal_can.c ****       /* Receive FIFO 1 full Callback */
1907:Drivers/STM32F0xx_HAL_Driver/Src/stm32f0xx_hal_can.c **** #if USE_HAL_CAN_REGISTER_CALLBACKS == 1
1908:Drivers/STM32F0xx_HAL_Driver/Src/stm32f0xx_hal_can.c ****       /* Call registered callback*/
1909:Drivers/STM32F0xx_HAL_Driver/Src/stm32f0xx_hal_can.c ****       hcan->RxFifo1FullCallback(hcan);
1910:Drivers/STM32F0xx_HAL_Driver/Src/stm32f0xx_hal_can.c **** #else
1911:Drivers/STM32F0xx_HAL_Driver/Src/stm32f0xx_hal_can.c ****       /* Call weak (surcharged) callback */
1912:Drivers/STM32F0xx_HAL_Driver/Src/stm32f0xx_hal_can.c ****       HAL_CAN_RxFifo1FullCallback(hcan);
1913:Drivers/STM32F0xx_HAL_Driver/Src/stm32f0xx_hal_can.c **** #endif /* USE_HAL_CAN_REGISTER_CALLBACKS */
1914:Drivers/STM32F0xx_HAL_Driver/Src/stm32f0xx_hal_can.c ****     }
1915:Drivers/STM32F0xx_HAL_Driver/Src/stm32f0xx_hal_can.c ****   }
1916:Drivers/STM32F0xx_HAL_Driver/Src/stm32f0xx_hal_can.c **** 
1917:Drivers/STM32F0xx_HAL_Driver/Src/stm32f0xx_hal_can.c ****   /* Receive FIFO 1 message pending interrupt management *********************/
1918:Drivers/STM32F0xx_HAL_Driver/Src/stm32f0xx_hal_can.c ****   if ((interrupts & CAN_IT_RX_FIFO1_MSG_PENDING) != 0U)
1919:Drivers/STM32F0xx_HAL_Driver/Src/stm32f0xx_hal_can.c ****   {
1920:Drivers/STM32F0xx_HAL_Driver/Src/stm32f0xx_hal_can.c ****     /* Check if message is still pending */
1921:Drivers/STM32F0xx_HAL_Driver/Src/stm32f0xx_hal_can.c ****     if ((hcan->Instance->RF1R & CAN_RF1R_FMP1) != 0U)
1922:Drivers/STM32F0xx_HAL_Driver/Src/stm32f0xx_hal_can.c ****     {
1923:Drivers/STM32F0xx_HAL_Driver/Src/stm32f0xx_hal_can.c ****       /* Receive FIFO 1 message pending Callback */
1924:Drivers/STM32F0xx_HAL_Driver/Src/stm32f0xx_hal_can.c **** #if USE_HAL_CAN_REGISTER_CALLBACKS == 1
1925:Drivers/STM32F0xx_HAL_Driver/Src/stm32f0xx_hal_can.c ****       /* Call registered callback*/
1926:Drivers/STM32F0xx_HAL_Driver/Src/stm32f0xx_hal_can.c ****       hcan->RxFifo1MsgPendingCallback(hcan);
1927:Drivers/STM32F0xx_HAL_Driver/Src/stm32f0xx_hal_can.c **** #else
1928:Drivers/STM32F0xx_HAL_Driver/Src/stm32f0xx_hal_can.c ****       /* Call weak (surcharged) callback */
ARM GAS  /tmp/ccxePDI1.s 			page 82


1929:Drivers/STM32F0xx_HAL_Driver/Src/stm32f0xx_hal_can.c ****       HAL_CAN_RxFifo1MsgPendingCallback(hcan);
1930:Drivers/STM32F0xx_HAL_Driver/Src/stm32f0xx_hal_can.c **** #endif /* USE_HAL_CAN_REGISTER_CALLBACKS */
1931:Drivers/STM32F0xx_HAL_Driver/Src/stm32f0xx_hal_can.c ****     }
1932:Drivers/STM32F0xx_HAL_Driver/Src/stm32f0xx_hal_can.c ****   }
1933:Drivers/STM32F0xx_HAL_Driver/Src/stm32f0xx_hal_can.c **** 
1934:Drivers/STM32F0xx_HAL_Driver/Src/stm32f0xx_hal_can.c ****   /* Sleep interrupt management *********************************************/
1935:Drivers/STM32F0xx_HAL_Driver/Src/stm32f0xx_hal_can.c ****   if ((interrupts & CAN_IT_SLEEP_ACK) != 0U)
1936:Drivers/STM32F0xx_HAL_Driver/Src/stm32f0xx_hal_can.c ****   {
1937:Drivers/STM32F0xx_HAL_Driver/Src/stm32f0xx_hal_can.c ****     if ((msrflags & CAN_MSR_SLAKI) != 0U)
1938:Drivers/STM32F0xx_HAL_Driver/Src/stm32f0xx_hal_can.c ****     {
1939:Drivers/STM32F0xx_HAL_Driver/Src/stm32f0xx_hal_can.c ****       /* Clear Sleep interrupt Flag */
1940:Drivers/STM32F0xx_HAL_Driver/Src/stm32f0xx_hal_can.c ****       __HAL_CAN_CLEAR_FLAG(hcan, CAN_FLAG_SLAKI);
1941:Drivers/STM32F0xx_HAL_Driver/Src/stm32f0xx_hal_can.c **** 
1942:Drivers/STM32F0xx_HAL_Driver/Src/stm32f0xx_hal_can.c ****       /* Sleep Callback */
1943:Drivers/STM32F0xx_HAL_Driver/Src/stm32f0xx_hal_can.c **** #if USE_HAL_CAN_REGISTER_CALLBACKS == 1
1944:Drivers/STM32F0xx_HAL_Driver/Src/stm32f0xx_hal_can.c ****       /* Call registered callback*/
1945:Drivers/STM32F0xx_HAL_Driver/Src/stm32f0xx_hal_can.c ****       hcan->SleepCallback(hcan);
1946:Drivers/STM32F0xx_HAL_Driver/Src/stm32f0xx_hal_can.c **** #else
1947:Drivers/STM32F0xx_HAL_Driver/Src/stm32f0xx_hal_can.c ****       /* Call weak (surcharged) callback */
1948:Drivers/STM32F0xx_HAL_Driver/Src/stm32f0xx_hal_can.c ****       HAL_CAN_SleepCallback(hcan);
1949:Drivers/STM32F0xx_HAL_Driver/Src/stm32f0xx_hal_can.c **** #endif /* USE_HAL_CAN_REGISTER_CALLBACKS */
1950:Drivers/STM32F0xx_HAL_Driver/Src/stm32f0xx_hal_can.c ****     }
1951:Drivers/STM32F0xx_HAL_Driver/Src/stm32f0xx_hal_can.c ****   }
1952:Drivers/STM32F0xx_HAL_Driver/Src/stm32f0xx_hal_can.c **** 
1953:Drivers/STM32F0xx_HAL_Driver/Src/stm32f0xx_hal_can.c ****   /* WakeUp interrupt management *********************************************/
1954:Drivers/STM32F0xx_HAL_Driver/Src/stm32f0xx_hal_can.c ****   if ((interrupts & CAN_IT_WAKEUP) != 0U)
1955:Drivers/STM32F0xx_HAL_Driver/Src/stm32f0xx_hal_can.c ****   {
1956:Drivers/STM32F0xx_HAL_Driver/Src/stm32f0xx_hal_can.c ****     if ((msrflags & CAN_MSR_WKUI) != 0U)
1957:Drivers/STM32F0xx_HAL_Driver/Src/stm32f0xx_hal_can.c ****     {
1958:Drivers/STM32F0xx_HAL_Driver/Src/stm32f0xx_hal_can.c ****       /* Clear WakeUp Flag */
1959:Drivers/STM32F0xx_HAL_Driver/Src/stm32f0xx_hal_can.c ****       __HAL_CAN_CLEAR_FLAG(hcan, CAN_FLAG_WKU);
1960:Drivers/STM32F0xx_HAL_Driver/Src/stm32f0xx_hal_can.c **** 
1961:Drivers/STM32F0xx_HAL_Driver/Src/stm32f0xx_hal_can.c ****       /* WakeUp Callback */
1962:Drivers/STM32F0xx_HAL_Driver/Src/stm32f0xx_hal_can.c **** #if USE_HAL_CAN_REGISTER_CALLBACKS == 1
1963:Drivers/STM32F0xx_HAL_Driver/Src/stm32f0xx_hal_can.c ****       /* Call registered callback*/
1964:Drivers/STM32F0xx_HAL_Driver/Src/stm32f0xx_hal_can.c ****       hcan->WakeUpFromRxMsgCallback(hcan);
1965:Drivers/STM32F0xx_HAL_Driver/Src/stm32f0xx_hal_can.c **** #else
1966:Drivers/STM32F0xx_HAL_Driver/Src/stm32f0xx_hal_can.c ****       /* Call weak (surcharged) callback */
1967:Drivers/STM32F0xx_HAL_Driver/Src/stm32f0xx_hal_can.c ****       HAL_CAN_WakeUpFromRxMsgCallback(hcan);
1968:Drivers/STM32F0xx_HAL_Driver/Src/stm32f0xx_hal_can.c **** #endif /* USE_HAL_CAN_REGISTER_CALLBACKS */
1969:Drivers/STM32F0xx_HAL_Driver/Src/stm32f0xx_hal_can.c ****     }
1970:Drivers/STM32F0xx_HAL_Driver/Src/stm32f0xx_hal_can.c ****   }
1971:Drivers/STM32F0xx_HAL_Driver/Src/stm32f0xx_hal_can.c **** 
1972:Drivers/STM32F0xx_HAL_Driver/Src/stm32f0xx_hal_can.c ****   /* Error interrupts management *********************************************/
1973:Drivers/STM32F0xx_HAL_Driver/Src/stm32f0xx_hal_can.c ****   if ((interrupts & CAN_IT_ERROR) != 0U)
1974:Drivers/STM32F0xx_HAL_Driver/Src/stm32f0xx_hal_can.c ****   {
1975:Drivers/STM32F0xx_HAL_Driver/Src/stm32f0xx_hal_can.c ****     if ((msrflags & CAN_MSR_ERRI) != 0U)
1976:Drivers/STM32F0xx_HAL_Driver/Src/stm32f0xx_hal_can.c ****     {
1977:Drivers/STM32F0xx_HAL_Driver/Src/stm32f0xx_hal_can.c ****       /* Check Error Warning Flag */
1978:Drivers/STM32F0xx_HAL_Driver/Src/stm32f0xx_hal_can.c ****       if (((interrupts & CAN_IT_ERROR_WARNING) != 0U) &&
1979:Drivers/STM32F0xx_HAL_Driver/Src/stm32f0xx_hal_can.c ****           ((esrflags & CAN_ESR_EWGF) != 0U))
1980:Drivers/STM32F0xx_HAL_Driver/Src/stm32f0xx_hal_can.c ****       {
1981:Drivers/STM32F0xx_HAL_Driver/Src/stm32f0xx_hal_can.c ****         /* Set CAN error code to Error Warning */
1982:Drivers/STM32F0xx_HAL_Driver/Src/stm32f0xx_hal_can.c ****         errorcode |= HAL_CAN_ERROR_EWG;
1983:Drivers/STM32F0xx_HAL_Driver/Src/stm32f0xx_hal_can.c **** 
1984:Drivers/STM32F0xx_HAL_Driver/Src/stm32f0xx_hal_can.c ****         /* No need for clear of Error Warning Flag as read-only */
1985:Drivers/STM32F0xx_HAL_Driver/Src/stm32f0xx_hal_can.c ****       }
ARM GAS  /tmp/ccxePDI1.s 			page 83


1986:Drivers/STM32F0xx_HAL_Driver/Src/stm32f0xx_hal_can.c **** 
1987:Drivers/STM32F0xx_HAL_Driver/Src/stm32f0xx_hal_can.c ****       /* Check Error Passive Flag */
1988:Drivers/STM32F0xx_HAL_Driver/Src/stm32f0xx_hal_can.c ****       if (((interrupts & CAN_IT_ERROR_PASSIVE) != 0U) &&
1989:Drivers/STM32F0xx_HAL_Driver/Src/stm32f0xx_hal_can.c ****           ((esrflags & CAN_ESR_EPVF) != 0U))
1990:Drivers/STM32F0xx_HAL_Driver/Src/stm32f0xx_hal_can.c ****       {
1991:Drivers/STM32F0xx_HAL_Driver/Src/stm32f0xx_hal_can.c ****         /* Set CAN error code to Error Passive */
1992:Drivers/STM32F0xx_HAL_Driver/Src/stm32f0xx_hal_can.c ****         errorcode |= HAL_CAN_ERROR_EPV;
1993:Drivers/STM32F0xx_HAL_Driver/Src/stm32f0xx_hal_can.c **** 
1994:Drivers/STM32F0xx_HAL_Driver/Src/stm32f0xx_hal_can.c ****         /* No need for clear of Error Passive Flag as read-only */
1995:Drivers/STM32F0xx_HAL_Driver/Src/stm32f0xx_hal_can.c ****       }
1996:Drivers/STM32F0xx_HAL_Driver/Src/stm32f0xx_hal_can.c **** 
1997:Drivers/STM32F0xx_HAL_Driver/Src/stm32f0xx_hal_can.c ****       /* Check Bus-off Flag */
1998:Drivers/STM32F0xx_HAL_Driver/Src/stm32f0xx_hal_can.c ****       if (((interrupts & CAN_IT_BUSOFF) != 0U) &&
1999:Drivers/STM32F0xx_HAL_Driver/Src/stm32f0xx_hal_can.c ****           ((esrflags & CAN_ESR_BOFF) != 0U))
2000:Drivers/STM32F0xx_HAL_Driver/Src/stm32f0xx_hal_can.c ****       {
2001:Drivers/STM32F0xx_HAL_Driver/Src/stm32f0xx_hal_can.c ****         /* Set CAN error code to Bus-Off */
2002:Drivers/STM32F0xx_HAL_Driver/Src/stm32f0xx_hal_can.c ****         errorcode |= HAL_CAN_ERROR_BOF;
2003:Drivers/STM32F0xx_HAL_Driver/Src/stm32f0xx_hal_can.c **** 
2004:Drivers/STM32F0xx_HAL_Driver/Src/stm32f0xx_hal_can.c ****         /* No need for clear of Error Bus-Off as read-only */
2005:Drivers/STM32F0xx_HAL_Driver/Src/stm32f0xx_hal_can.c ****       }
2006:Drivers/STM32F0xx_HAL_Driver/Src/stm32f0xx_hal_can.c **** 
2007:Drivers/STM32F0xx_HAL_Driver/Src/stm32f0xx_hal_can.c ****       /* Check Last Error Code Flag */
2008:Drivers/STM32F0xx_HAL_Driver/Src/stm32f0xx_hal_can.c ****       if (((interrupts & CAN_IT_LAST_ERROR_CODE) != 0U) &&
2009:Drivers/STM32F0xx_HAL_Driver/Src/stm32f0xx_hal_can.c ****           ((esrflags & CAN_ESR_LEC) != 0U))
2010:Drivers/STM32F0xx_HAL_Driver/Src/stm32f0xx_hal_can.c ****       {
2011:Drivers/STM32F0xx_HAL_Driver/Src/stm32f0xx_hal_can.c ****         switch (esrflags & CAN_ESR_LEC)
2012:Drivers/STM32F0xx_HAL_Driver/Src/stm32f0xx_hal_can.c ****         {
2013:Drivers/STM32F0xx_HAL_Driver/Src/stm32f0xx_hal_can.c ****           case (CAN_ESR_LEC_0):
2014:Drivers/STM32F0xx_HAL_Driver/Src/stm32f0xx_hal_can.c ****             /* Set CAN error code to Stuff error */
2015:Drivers/STM32F0xx_HAL_Driver/Src/stm32f0xx_hal_can.c ****             errorcode |= HAL_CAN_ERROR_STF;
2016:Drivers/STM32F0xx_HAL_Driver/Src/stm32f0xx_hal_can.c ****             break;
2017:Drivers/STM32F0xx_HAL_Driver/Src/stm32f0xx_hal_can.c ****           case (CAN_ESR_LEC_1):
2018:Drivers/STM32F0xx_HAL_Driver/Src/stm32f0xx_hal_can.c ****             /* Set CAN error code to Form error */
2019:Drivers/STM32F0xx_HAL_Driver/Src/stm32f0xx_hal_can.c ****             errorcode |= HAL_CAN_ERROR_FOR;
2020:Drivers/STM32F0xx_HAL_Driver/Src/stm32f0xx_hal_can.c ****             break;
2021:Drivers/STM32F0xx_HAL_Driver/Src/stm32f0xx_hal_can.c ****           case (CAN_ESR_LEC_1 | CAN_ESR_LEC_0):
2022:Drivers/STM32F0xx_HAL_Driver/Src/stm32f0xx_hal_can.c ****             /* Set CAN error code to Acknowledgement error */
2023:Drivers/STM32F0xx_HAL_Driver/Src/stm32f0xx_hal_can.c ****             errorcode |= HAL_CAN_ERROR_ACK;
2024:Drivers/STM32F0xx_HAL_Driver/Src/stm32f0xx_hal_can.c ****             break;
2025:Drivers/STM32F0xx_HAL_Driver/Src/stm32f0xx_hal_can.c ****           case (CAN_ESR_LEC_2):
2026:Drivers/STM32F0xx_HAL_Driver/Src/stm32f0xx_hal_can.c ****             /* Set CAN error code to Bit recessive error */
2027:Drivers/STM32F0xx_HAL_Driver/Src/stm32f0xx_hal_can.c ****             errorcode |= HAL_CAN_ERROR_BR;
2028:Drivers/STM32F0xx_HAL_Driver/Src/stm32f0xx_hal_can.c ****             break;
2029:Drivers/STM32F0xx_HAL_Driver/Src/stm32f0xx_hal_can.c ****           case (CAN_ESR_LEC_2 | CAN_ESR_LEC_0):
2030:Drivers/STM32F0xx_HAL_Driver/Src/stm32f0xx_hal_can.c ****             /* Set CAN error code to Bit Dominant error */
2031:Drivers/STM32F0xx_HAL_Driver/Src/stm32f0xx_hal_can.c ****             errorcode |= HAL_CAN_ERROR_BD;
2032:Drivers/STM32F0xx_HAL_Driver/Src/stm32f0xx_hal_can.c ****             break;
2033:Drivers/STM32F0xx_HAL_Driver/Src/stm32f0xx_hal_can.c ****           case (CAN_ESR_LEC_2 | CAN_ESR_LEC_1):
2034:Drivers/STM32F0xx_HAL_Driver/Src/stm32f0xx_hal_can.c ****             /* Set CAN error code to CRC error */
2035:Drivers/STM32F0xx_HAL_Driver/Src/stm32f0xx_hal_can.c ****             errorcode |= HAL_CAN_ERROR_CRC;
2036:Drivers/STM32F0xx_HAL_Driver/Src/stm32f0xx_hal_can.c ****             break;
2037:Drivers/STM32F0xx_HAL_Driver/Src/stm32f0xx_hal_can.c ****           default:
2038:Drivers/STM32F0xx_HAL_Driver/Src/stm32f0xx_hal_can.c ****             break;
2039:Drivers/STM32F0xx_HAL_Driver/Src/stm32f0xx_hal_can.c ****         }
2040:Drivers/STM32F0xx_HAL_Driver/Src/stm32f0xx_hal_can.c **** 
2041:Drivers/STM32F0xx_HAL_Driver/Src/stm32f0xx_hal_can.c ****         /* Clear Last error code Flag */
2042:Drivers/STM32F0xx_HAL_Driver/Src/stm32f0xx_hal_can.c ****         CLEAR_BIT(hcan->Instance->ESR, CAN_ESR_LEC);
ARM GAS  /tmp/ccxePDI1.s 			page 84


2043:Drivers/STM32F0xx_HAL_Driver/Src/stm32f0xx_hal_can.c ****       }
2044:Drivers/STM32F0xx_HAL_Driver/Src/stm32f0xx_hal_can.c ****     }
2045:Drivers/STM32F0xx_HAL_Driver/Src/stm32f0xx_hal_can.c **** 
2046:Drivers/STM32F0xx_HAL_Driver/Src/stm32f0xx_hal_can.c ****     /* Clear ERRI Flag */
2047:Drivers/STM32F0xx_HAL_Driver/Src/stm32f0xx_hal_can.c ****     __HAL_CAN_CLEAR_FLAG(hcan, CAN_FLAG_ERRI);
2048:Drivers/STM32F0xx_HAL_Driver/Src/stm32f0xx_hal_can.c ****   }
2049:Drivers/STM32F0xx_HAL_Driver/Src/stm32f0xx_hal_can.c **** 
2050:Drivers/STM32F0xx_HAL_Driver/Src/stm32f0xx_hal_can.c ****   /* Call the Error call Back in case of Errors */
2051:Drivers/STM32F0xx_HAL_Driver/Src/stm32f0xx_hal_can.c ****   if (errorcode != HAL_CAN_ERROR_NONE)
2052:Drivers/STM32F0xx_HAL_Driver/Src/stm32f0xx_hal_can.c ****   {
2053:Drivers/STM32F0xx_HAL_Driver/Src/stm32f0xx_hal_can.c ****     /* Update error code in handle */
2054:Drivers/STM32F0xx_HAL_Driver/Src/stm32f0xx_hal_can.c ****     hcan->ErrorCode |= errorcode;
2055:Drivers/STM32F0xx_HAL_Driver/Src/stm32f0xx_hal_can.c **** 
2056:Drivers/STM32F0xx_HAL_Driver/Src/stm32f0xx_hal_can.c ****     /* Call Error callback function */
2057:Drivers/STM32F0xx_HAL_Driver/Src/stm32f0xx_hal_can.c **** #if USE_HAL_CAN_REGISTER_CALLBACKS == 1
2058:Drivers/STM32F0xx_HAL_Driver/Src/stm32f0xx_hal_can.c ****     /* Call registered callback*/
2059:Drivers/STM32F0xx_HAL_Driver/Src/stm32f0xx_hal_can.c ****     hcan->ErrorCallback(hcan);
2060:Drivers/STM32F0xx_HAL_Driver/Src/stm32f0xx_hal_can.c **** #else
2061:Drivers/STM32F0xx_HAL_Driver/Src/stm32f0xx_hal_can.c ****     /* Call weak (surcharged) callback */
2062:Drivers/STM32F0xx_HAL_Driver/Src/stm32f0xx_hal_can.c ****     HAL_CAN_ErrorCallback(hcan);
2063:Drivers/STM32F0xx_HAL_Driver/Src/stm32f0xx_hal_can.c **** #endif /* USE_HAL_CAN_REGISTER_CALLBACKS */
2064:Drivers/STM32F0xx_HAL_Driver/Src/stm32f0xx_hal_can.c ****   }
2065:Drivers/STM32F0xx_HAL_Driver/Src/stm32f0xx_hal_can.c **** }
2066:Drivers/STM32F0xx_HAL_Driver/Src/stm32f0xx_hal_can.c **** 
2067:Drivers/STM32F0xx_HAL_Driver/Src/stm32f0xx_hal_can.c **** /**
2068:Drivers/STM32F0xx_HAL_Driver/Src/stm32f0xx_hal_can.c ****   * @}
2069:Drivers/STM32F0xx_HAL_Driver/Src/stm32f0xx_hal_can.c ****   */
2070:Drivers/STM32F0xx_HAL_Driver/Src/stm32f0xx_hal_can.c **** 
2071:Drivers/STM32F0xx_HAL_Driver/Src/stm32f0xx_hal_can.c **** /** @defgroup CAN_Exported_Functions_Group5 Callback functions
2072:Drivers/STM32F0xx_HAL_Driver/Src/stm32f0xx_hal_can.c ****   * @brief   CAN Callback functions
2073:Drivers/STM32F0xx_HAL_Driver/Src/stm32f0xx_hal_can.c ****   *
2074:Drivers/STM32F0xx_HAL_Driver/Src/stm32f0xx_hal_can.c **** @verbatim
2075:Drivers/STM32F0xx_HAL_Driver/Src/stm32f0xx_hal_can.c ****   ==============================================================================
2076:Drivers/STM32F0xx_HAL_Driver/Src/stm32f0xx_hal_can.c ****                           ##### Callback functions #####
2077:Drivers/STM32F0xx_HAL_Driver/Src/stm32f0xx_hal_can.c ****   ==============================================================================
2078:Drivers/STM32F0xx_HAL_Driver/Src/stm32f0xx_hal_can.c ****     [..]
2079:Drivers/STM32F0xx_HAL_Driver/Src/stm32f0xx_hal_can.c ****     This subsection provides the following callback functions:
2080:Drivers/STM32F0xx_HAL_Driver/Src/stm32f0xx_hal_can.c ****       (+) HAL_CAN_TxMailbox0CompleteCallback
2081:Drivers/STM32F0xx_HAL_Driver/Src/stm32f0xx_hal_can.c ****       (+) HAL_CAN_TxMailbox1CompleteCallback
2082:Drivers/STM32F0xx_HAL_Driver/Src/stm32f0xx_hal_can.c ****       (+) HAL_CAN_TxMailbox2CompleteCallback
2083:Drivers/STM32F0xx_HAL_Driver/Src/stm32f0xx_hal_can.c ****       (+) HAL_CAN_TxMailbox0AbortCallback
2084:Drivers/STM32F0xx_HAL_Driver/Src/stm32f0xx_hal_can.c ****       (+) HAL_CAN_TxMailbox1AbortCallback
2085:Drivers/STM32F0xx_HAL_Driver/Src/stm32f0xx_hal_can.c ****       (+) HAL_CAN_TxMailbox2AbortCallback
2086:Drivers/STM32F0xx_HAL_Driver/Src/stm32f0xx_hal_can.c ****       (+) HAL_CAN_RxFifo0MsgPendingCallback
2087:Drivers/STM32F0xx_HAL_Driver/Src/stm32f0xx_hal_can.c ****       (+) HAL_CAN_RxFifo0FullCallback
2088:Drivers/STM32F0xx_HAL_Driver/Src/stm32f0xx_hal_can.c ****       (+) HAL_CAN_RxFifo1MsgPendingCallback
2089:Drivers/STM32F0xx_HAL_Driver/Src/stm32f0xx_hal_can.c ****       (+) HAL_CAN_RxFifo1FullCallback
2090:Drivers/STM32F0xx_HAL_Driver/Src/stm32f0xx_hal_can.c ****       (+) HAL_CAN_SleepCallback
2091:Drivers/STM32F0xx_HAL_Driver/Src/stm32f0xx_hal_can.c ****       (+) HAL_CAN_WakeUpFromRxMsgCallback
2092:Drivers/STM32F0xx_HAL_Driver/Src/stm32f0xx_hal_can.c ****       (+) HAL_CAN_ErrorCallback
2093:Drivers/STM32F0xx_HAL_Driver/Src/stm32f0xx_hal_can.c **** 
2094:Drivers/STM32F0xx_HAL_Driver/Src/stm32f0xx_hal_can.c **** @endverbatim
2095:Drivers/STM32F0xx_HAL_Driver/Src/stm32f0xx_hal_can.c ****   * @{
2096:Drivers/STM32F0xx_HAL_Driver/Src/stm32f0xx_hal_can.c ****   */
2097:Drivers/STM32F0xx_HAL_Driver/Src/stm32f0xx_hal_can.c **** 
2098:Drivers/STM32F0xx_HAL_Driver/Src/stm32f0xx_hal_can.c **** /**
2099:Drivers/STM32F0xx_HAL_Driver/Src/stm32f0xx_hal_can.c ****   * @brief  Transmission Mailbox 0 complete callback.
ARM GAS  /tmp/ccxePDI1.s 			page 85


2100:Drivers/STM32F0xx_HAL_Driver/Src/stm32f0xx_hal_can.c ****   * @param  hcan pointer to a CAN_HandleTypeDef structure that contains
2101:Drivers/STM32F0xx_HAL_Driver/Src/stm32f0xx_hal_can.c ****   *         the configuration information for the specified CAN.
2102:Drivers/STM32F0xx_HAL_Driver/Src/stm32f0xx_hal_can.c ****   * @retval None
2103:Drivers/STM32F0xx_HAL_Driver/Src/stm32f0xx_hal_can.c ****   */
2104:Drivers/STM32F0xx_HAL_Driver/Src/stm32f0xx_hal_can.c **** __weak void HAL_CAN_TxMailbox0CompleteCallback(CAN_HandleTypeDef *hcan)
2105:Drivers/STM32F0xx_HAL_Driver/Src/stm32f0xx_hal_can.c **** {
 2357              		.loc 1 2105 1 is_stmt 1 view -0
 2358              		.cfi_startproc
 2359              		@ args = 0, pretend = 0, frame = 0
 2360              		@ frame_needed = 0, uses_anonymous_args = 0
 2361              		@ link register save eliminated.
2106:Drivers/STM32F0xx_HAL_Driver/Src/stm32f0xx_hal_can.c ****   /* Prevent unused argument(s) compilation warning */
2107:Drivers/STM32F0xx_HAL_Driver/Src/stm32f0xx_hal_can.c ****   UNUSED(hcan);
 2362              		.loc 1 2107 3 view .LVU743
2108:Drivers/STM32F0xx_HAL_Driver/Src/stm32f0xx_hal_can.c **** 
2109:Drivers/STM32F0xx_HAL_Driver/Src/stm32f0xx_hal_can.c ****   /* NOTE : This function Should not be modified, when the callback is needed,
2110:Drivers/STM32F0xx_HAL_Driver/Src/stm32f0xx_hal_can.c ****             the HAL_CAN_TxMailbox0CompleteCallback could be implemented in the
2111:Drivers/STM32F0xx_HAL_Driver/Src/stm32f0xx_hal_can.c ****             user file
2112:Drivers/STM32F0xx_HAL_Driver/Src/stm32f0xx_hal_can.c ****    */
2113:Drivers/STM32F0xx_HAL_Driver/Src/stm32f0xx_hal_can.c **** }
 2363              		.loc 1 2113 1 is_stmt 0 view .LVU744
 2364              		@ sp needed
 2365 0000 7047     		bx	lr
 2366              		.cfi_endproc
 2367              	.LFE60:
 2369              		.section	.text.HAL_CAN_TxMailbox1CompleteCallback,"ax",%progbits
 2370              		.align	1
 2371              		.weak	HAL_CAN_TxMailbox1CompleteCallback
 2372              		.syntax unified
 2373              		.code	16
 2374              		.thumb_func
 2376              	HAL_CAN_TxMailbox1CompleteCallback:
 2377              	.LVL190:
 2378              	.LFB61:
2114:Drivers/STM32F0xx_HAL_Driver/Src/stm32f0xx_hal_can.c **** 
2115:Drivers/STM32F0xx_HAL_Driver/Src/stm32f0xx_hal_can.c **** /**
2116:Drivers/STM32F0xx_HAL_Driver/Src/stm32f0xx_hal_can.c ****   * @brief  Transmission Mailbox 1 complete callback.
2117:Drivers/STM32F0xx_HAL_Driver/Src/stm32f0xx_hal_can.c ****   * @param  hcan pointer to a CAN_HandleTypeDef structure that contains
2118:Drivers/STM32F0xx_HAL_Driver/Src/stm32f0xx_hal_can.c ****   *         the configuration information for the specified CAN.
2119:Drivers/STM32F0xx_HAL_Driver/Src/stm32f0xx_hal_can.c ****   * @retval None
2120:Drivers/STM32F0xx_HAL_Driver/Src/stm32f0xx_hal_can.c ****   */
2121:Drivers/STM32F0xx_HAL_Driver/Src/stm32f0xx_hal_can.c **** __weak void HAL_CAN_TxMailbox1CompleteCallback(CAN_HandleTypeDef *hcan)
2122:Drivers/STM32F0xx_HAL_Driver/Src/stm32f0xx_hal_can.c **** {
 2379              		.loc 1 2122 1 is_stmt 1 view -0
 2380              		.cfi_startproc
 2381              		@ args = 0, pretend = 0, frame = 0
 2382              		@ frame_needed = 0, uses_anonymous_args = 0
 2383              		@ link register save eliminated.
2123:Drivers/STM32F0xx_HAL_Driver/Src/stm32f0xx_hal_can.c ****   /* Prevent unused argument(s) compilation warning */
2124:Drivers/STM32F0xx_HAL_Driver/Src/stm32f0xx_hal_can.c ****   UNUSED(hcan);
 2384              		.loc 1 2124 3 view .LVU746
2125:Drivers/STM32F0xx_HAL_Driver/Src/stm32f0xx_hal_can.c **** 
2126:Drivers/STM32F0xx_HAL_Driver/Src/stm32f0xx_hal_can.c ****   /* NOTE : This function Should not be modified, when the callback is needed,
2127:Drivers/STM32F0xx_HAL_Driver/Src/stm32f0xx_hal_can.c ****             the HAL_CAN_TxMailbox1CompleteCallback could be implemented in the
2128:Drivers/STM32F0xx_HAL_Driver/Src/stm32f0xx_hal_can.c ****             user file
2129:Drivers/STM32F0xx_HAL_Driver/Src/stm32f0xx_hal_can.c ****    */
2130:Drivers/STM32F0xx_HAL_Driver/Src/stm32f0xx_hal_can.c **** }
ARM GAS  /tmp/ccxePDI1.s 			page 86


 2385              		.loc 1 2130 1 is_stmt 0 view .LVU747
 2386              		@ sp needed
 2387 0000 7047     		bx	lr
 2388              		.cfi_endproc
 2389              	.LFE61:
 2391              		.section	.text.HAL_CAN_TxMailbox2CompleteCallback,"ax",%progbits
 2392              		.align	1
 2393              		.weak	HAL_CAN_TxMailbox2CompleteCallback
 2394              		.syntax unified
 2395              		.code	16
 2396              		.thumb_func
 2398              	HAL_CAN_TxMailbox2CompleteCallback:
 2399              	.LVL191:
 2400              	.LFB62:
2131:Drivers/STM32F0xx_HAL_Driver/Src/stm32f0xx_hal_can.c **** 
2132:Drivers/STM32F0xx_HAL_Driver/Src/stm32f0xx_hal_can.c **** /**
2133:Drivers/STM32F0xx_HAL_Driver/Src/stm32f0xx_hal_can.c ****   * @brief  Transmission Mailbox 2 complete callback.
2134:Drivers/STM32F0xx_HAL_Driver/Src/stm32f0xx_hal_can.c ****   * @param  hcan pointer to a CAN_HandleTypeDef structure that contains
2135:Drivers/STM32F0xx_HAL_Driver/Src/stm32f0xx_hal_can.c ****   *         the configuration information for the specified CAN.
2136:Drivers/STM32F0xx_HAL_Driver/Src/stm32f0xx_hal_can.c ****   * @retval None
2137:Drivers/STM32F0xx_HAL_Driver/Src/stm32f0xx_hal_can.c ****   */
2138:Drivers/STM32F0xx_HAL_Driver/Src/stm32f0xx_hal_can.c **** __weak void HAL_CAN_TxMailbox2CompleteCallback(CAN_HandleTypeDef *hcan)
2139:Drivers/STM32F0xx_HAL_Driver/Src/stm32f0xx_hal_can.c **** {
 2401              		.loc 1 2139 1 is_stmt 1 view -0
 2402              		.cfi_startproc
 2403              		@ args = 0, pretend = 0, frame = 0
 2404              		@ frame_needed = 0, uses_anonymous_args = 0
 2405              		@ link register save eliminated.
2140:Drivers/STM32F0xx_HAL_Driver/Src/stm32f0xx_hal_can.c ****   /* Prevent unused argument(s) compilation warning */
2141:Drivers/STM32F0xx_HAL_Driver/Src/stm32f0xx_hal_can.c ****   UNUSED(hcan);
 2406              		.loc 1 2141 3 view .LVU749
2142:Drivers/STM32F0xx_HAL_Driver/Src/stm32f0xx_hal_can.c **** 
2143:Drivers/STM32F0xx_HAL_Driver/Src/stm32f0xx_hal_can.c ****   /* NOTE : This function Should not be modified, when the callback is needed,
2144:Drivers/STM32F0xx_HAL_Driver/Src/stm32f0xx_hal_can.c ****             the HAL_CAN_TxMailbox2CompleteCallback could be implemented in the
2145:Drivers/STM32F0xx_HAL_Driver/Src/stm32f0xx_hal_can.c ****             user file
2146:Drivers/STM32F0xx_HAL_Driver/Src/stm32f0xx_hal_can.c ****    */
2147:Drivers/STM32F0xx_HAL_Driver/Src/stm32f0xx_hal_can.c **** }
 2407              		.loc 1 2147 1 is_stmt 0 view .LVU750
 2408              		@ sp needed
 2409 0000 7047     		bx	lr
 2410              		.cfi_endproc
 2411              	.LFE62:
 2413              		.section	.text.HAL_CAN_TxMailbox0AbortCallback,"ax",%progbits
 2414              		.align	1
 2415              		.weak	HAL_CAN_TxMailbox0AbortCallback
 2416              		.syntax unified
 2417              		.code	16
 2418              		.thumb_func
 2420              	HAL_CAN_TxMailbox0AbortCallback:
 2421              	.LVL192:
 2422              	.LFB63:
2148:Drivers/STM32F0xx_HAL_Driver/Src/stm32f0xx_hal_can.c **** 
2149:Drivers/STM32F0xx_HAL_Driver/Src/stm32f0xx_hal_can.c **** /**
2150:Drivers/STM32F0xx_HAL_Driver/Src/stm32f0xx_hal_can.c ****   * @brief  Transmission Mailbox 0 Cancellation callback.
2151:Drivers/STM32F0xx_HAL_Driver/Src/stm32f0xx_hal_can.c ****   * @param  hcan pointer to an CAN_HandleTypeDef structure that contains
2152:Drivers/STM32F0xx_HAL_Driver/Src/stm32f0xx_hal_can.c ****   *         the configuration information for the specified CAN.
2153:Drivers/STM32F0xx_HAL_Driver/Src/stm32f0xx_hal_can.c ****   * @retval None
ARM GAS  /tmp/ccxePDI1.s 			page 87


2154:Drivers/STM32F0xx_HAL_Driver/Src/stm32f0xx_hal_can.c ****   */
2155:Drivers/STM32F0xx_HAL_Driver/Src/stm32f0xx_hal_can.c **** __weak void HAL_CAN_TxMailbox0AbortCallback(CAN_HandleTypeDef *hcan)
2156:Drivers/STM32F0xx_HAL_Driver/Src/stm32f0xx_hal_can.c **** {
 2423              		.loc 1 2156 1 is_stmt 1 view -0
 2424              		.cfi_startproc
 2425              		@ args = 0, pretend = 0, frame = 0
 2426              		@ frame_needed = 0, uses_anonymous_args = 0
 2427              		@ link register save eliminated.
2157:Drivers/STM32F0xx_HAL_Driver/Src/stm32f0xx_hal_can.c ****   /* Prevent unused argument(s) compilation warning */
2158:Drivers/STM32F0xx_HAL_Driver/Src/stm32f0xx_hal_can.c ****   UNUSED(hcan);
 2428              		.loc 1 2158 3 view .LVU752
2159:Drivers/STM32F0xx_HAL_Driver/Src/stm32f0xx_hal_can.c **** 
2160:Drivers/STM32F0xx_HAL_Driver/Src/stm32f0xx_hal_can.c ****   /* NOTE : This function Should not be modified, when the callback is needed,
2161:Drivers/STM32F0xx_HAL_Driver/Src/stm32f0xx_hal_can.c ****             the HAL_CAN_TxMailbox0AbortCallback could be implemented in the
2162:Drivers/STM32F0xx_HAL_Driver/Src/stm32f0xx_hal_can.c ****             user file
2163:Drivers/STM32F0xx_HAL_Driver/Src/stm32f0xx_hal_can.c ****    */
2164:Drivers/STM32F0xx_HAL_Driver/Src/stm32f0xx_hal_can.c **** }
 2429              		.loc 1 2164 1 is_stmt 0 view .LVU753
 2430              		@ sp needed
 2431 0000 7047     		bx	lr
 2432              		.cfi_endproc
 2433              	.LFE63:
 2435              		.section	.text.HAL_CAN_TxMailbox1AbortCallback,"ax",%progbits
 2436              		.align	1
 2437              		.weak	HAL_CAN_TxMailbox1AbortCallback
 2438              		.syntax unified
 2439              		.code	16
 2440              		.thumb_func
 2442              	HAL_CAN_TxMailbox1AbortCallback:
 2443              	.LVL193:
 2444              	.LFB64:
2165:Drivers/STM32F0xx_HAL_Driver/Src/stm32f0xx_hal_can.c **** 
2166:Drivers/STM32F0xx_HAL_Driver/Src/stm32f0xx_hal_can.c **** /**
2167:Drivers/STM32F0xx_HAL_Driver/Src/stm32f0xx_hal_can.c ****   * @brief  Transmission Mailbox 1 Cancellation callback.
2168:Drivers/STM32F0xx_HAL_Driver/Src/stm32f0xx_hal_can.c ****   * @param  hcan pointer to an CAN_HandleTypeDef structure that contains
2169:Drivers/STM32F0xx_HAL_Driver/Src/stm32f0xx_hal_can.c ****   *         the configuration information for the specified CAN.
2170:Drivers/STM32F0xx_HAL_Driver/Src/stm32f0xx_hal_can.c ****   * @retval None
2171:Drivers/STM32F0xx_HAL_Driver/Src/stm32f0xx_hal_can.c ****   */
2172:Drivers/STM32F0xx_HAL_Driver/Src/stm32f0xx_hal_can.c **** __weak void HAL_CAN_TxMailbox1AbortCallback(CAN_HandleTypeDef *hcan)
2173:Drivers/STM32F0xx_HAL_Driver/Src/stm32f0xx_hal_can.c **** {
 2445              		.loc 1 2173 1 is_stmt 1 view -0
 2446              		.cfi_startproc
 2447              		@ args = 0, pretend = 0, frame = 0
 2448              		@ frame_needed = 0, uses_anonymous_args = 0
 2449              		@ link register save eliminated.
2174:Drivers/STM32F0xx_HAL_Driver/Src/stm32f0xx_hal_can.c ****   /* Prevent unused argument(s) compilation warning */
2175:Drivers/STM32F0xx_HAL_Driver/Src/stm32f0xx_hal_can.c ****   UNUSED(hcan);
 2450              		.loc 1 2175 3 view .LVU755
2176:Drivers/STM32F0xx_HAL_Driver/Src/stm32f0xx_hal_can.c **** 
2177:Drivers/STM32F0xx_HAL_Driver/Src/stm32f0xx_hal_can.c ****   /* NOTE : This function Should not be modified, when the callback is needed,
2178:Drivers/STM32F0xx_HAL_Driver/Src/stm32f0xx_hal_can.c ****             the HAL_CAN_TxMailbox1AbortCallback could be implemented in the
2179:Drivers/STM32F0xx_HAL_Driver/Src/stm32f0xx_hal_can.c ****             user file
2180:Drivers/STM32F0xx_HAL_Driver/Src/stm32f0xx_hal_can.c ****    */
2181:Drivers/STM32F0xx_HAL_Driver/Src/stm32f0xx_hal_can.c **** }
 2451              		.loc 1 2181 1 is_stmt 0 view .LVU756
 2452              		@ sp needed
 2453 0000 7047     		bx	lr
ARM GAS  /tmp/ccxePDI1.s 			page 88


 2454              		.cfi_endproc
 2455              	.LFE64:
 2457              		.section	.text.HAL_CAN_TxMailbox2AbortCallback,"ax",%progbits
 2458              		.align	1
 2459              		.weak	HAL_CAN_TxMailbox2AbortCallback
 2460              		.syntax unified
 2461              		.code	16
 2462              		.thumb_func
 2464              	HAL_CAN_TxMailbox2AbortCallback:
 2465              	.LVL194:
 2466              	.LFB65:
2182:Drivers/STM32F0xx_HAL_Driver/Src/stm32f0xx_hal_can.c **** 
2183:Drivers/STM32F0xx_HAL_Driver/Src/stm32f0xx_hal_can.c **** /**
2184:Drivers/STM32F0xx_HAL_Driver/Src/stm32f0xx_hal_can.c ****   * @brief  Transmission Mailbox 2 Cancellation callback.
2185:Drivers/STM32F0xx_HAL_Driver/Src/stm32f0xx_hal_can.c ****   * @param  hcan pointer to an CAN_HandleTypeDef structure that contains
2186:Drivers/STM32F0xx_HAL_Driver/Src/stm32f0xx_hal_can.c ****   *         the configuration information for the specified CAN.
2187:Drivers/STM32F0xx_HAL_Driver/Src/stm32f0xx_hal_can.c ****   * @retval None
2188:Drivers/STM32F0xx_HAL_Driver/Src/stm32f0xx_hal_can.c ****   */
2189:Drivers/STM32F0xx_HAL_Driver/Src/stm32f0xx_hal_can.c **** __weak void HAL_CAN_TxMailbox2AbortCallback(CAN_HandleTypeDef *hcan)
2190:Drivers/STM32F0xx_HAL_Driver/Src/stm32f0xx_hal_can.c **** {
 2467              		.loc 1 2190 1 is_stmt 1 view -0
 2468              		.cfi_startproc
 2469              		@ args = 0, pretend = 0, frame = 0
 2470              		@ frame_needed = 0, uses_anonymous_args = 0
 2471              		@ link register save eliminated.
2191:Drivers/STM32F0xx_HAL_Driver/Src/stm32f0xx_hal_can.c ****   /* Prevent unused argument(s) compilation warning */
2192:Drivers/STM32F0xx_HAL_Driver/Src/stm32f0xx_hal_can.c ****   UNUSED(hcan);
 2472              		.loc 1 2192 3 view .LVU758
2193:Drivers/STM32F0xx_HAL_Driver/Src/stm32f0xx_hal_can.c **** 
2194:Drivers/STM32F0xx_HAL_Driver/Src/stm32f0xx_hal_can.c ****   /* NOTE : This function Should not be modified, when the callback is needed,
2195:Drivers/STM32F0xx_HAL_Driver/Src/stm32f0xx_hal_can.c ****             the HAL_CAN_TxMailbox2AbortCallback could be implemented in the
2196:Drivers/STM32F0xx_HAL_Driver/Src/stm32f0xx_hal_can.c ****             user file
2197:Drivers/STM32F0xx_HAL_Driver/Src/stm32f0xx_hal_can.c ****    */
2198:Drivers/STM32F0xx_HAL_Driver/Src/stm32f0xx_hal_can.c **** }
 2473              		.loc 1 2198 1 is_stmt 0 view .LVU759
 2474              		@ sp needed
 2475 0000 7047     		bx	lr
 2476              		.cfi_endproc
 2477              	.LFE65:
 2479              		.section	.text.HAL_CAN_RxFifo0MsgPendingCallback,"ax",%progbits
 2480              		.align	1
 2481              		.weak	HAL_CAN_RxFifo0MsgPendingCallback
 2482              		.syntax unified
 2483              		.code	16
 2484              		.thumb_func
 2486              	HAL_CAN_RxFifo0MsgPendingCallback:
 2487              	.LVL195:
 2488              	.LFB66:
2199:Drivers/STM32F0xx_HAL_Driver/Src/stm32f0xx_hal_can.c **** 
2200:Drivers/STM32F0xx_HAL_Driver/Src/stm32f0xx_hal_can.c **** /**
2201:Drivers/STM32F0xx_HAL_Driver/Src/stm32f0xx_hal_can.c ****   * @brief  Rx FIFO 0 message pending callback.
2202:Drivers/STM32F0xx_HAL_Driver/Src/stm32f0xx_hal_can.c ****   * @param  hcan pointer to a CAN_HandleTypeDef structure that contains
2203:Drivers/STM32F0xx_HAL_Driver/Src/stm32f0xx_hal_can.c ****   *         the configuration information for the specified CAN.
2204:Drivers/STM32F0xx_HAL_Driver/Src/stm32f0xx_hal_can.c ****   * @retval None
2205:Drivers/STM32F0xx_HAL_Driver/Src/stm32f0xx_hal_can.c ****   */
2206:Drivers/STM32F0xx_HAL_Driver/Src/stm32f0xx_hal_can.c **** __weak void HAL_CAN_RxFifo0MsgPendingCallback(CAN_HandleTypeDef *hcan)
2207:Drivers/STM32F0xx_HAL_Driver/Src/stm32f0xx_hal_can.c **** {
ARM GAS  /tmp/ccxePDI1.s 			page 89


 2489              		.loc 1 2207 1 is_stmt 1 view -0
 2490              		.cfi_startproc
 2491              		@ args = 0, pretend = 0, frame = 0
 2492              		@ frame_needed = 0, uses_anonymous_args = 0
 2493              		@ link register save eliminated.
2208:Drivers/STM32F0xx_HAL_Driver/Src/stm32f0xx_hal_can.c ****   /* Prevent unused argument(s) compilation warning */
2209:Drivers/STM32F0xx_HAL_Driver/Src/stm32f0xx_hal_can.c ****   UNUSED(hcan);
 2494              		.loc 1 2209 3 view .LVU761
2210:Drivers/STM32F0xx_HAL_Driver/Src/stm32f0xx_hal_can.c **** 
2211:Drivers/STM32F0xx_HAL_Driver/Src/stm32f0xx_hal_can.c ****   /* NOTE : This function Should not be modified, when the callback is needed,
2212:Drivers/STM32F0xx_HAL_Driver/Src/stm32f0xx_hal_can.c ****             the HAL_CAN_RxFifo0MsgPendingCallback could be implemented in the
2213:Drivers/STM32F0xx_HAL_Driver/Src/stm32f0xx_hal_can.c ****             user file
2214:Drivers/STM32F0xx_HAL_Driver/Src/stm32f0xx_hal_can.c ****    */
2215:Drivers/STM32F0xx_HAL_Driver/Src/stm32f0xx_hal_can.c **** }
 2495              		.loc 1 2215 1 is_stmt 0 view .LVU762
 2496              		@ sp needed
 2497 0000 7047     		bx	lr
 2498              		.cfi_endproc
 2499              	.LFE66:
 2501              		.section	.text.HAL_CAN_RxFifo0FullCallback,"ax",%progbits
 2502              		.align	1
 2503              		.weak	HAL_CAN_RxFifo0FullCallback
 2504              		.syntax unified
 2505              		.code	16
 2506              		.thumb_func
 2508              	HAL_CAN_RxFifo0FullCallback:
 2509              	.LVL196:
 2510              	.LFB67:
2216:Drivers/STM32F0xx_HAL_Driver/Src/stm32f0xx_hal_can.c **** 
2217:Drivers/STM32F0xx_HAL_Driver/Src/stm32f0xx_hal_can.c **** /**
2218:Drivers/STM32F0xx_HAL_Driver/Src/stm32f0xx_hal_can.c ****   * @brief  Rx FIFO 0 full callback.
2219:Drivers/STM32F0xx_HAL_Driver/Src/stm32f0xx_hal_can.c ****   * @param  hcan pointer to a CAN_HandleTypeDef structure that contains
2220:Drivers/STM32F0xx_HAL_Driver/Src/stm32f0xx_hal_can.c ****   *         the configuration information for the specified CAN.
2221:Drivers/STM32F0xx_HAL_Driver/Src/stm32f0xx_hal_can.c ****   * @retval None
2222:Drivers/STM32F0xx_HAL_Driver/Src/stm32f0xx_hal_can.c ****   */
2223:Drivers/STM32F0xx_HAL_Driver/Src/stm32f0xx_hal_can.c **** __weak void HAL_CAN_RxFifo0FullCallback(CAN_HandleTypeDef *hcan)
2224:Drivers/STM32F0xx_HAL_Driver/Src/stm32f0xx_hal_can.c **** {
 2511              		.loc 1 2224 1 is_stmt 1 view -0
 2512              		.cfi_startproc
 2513              		@ args = 0, pretend = 0, frame = 0
 2514              		@ frame_needed = 0, uses_anonymous_args = 0
 2515              		@ link register save eliminated.
2225:Drivers/STM32F0xx_HAL_Driver/Src/stm32f0xx_hal_can.c ****   /* Prevent unused argument(s) compilation warning */
2226:Drivers/STM32F0xx_HAL_Driver/Src/stm32f0xx_hal_can.c ****   UNUSED(hcan);
 2516              		.loc 1 2226 3 view .LVU764
2227:Drivers/STM32F0xx_HAL_Driver/Src/stm32f0xx_hal_can.c **** 
2228:Drivers/STM32F0xx_HAL_Driver/Src/stm32f0xx_hal_can.c ****   /* NOTE : This function Should not be modified, when the callback is needed,
2229:Drivers/STM32F0xx_HAL_Driver/Src/stm32f0xx_hal_can.c ****             the HAL_CAN_RxFifo0FullCallback could be implemented in the user
2230:Drivers/STM32F0xx_HAL_Driver/Src/stm32f0xx_hal_can.c ****             file
2231:Drivers/STM32F0xx_HAL_Driver/Src/stm32f0xx_hal_can.c ****    */
2232:Drivers/STM32F0xx_HAL_Driver/Src/stm32f0xx_hal_can.c **** }
 2517              		.loc 1 2232 1 is_stmt 0 view .LVU765
 2518              		@ sp needed
 2519 0000 7047     		bx	lr
 2520              		.cfi_endproc
 2521              	.LFE67:
 2523              		.section	.text.HAL_CAN_RxFifo1MsgPendingCallback,"ax",%progbits
ARM GAS  /tmp/ccxePDI1.s 			page 90


 2524              		.align	1
 2525              		.weak	HAL_CAN_RxFifo1MsgPendingCallback
 2526              		.syntax unified
 2527              		.code	16
 2528              		.thumb_func
 2530              	HAL_CAN_RxFifo1MsgPendingCallback:
 2531              	.LVL197:
 2532              	.LFB68:
2233:Drivers/STM32F0xx_HAL_Driver/Src/stm32f0xx_hal_can.c **** 
2234:Drivers/STM32F0xx_HAL_Driver/Src/stm32f0xx_hal_can.c **** /**
2235:Drivers/STM32F0xx_HAL_Driver/Src/stm32f0xx_hal_can.c ****   * @brief  Rx FIFO 1 message pending callback.
2236:Drivers/STM32F0xx_HAL_Driver/Src/stm32f0xx_hal_can.c ****   * @param  hcan pointer to a CAN_HandleTypeDef structure that contains
2237:Drivers/STM32F0xx_HAL_Driver/Src/stm32f0xx_hal_can.c ****   *         the configuration information for the specified CAN.
2238:Drivers/STM32F0xx_HAL_Driver/Src/stm32f0xx_hal_can.c ****   * @retval None
2239:Drivers/STM32F0xx_HAL_Driver/Src/stm32f0xx_hal_can.c ****   */
2240:Drivers/STM32F0xx_HAL_Driver/Src/stm32f0xx_hal_can.c **** __weak void HAL_CAN_RxFifo1MsgPendingCallback(CAN_HandleTypeDef *hcan)
2241:Drivers/STM32F0xx_HAL_Driver/Src/stm32f0xx_hal_can.c **** {
 2533              		.loc 1 2241 1 is_stmt 1 view -0
 2534              		.cfi_startproc
 2535              		@ args = 0, pretend = 0, frame = 0
 2536              		@ frame_needed = 0, uses_anonymous_args = 0
 2537              		@ link register save eliminated.
2242:Drivers/STM32F0xx_HAL_Driver/Src/stm32f0xx_hal_can.c ****   /* Prevent unused argument(s) compilation warning */
2243:Drivers/STM32F0xx_HAL_Driver/Src/stm32f0xx_hal_can.c ****   UNUSED(hcan);
 2538              		.loc 1 2243 3 view .LVU767
2244:Drivers/STM32F0xx_HAL_Driver/Src/stm32f0xx_hal_can.c **** 
2245:Drivers/STM32F0xx_HAL_Driver/Src/stm32f0xx_hal_can.c ****   /* NOTE : This function Should not be modified, when the callback is needed,
2246:Drivers/STM32F0xx_HAL_Driver/Src/stm32f0xx_hal_can.c ****             the HAL_CAN_RxFifo1MsgPendingCallback could be implemented in the
2247:Drivers/STM32F0xx_HAL_Driver/Src/stm32f0xx_hal_can.c ****             user file
2248:Drivers/STM32F0xx_HAL_Driver/Src/stm32f0xx_hal_can.c ****    */
2249:Drivers/STM32F0xx_HAL_Driver/Src/stm32f0xx_hal_can.c **** }
 2539              		.loc 1 2249 1 is_stmt 0 view .LVU768
 2540              		@ sp needed
 2541 0000 7047     		bx	lr
 2542              		.cfi_endproc
 2543              	.LFE68:
 2545              		.section	.text.HAL_CAN_RxFifo1FullCallback,"ax",%progbits
 2546              		.align	1
 2547              		.weak	HAL_CAN_RxFifo1FullCallback
 2548              		.syntax unified
 2549              		.code	16
 2550              		.thumb_func
 2552              	HAL_CAN_RxFifo1FullCallback:
 2553              	.LVL198:
 2554              	.LFB69:
2250:Drivers/STM32F0xx_HAL_Driver/Src/stm32f0xx_hal_can.c **** 
2251:Drivers/STM32F0xx_HAL_Driver/Src/stm32f0xx_hal_can.c **** /**
2252:Drivers/STM32F0xx_HAL_Driver/Src/stm32f0xx_hal_can.c ****   * @brief  Rx FIFO 1 full callback.
2253:Drivers/STM32F0xx_HAL_Driver/Src/stm32f0xx_hal_can.c ****   * @param  hcan pointer to a CAN_HandleTypeDef structure that contains
2254:Drivers/STM32F0xx_HAL_Driver/Src/stm32f0xx_hal_can.c ****   *         the configuration information for the specified CAN.
2255:Drivers/STM32F0xx_HAL_Driver/Src/stm32f0xx_hal_can.c ****   * @retval None
2256:Drivers/STM32F0xx_HAL_Driver/Src/stm32f0xx_hal_can.c ****   */
2257:Drivers/STM32F0xx_HAL_Driver/Src/stm32f0xx_hal_can.c **** __weak void HAL_CAN_RxFifo1FullCallback(CAN_HandleTypeDef *hcan)
2258:Drivers/STM32F0xx_HAL_Driver/Src/stm32f0xx_hal_can.c **** {
 2555              		.loc 1 2258 1 is_stmt 1 view -0
 2556              		.cfi_startproc
 2557              		@ args = 0, pretend = 0, frame = 0
ARM GAS  /tmp/ccxePDI1.s 			page 91


 2558              		@ frame_needed = 0, uses_anonymous_args = 0
 2559              		@ link register save eliminated.
2259:Drivers/STM32F0xx_HAL_Driver/Src/stm32f0xx_hal_can.c ****   /* Prevent unused argument(s) compilation warning */
2260:Drivers/STM32F0xx_HAL_Driver/Src/stm32f0xx_hal_can.c ****   UNUSED(hcan);
 2560              		.loc 1 2260 3 view .LVU770
2261:Drivers/STM32F0xx_HAL_Driver/Src/stm32f0xx_hal_can.c **** 
2262:Drivers/STM32F0xx_HAL_Driver/Src/stm32f0xx_hal_can.c ****   /* NOTE : This function Should not be modified, when the callback is needed,
2263:Drivers/STM32F0xx_HAL_Driver/Src/stm32f0xx_hal_can.c ****             the HAL_CAN_RxFifo1FullCallback could be implemented in the user
2264:Drivers/STM32F0xx_HAL_Driver/Src/stm32f0xx_hal_can.c ****             file
2265:Drivers/STM32F0xx_HAL_Driver/Src/stm32f0xx_hal_can.c ****    */
2266:Drivers/STM32F0xx_HAL_Driver/Src/stm32f0xx_hal_can.c **** }
 2561              		.loc 1 2266 1 is_stmt 0 view .LVU771
 2562              		@ sp needed
 2563 0000 7047     		bx	lr
 2564              		.cfi_endproc
 2565              	.LFE69:
 2567              		.section	.text.HAL_CAN_SleepCallback,"ax",%progbits
 2568              		.align	1
 2569              		.weak	HAL_CAN_SleepCallback
 2570              		.syntax unified
 2571              		.code	16
 2572              		.thumb_func
 2574              	HAL_CAN_SleepCallback:
 2575              	.LVL199:
 2576              	.LFB70:
2267:Drivers/STM32F0xx_HAL_Driver/Src/stm32f0xx_hal_can.c **** 
2268:Drivers/STM32F0xx_HAL_Driver/Src/stm32f0xx_hal_can.c **** /**
2269:Drivers/STM32F0xx_HAL_Driver/Src/stm32f0xx_hal_can.c ****   * @brief  Sleep callback.
2270:Drivers/STM32F0xx_HAL_Driver/Src/stm32f0xx_hal_can.c ****   * @param  hcan pointer to a CAN_HandleTypeDef structure that contains
2271:Drivers/STM32F0xx_HAL_Driver/Src/stm32f0xx_hal_can.c ****   *         the configuration information for the specified CAN.
2272:Drivers/STM32F0xx_HAL_Driver/Src/stm32f0xx_hal_can.c ****   * @retval None
2273:Drivers/STM32F0xx_HAL_Driver/Src/stm32f0xx_hal_can.c ****   */
2274:Drivers/STM32F0xx_HAL_Driver/Src/stm32f0xx_hal_can.c **** __weak void HAL_CAN_SleepCallback(CAN_HandleTypeDef *hcan)
2275:Drivers/STM32F0xx_HAL_Driver/Src/stm32f0xx_hal_can.c **** {
 2577              		.loc 1 2275 1 is_stmt 1 view -0
 2578              		.cfi_startproc
 2579              		@ args = 0, pretend = 0, frame = 0
 2580              		@ frame_needed = 0, uses_anonymous_args = 0
 2581              		@ link register save eliminated.
2276:Drivers/STM32F0xx_HAL_Driver/Src/stm32f0xx_hal_can.c ****   /* Prevent unused argument(s) compilation warning */
2277:Drivers/STM32F0xx_HAL_Driver/Src/stm32f0xx_hal_can.c ****   UNUSED(hcan);
 2582              		.loc 1 2277 3 view .LVU773
2278:Drivers/STM32F0xx_HAL_Driver/Src/stm32f0xx_hal_can.c **** 
2279:Drivers/STM32F0xx_HAL_Driver/Src/stm32f0xx_hal_can.c ****   /* NOTE : This function Should not be modified, when the callback is needed,
2280:Drivers/STM32F0xx_HAL_Driver/Src/stm32f0xx_hal_can.c ****             the HAL_CAN_SleepCallback could be implemented in the user file
2281:Drivers/STM32F0xx_HAL_Driver/Src/stm32f0xx_hal_can.c ****    */
2282:Drivers/STM32F0xx_HAL_Driver/Src/stm32f0xx_hal_can.c **** }
 2583              		.loc 1 2282 1 is_stmt 0 view .LVU774
 2584              		@ sp needed
 2585 0000 7047     		bx	lr
 2586              		.cfi_endproc
 2587              	.LFE70:
 2589              		.section	.text.HAL_CAN_WakeUpFromRxMsgCallback,"ax",%progbits
 2590              		.align	1
 2591              		.weak	HAL_CAN_WakeUpFromRxMsgCallback
 2592              		.syntax unified
 2593              		.code	16
ARM GAS  /tmp/ccxePDI1.s 			page 92


 2594              		.thumb_func
 2596              	HAL_CAN_WakeUpFromRxMsgCallback:
 2597              	.LVL200:
 2598              	.LFB71:
2283:Drivers/STM32F0xx_HAL_Driver/Src/stm32f0xx_hal_can.c **** 
2284:Drivers/STM32F0xx_HAL_Driver/Src/stm32f0xx_hal_can.c **** /**
2285:Drivers/STM32F0xx_HAL_Driver/Src/stm32f0xx_hal_can.c ****   * @brief  WakeUp from Rx message callback.
2286:Drivers/STM32F0xx_HAL_Driver/Src/stm32f0xx_hal_can.c ****   * @param  hcan pointer to a CAN_HandleTypeDef structure that contains
2287:Drivers/STM32F0xx_HAL_Driver/Src/stm32f0xx_hal_can.c ****   *         the configuration information for the specified CAN.
2288:Drivers/STM32F0xx_HAL_Driver/Src/stm32f0xx_hal_can.c ****   * @retval None
2289:Drivers/STM32F0xx_HAL_Driver/Src/stm32f0xx_hal_can.c ****   */
2290:Drivers/STM32F0xx_HAL_Driver/Src/stm32f0xx_hal_can.c **** __weak void HAL_CAN_WakeUpFromRxMsgCallback(CAN_HandleTypeDef *hcan)
2291:Drivers/STM32F0xx_HAL_Driver/Src/stm32f0xx_hal_can.c **** {
 2599              		.loc 1 2291 1 is_stmt 1 view -0
 2600              		.cfi_startproc
 2601              		@ args = 0, pretend = 0, frame = 0
 2602              		@ frame_needed = 0, uses_anonymous_args = 0
 2603              		@ link register save eliminated.
2292:Drivers/STM32F0xx_HAL_Driver/Src/stm32f0xx_hal_can.c ****   /* Prevent unused argument(s) compilation warning */
2293:Drivers/STM32F0xx_HAL_Driver/Src/stm32f0xx_hal_can.c ****   UNUSED(hcan);
 2604              		.loc 1 2293 3 view .LVU776
2294:Drivers/STM32F0xx_HAL_Driver/Src/stm32f0xx_hal_can.c **** 
2295:Drivers/STM32F0xx_HAL_Driver/Src/stm32f0xx_hal_can.c ****   /* NOTE : This function Should not be modified, when the callback is needed,
2296:Drivers/STM32F0xx_HAL_Driver/Src/stm32f0xx_hal_can.c ****             the HAL_CAN_WakeUpFromRxMsgCallback could be implemented in the
2297:Drivers/STM32F0xx_HAL_Driver/Src/stm32f0xx_hal_can.c ****             user file
2298:Drivers/STM32F0xx_HAL_Driver/Src/stm32f0xx_hal_can.c ****    */
2299:Drivers/STM32F0xx_HAL_Driver/Src/stm32f0xx_hal_can.c **** }
 2605              		.loc 1 2299 1 is_stmt 0 view .LVU777
 2606              		@ sp needed
 2607 0000 7047     		bx	lr
 2608              		.cfi_endproc
 2609              	.LFE71:
 2611              		.section	.text.HAL_CAN_ErrorCallback,"ax",%progbits
 2612              		.align	1
 2613              		.weak	HAL_CAN_ErrorCallback
 2614              		.syntax unified
 2615              		.code	16
 2616              		.thumb_func
 2618              	HAL_CAN_ErrorCallback:
 2619              	.LVL201:
 2620              	.LFB72:
2300:Drivers/STM32F0xx_HAL_Driver/Src/stm32f0xx_hal_can.c **** 
2301:Drivers/STM32F0xx_HAL_Driver/Src/stm32f0xx_hal_can.c **** /**
2302:Drivers/STM32F0xx_HAL_Driver/Src/stm32f0xx_hal_can.c ****   * @brief  Error CAN callback.
2303:Drivers/STM32F0xx_HAL_Driver/Src/stm32f0xx_hal_can.c ****   * @param  hcan pointer to a CAN_HandleTypeDef structure that contains
2304:Drivers/STM32F0xx_HAL_Driver/Src/stm32f0xx_hal_can.c ****   *         the configuration information for the specified CAN.
2305:Drivers/STM32F0xx_HAL_Driver/Src/stm32f0xx_hal_can.c ****   * @retval None
2306:Drivers/STM32F0xx_HAL_Driver/Src/stm32f0xx_hal_can.c ****   */
2307:Drivers/STM32F0xx_HAL_Driver/Src/stm32f0xx_hal_can.c **** __weak void HAL_CAN_ErrorCallback(CAN_HandleTypeDef *hcan)
2308:Drivers/STM32F0xx_HAL_Driver/Src/stm32f0xx_hal_can.c **** {
 2621              		.loc 1 2308 1 is_stmt 1 view -0
 2622              		.cfi_startproc
 2623              		@ args = 0, pretend = 0, frame = 0
 2624              		@ frame_needed = 0, uses_anonymous_args = 0
 2625              		@ link register save eliminated.
2309:Drivers/STM32F0xx_HAL_Driver/Src/stm32f0xx_hal_can.c ****   /* Prevent unused argument(s) compilation warning */
2310:Drivers/STM32F0xx_HAL_Driver/Src/stm32f0xx_hal_can.c ****   UNUSED(hcan);
ARM GAS  /tmp/ccxePDI1.s 			page 93


 2626              		.loc 1 2310 3 view .LVU779
2311:Drivers/STM32F0xx_HAL_Driver/Src/stm32f0xx_hal_can.c **** 
2312:Drivers/STM32F0xx_HAL_Driver/Src/stm32f0xx_hal_can.c ****   /* NOTE : This function Should not be modified, when the callback is needed,
2313:Drivers/STM32F0xx_HAL_Driver/Src/stm32f0xx_hal_can.c ****             the HAL_CAN_ErrorCallback could be implemented in the user file
2314:Drivers/STM32F0xx_HAL_Driver/Src/stm32f0xx_hal_can.c ****    */
2315:Drivers/STM32F0xx_HAL_Driver/Src/stm32f0xx_hal_can.c **** }
 2627              		.loc 1 2315 1 is_stmt 0 view .LVU780
 2628              		@ sp needed
 2629 0000 7047     		bx	lr
 2630              		.cfi_endproc
 2631              	.LFE72:
 2633              		.section	.text.HAL_CAN_IRQHandler,"ax",%progbits
 2634              		.align	1
 2635              		.global	HAL_CAN_IRQHandler
 2636              		.syntax unified
 2637              		.code	16
 2638              		.thumb_func
 2640              	HAL_CAN_IRQHandler:
 2641              	.LVL202:
 2642              	.LFB59:
1694:Drivers/STM32F0xx_HAL_Driver/Src/stm32f0xx_hal_can.c ****   uint32_t errorcode = HAL_CAN_ERROR_NONE;
 2643              		.loc 1 1694 1 is_stmt 1 view -0
 2644              		.cfi_startproc
 2645              		@ args = 0, pretend = 0, frame = 0
 2646              		@ frame_needed = 0, uses_anonymous_args = 0
1694:Drivers/STM32F0xx_HAL_Driver/Src/stm32f0xx_hal_can.c ****   uint32_t errorcode = HAL_CAN_ERROR_NONE;
 2647              		.loc 1 1694 1 is_stmt 0 view .LVU782
 2648 0000 F8B5     		push	{r3, r4, r5, r6, r7, lr}
 2649              	.LCFI9:
 2650              		.cfi_def_cfa_offset 24
 2651              		.cfi_offset 3, -24
 2652              		.cfi_offset 4, -20
 2653              		.cfi_offset 5, -16
 2654              		.cfi_offset 6, -12
 2655              		.cfi_offset 7, -8
 2656              		.cfi_offset 14, -4
 2657 0002 DE46     		mov	lr, fp
 2658 0004 5746     		mov	r7, r10
 2659 0006 4E46     		mov	r6, r9
 2660 0008 4546     		mov	r5, r8
 2661 000a E0B5     		push	{r5, r6, r7, lr}
 2662              	.LCFI10:
 2663              		.cfi_def_cfa_offset 40
 2664              		.cfi_offset 8, -40
 2665              		.cfi_offset 9, -36
 2666              		.cfi_offset 10, -32
 2667              		.cfi_offset 11, -28
 2668 000c 0500     		movs	r5, r0
1695:Drivers/STM32F0xx_HAL_Driver/Src/stm32f0xx_hal_can.c ****   uint32_t interrupts = READ_REG(hcan->Instance->IER);
 2669              		.loc 1 1695 3 is_stmt 1 view .LVU783
 2670              	.LVL203:
1696:Drivers/STM32F0xx_HAL_Driver/Src/stm32f0xx_hal_can.c ****   uint32_t msrflags = READ_REG(hcan->Instance->MSR);
 2671              		.loc 1 1696 3 view .LVU784
1696:Drivers/STM32F0xx_HAL_Driver/Src/stm32f0xx_hal_can.c ****   uint32_t msrflags = READ_REG(hcan->Instance->MSR);
 2672              		.loc 1 1696 25 is_stmt 0 view .LVU785
 2673 000e 0368     		ldr	r3, [r0]
1696:Drivers/STM32F0xx_HAL_Driver/Src/stm32f0xx_hal_can.c ****   uint32_t msrflags = READ_REG(hcan->Instance->MSR);
ARM GAS  /tmp/ccxePDI1.s 			page 94


 2674              		.loc 1 1696 12 view .LVU786
 2675 0010 5C69     		ldr	r4, [r3, #20]
 2676              	.LVL204:
1697:Drivers/STM32F0xx_HAL_Driver/Src/stm32f0xx_hal_can.c ****   uint32_t tsrflags = READ_REG(hcan->Instance->TSR);
 2677              		.loc 1 1697 3 is_stmt 1 view .LVU787
1697:Drivers/STM32F0xx_HAL_Driver/Src/stm32f0xx_hal_can.c ****   uint32_t tsrflags = READ_REG(hcan->Instance->TSR);
 2678              		.loc 1 1697 12 is_stmt 0 view .LVU788
 2679 0012 5A68     		ldr	r2, [r3, #4]
 2680 0014 9046     		mov	r8, r2
 2681              	.LVL205:
1698:Drivers/STM32F0xx_HAL_Driver/Src/stm32f0xx_hal_can.c ****   uint32_t rf0rflags = READ_REG(hcan->Instance->RF0R);
 2682              		.loc 1 1698 3 is_stmt 1 view .LVU789
1698:Drivers/STM32F0xx_HAL_Driver/Src/stm32f0xx_hal_can.c ****   uint32_t rf0rflags = READ_REG(hcan->Instance->RF0R);
 2683              		.loc 1 1698 12 is_stmt 0 view .LVU790
 2684 0016 9F68     		ldr	r7, [r3, #8]
 2685              	.LVL206:
1699:Drivers/STM32F0xx_HAL_Driver/Src/stm32f0xx_hal_can.c ****   uint32_t rf1rflags = READ_REG(hcan->Instance->RF1R);
 2686              		.loc 1 1699 3 is_stmt 1 view .LVU791
1699:Drivers/STM32F0xx_HAL_Driver/Src/stm32f0xx_hal_can.c ****   uint32_t rf1rflags = READ_REG(hcan->Instance->RF1R);
 2687              		.loc 1 1699 12 is_stmt 0 view .LVU792
 2688 0018 DA68     		ldr	r2, [r3, #12]
 2689              	.LVL207:
1699:Drivers/STM32F0xx_HAL_Driver/Src/stm32f0xx_hal_can.c ****   uint32_t rf1rflags = READ_REG(hcan->Instance->RF1R);
 2690              		.loc 1 1699 12 view .LVU793
 2691 001a 9246     		mov	r10, r2
 2692              	.LVL208:
1700:Drivers/STM32F0xx_HAL_Driver/Src/stm32f0xx_hal_can.c ****   uint32_t esrflags = READ_REG(hcan->Instance->ESR);
 2693              		.loc 1 1700 3 is_stmt 1 view .LVU794
1700:Drivers/STM32F0xx_HAL_Driver/Src/stm32f0xx_hal_can.c ****   uint32_t esrflags = READ_REG(hcan->Instance->ESR);
 2694              		.loc 1 1700 12 is_stmt 0 view .LVU795
 2695 001c 1A69     		ldr	r2, [r3, #16]
 2696              	.LVL209:
1700:Drivers/STM32F0xx_HAL_Driver/Src/stm32f0xx_hal_can.c ****   uint32_t esrflags = READ_REG(hcan->Instance->ESR);
 2697              		.loc 1 1700 12 view .LVU796
 2698 001e 9146     		mov	r9, r2
 2699              	.LVL210:
1701:Drivers/STM32F0xx_HAL_Driver/Src/stm32f0xx_hal_can.c **** 
 2700              		.loc 1 1701 3 is_stmt 1 view .LVU797
1701:Drivers/STM32F0xx_HAL_Driver/Src/stm32f0xx_hal_can.c **** 
 2701              		.loc 1 1701 12 is_stmt 0 view .LVU798
 2702 0020 9A69     		ldr	r2, [r3, #24]
 2703              	.LVL211:
1701:Drivers/STM32F0xx_HAL_Driver/Src/stm32f0xx_hal_can.c **** 
 2704              		.loc 1 1701 12 view .LVU799
 2705 0022 9346     		mov	fp, r2
 2706              	.LVL212:
1704:Drivers/STM32F0xx_HAL_Driver/Src/stm32f0xx_hal_can.c ****   {
 2707              		.loc 1 1704 3 is_stmt 1 view .LVU800
1704:Drivers/STM32F0xx_HAL_Driver/Src/stm32f0xx_hal_can.c ****   {
 2708              		.loc 1 1704 19 is_stmt 0 view .LVU801
 2709 0024 0122     		movs	r2, #1
 2710              	.LVL213:
1704:Drivers/STM32F0xx_HAL_Driver/Src/stm32f0xx_hal_can.c ****   {
 2711              		.loc 1 1704 19 view .LVU802
 2712 0026 1600     		movs	r6, r2
 2713 0028 2640     		ands	r6, r4
1704:Drivers/STM32F0xx_HAL_Driver/Src/stm32f0xx_hal_can.c ****   {
ARM GAS  /tmp/ccxePDI1.s 			page 95


 2714              		.loc 1 1704 6 view .LVU803
 2715 002a 2242     		tst	r2, r4
 2716 002c 37D0     		beq	.L161
1707:Drivers/STM32F0xx_HAL_Driver/Src/stm32f0xx_hal_can.c ****     {
 2717              		.loc 1 1707 5 is_stmt 1 view .LVU804
1707:Drivers/STM32F0xx_HAL_Driver/Src/stm32f0xx_hal_can.c ****     {
 2718              		.loc 1 1707 19 is_stmt 0 view .LVU805
 2719 002e 1600     		movs	r6, r2
 2720 0030 3E40     		ands	r6, r7
1707:Drivers/STM32F0xx_HAL_Driver/Src/stm32f0xx_hal_can.c ****     {
 2721              		.loc 1 1707 8 view .LVU806
 2722 0032 3A42     		tst	r2, r7
 2723 0034 15D0     		beq	.L162
1710:Drivers/STM32F0xx_HAL_Driver/Src/stm32f0xx_hal_can.c **** 
 2724              		.loc 1 1710 7 is_stmt 1 view .LVU807
 2725 0036 9A60     		str	r2, [r3, #8]
1712:Drivers/STM32F0xx_HAL_Driver/Src/stm32f0xx_hal_can.c ****       {
 2726              		.loc 1 1712 7 view .LVU808
1712:Drivers/STM32F0xx_HAL_Driver/Src/stm32f0xx_hal_can.c ****       {
 2727              		.loc 1 1712 10 is_stmt 0 view .LVU809
 2728 0038 BB07     		lsls	r3, r7, #30
 2729 003a 09D4     		bmi	.L222
1725:Drivers/STM32F0xx_HAL_Driver/Src/stm32f0xx_hal_can.c ****         {
 2730              		.loc 1 1725 9 is_stmt 1 view .LVU810
1725:Drivers/STM32F0xx_HAL_Driver/Src/stm32f0xx_hal_can.c ****         {
 2731              		.loc 1 1725 12 is_stmt 0 view .LVU811
 2732 003c 7B07     		lsls	r3, r7, #29
 2733 003e 0ED4     		bmi	.L193
1730:Drivers/STM32F0xx_HAL_Driver/Src/stm32f0xx_hal_can.c ****         {
 2734              		.loc 1 1730 14 is_stmt 1 view .LVU812
1730:Drivers/STM32F0xx_HAL_Driver/Src/stm32f0xx_hal_can.c ****         {
 2735              		.loc 1 1730 28 is_stmt 0 view .LVU813
 2736 0040 0823     		movs	r3, #8
 2737 0042 1E00     		movs	r6, r3
 2738 0044 3E40     		ands	r6, r7
1730:Drivers/STM32F0xx_HAL_Driver/Src/stm32f0xx_hal_can.c ****         {
 2739              		.loc 1 1730 17 view .LVU814
 2740 0046 3B42     		tst	r3, r7
 2741 0048 06D0     		beq	.L223
1733:Drivers/STM32F0xx_HAL_Driver/Src/stm32f0xx_hal_can.c ****         }
 2742              		.loc 1 1733 21 view .LVU815
 2743 004a 8026     		movs	r6, #128
 2744 004c 7601     		lsls	r6, r6, #5
 2745 004e 08E0     		b	.L162
 2746              	.L222:
1720:Drivers/STM32F0xx_HAL_Driver/Src/stm32f0xx_hal_can.c **** #endif /* USE_HAL_CAN_REGISTER_CALLBACKS */
 2747              		.loc 1 1720 9 is_stmt 1 view .LVU816
 2748 0050 FFF7FEFF 		bl	HAL_CAN_TxMailbox0CompleteCallback
 2749              	.LVL214:
1695:Drivers/STM32F0xx_HAL_Driver/Src/stm32f0xx_hal_can.c ****   uint32_t interrupts = READ_REG(hcan->Instance->IER);
 2750              		.loc 1 1695 12 is_stmt 0 view .LVU817
 2751 0054 0026     		movs	r6, #0
 2752 0056 04E0     		b	.L162
 2753              	.LVL215:
 2754              	.L223:
1743:Drivers/STM32F0xx_HAL_Driver/Src/stm32f0xx_hal_can.c **** #endif /* USE_HAL_CAN_REGISTER_CALLBACKS */
 2755              		.loc 1 1743 11 is_stmt 1 view .LVU818
ARM GAS  /tmp/ccxePDI1.s 			page 96


 2756 0058 FFF7FEFF 		bl	HAL_CAN_TxMailbox0AbortCallback
 2757              	.LVL216:
1743:Drivers/STM32F0xx_HAL_Driver/Src/stm32f0xx_hal_can.c **** #endif /* USE_HAL_CAN_REGISTER_CALLBACKS */
 2758              		.loc 1 1743 11 is_stmt 0 view .LVU819
 2759 005c 01E0     		b	.L162
 2760              	.LVL217:
 2761              	.L193:
1728:Drivers/STM32F0xx_HAL_Driver/Src/stm32f0xx_hal_can.c ****         }
 2762              		.loc 1 1728 21 view .LVU820
 2763 005e 8026     		movs	r6, #128
 2764 0060 3601     		lsls	r6, r6, #4
 2765              	.LVL218:
 2766              	.L162:
1750:Drivers/STM32F0xx_HAL_Driver/Src/stm32f0xx_hal_can.c ****     {
 2767              		.loc 1 1750 5 is_stmt 1 view .LVU821
1750:Drivers/STM32F0xx_HAL_Driver/Src/stm32f0xx_hal_can.c ****     {
 2768              		.loc 1 1750 8 is_stmt 0 view .LVU822
 2769 0062 FB05     		lsls	r3, r7, #23
 2770 0064 0CD5     		bpl	.L164
1753:Drivers/STM32F0xx_HAL_Driver/Src/stm32f0xx_hal_can.c **** 
 2771              		.loc 1 1753 7 is_stmt 1 view .LVU823
 2772 0066 2B68     		ldr	r3, [r5]
 2773 0068 8022     		movs	r2, #128
 2774 006a 5200     		lsls	r2, r2, #1
 2775 006c 9A60     		str	r2, [r3, #8]
1755:Drivers/STM32F0xx_HAL_Driver/Src/stm32f0xx_hal_can.c ****       {
 2776              		.loc 1 1755 7 view .LVU824
1755:Drivers/STM32F0xx_HAL_Driver/Src/stm32f0xx_hal_can.c ****       {
 2777              		.loc 1 1755 10 is_stmt 0 view .LVU825
 2778 006e BB05     		lsls	r3, r7, #22
 2779 0070 00D5     		bpl	.LCB2327
 2780 0072 8DE0     		b	.L224	@long jump
 2781              	.LCB2327:
1768:Drivers/STM32F0xx_HAL_Driver/Src/stm32f0xx_hal_can.c ****         {
 2782              		.loc 1 1768 9 is_stmt 1 view .LVU826
1768:Drivers/STM32F0xx_HAL_Driver/Src/stm32f0xx_hal_can.c ****         {
 2783              		.loc 1 1768 12 is_stmt 0 view .LVU827
 2784 0074 7B05     		lsls	r3, r7, #21
 2785 0076 00D4     		bmi	.LCB2332
 2786 0078 8EE0     		b	.L166	@long jump
 2787              	.LCB2332:
1771:Drivers/STM32F0xx_HAL_Driver/Src/stm32f0xx_hal_can.c ****         }
 2788              		.loc 1 1771 11 is_stmt 1 view .LVU828
1771:Drivers/STM32F0xx_HAL_Driver/Src/stm32f0xx_hal_can.c ****         }
 2789              		.loc 1 1771 21 is_stmt 0 view .LVU829
 2790 007a 8023     		movs	r3, #128
 2791 007c 9B01     		lsls	r3, r3, #6
 2792 007e 1E43     		orrs	r6, r3
 2793              	.LVL219:
 2794              	.L164:
1793:Drivers/STM32F0xx_HAL_Driver/Src/stm32f0xx_hal_can.c ****     {
 2795              		.loc 1 1793 5 is_stmt 1 view .LVU830
1793:Drivers/STM32F0xx_HAL_Driver/Src/stm32f0xx_hal_can.c ****     {
 2796              		.loc 1 1793 8 is_stmt 0 view .LVU831
 2797 0080 FB03     		lsls	r3, r7, #15
 2798 0082 0CD5     		bpl	.L161
1796:Drivers/STM32F0xx_HAL_Driver/Src/stm32f0xx_hal_can.c **** 
ARM GAS  /tmp/ccxePDI1.s 			page 97


 2799              		.loc 1 1796 7 is_stmt 1 view .LVU832
 2800 0084 2B68     		ldr	r3, [r5]
 2801 0086 8022     		movs	r2, #128
 2802 0088 5202     		lsls	r2, r2, #9
 2803 008a 9A60     		str	r2, [r3, #8]
1798:Drivers/STM32F0xx_HAL_Driver/Src/stm32f0xx_hal_can.c ****       {
 2804              		.loc 1 1798 7 view .LVU833
1798:Drivers/STM32F0xx_HAL_Driver/Src/stm32f0xx_hal_can.c ****       {
 2805              		.loc 1 1798 10 is_stmt 0 view .LVU834
 2806 008c BB03     		lsls	r3, r7, #14
 2807 008e 00D5     		bpl	.LCB2359
 2808 0090 8CE0     		b	.L225	@long jump
 2809              	.LCB2359:
1811:Drivers/STM32F0xx_HAL_Driver/Src/stm32f0xx_hal_can.c ****         {
 2810              		.loc 1 1811 9 is_stmt 1 view .LVU835
1811:Drivers/STM32F0xx_HAL_Driver/Src/stm32f0xx_hal_can.c ****         {
 2811              		.loc 1 1811 12 is_stmt 0 view .LVU836
 2812 0092 7B03     		lsls	r3, r7, #13
 2813 0094 00D4     		bmi	.LCB2364
 2814 0096 8DE0     		b	.L169	@long jump
 2815              	.LCB2364:
1814:Drivers/STM32F0xx_HAL_Driver/Src/stm32f0xx_hal_can.c ****         }
 2816              		.loc 1 1814 11 is_stmt 1 view .LVU837
1814:Drivers/STM32F0xx_HAL_Driver/Src/stm32f0xx_hal_can.c ****         }
 2817              		.loc 1 1814 21 is_stmt 0 view .LVU838
 2818 0098 8023     		movs	r3, #128
 2819 009a 1B02     		lsls	r3, r3, #8
 2820 009c 1E43     		orrs	r6, r3
 2821              	.LVL220:
 2822              	.L161:
1837:Drivers/STM32F0xx_HAL_Driver/Src/stm32f0xx_hal_can.c ****   {
 2823              		.loc 1 1837 3 is_stmt 1 view .LVU839
1837:Drivers/STM32F0xx_HAL_Driver/Src/stm32f0xx_hal_can.c ****   {
 2824              		.loc 1 1837 6 is_stmt 0 view .LVU840
 2825 009e 2307     		lsls	r3, r4, #28
 2826 00a0 08D5     		bpl	.L171
1839:Drivers/STM32F0xx_HAL_Driver/Src/stm32f0xx_hal_can.c ****     {
 2827              		.loc 1 1839 5 is_stmt 1 view .LVU841
1839:Drivers/STM32F0xx_HAL_Driver/Src/stm32f0xx_hal_can.c ****     {
 2828              		.loc 1 1839 8 is_stmt 0 view .LVU842
 2829 00a2 5346     		mov	r3, r10
 2830 00a4 DB06     		lsls	r3, r3, #27
 2831 00a6 05D5     		bpl	.L171
1842:Drivers/STM32F0xx_HAL_Driver/Src/stm32f0xx_hal_can.c **** 
 2832              		.loc 1 1842 7 is_stmt 1 view .LVU843
1842:Drivers/STM32F0xx_HAL_Driver/Src/stm32f0xx_hal_can.c **** 
 2833              		.loc 1 1842 17 is_stmt 0 view .LVU844
 2834 00a8 8023     		movs	r3, #128
 2835 00aa 9B00     		lsls	r3, r3, #2
 2836 00ac 1E43     		orrs	r6, r3
 2837              	.LVL221:
1845:Drivers/STM32F0xx_HAL_Driver/Src/stm32f0xx_hal_can.c ****     }
 2838              		.loc 1 1845 7 is_stmt 1 view .LVU845
 2839 00ae 2B68     		ldr	r3, [r5]
 2840 00b0 1022     		movs	r2, #16
 2841 00b2 DA60     		str	r2, [r3, #12]
 2842              	.L171:
ARM GAS  /tmp/ccxePDI1.s 			page 98


1850:Drivers/STM32F0xx_HAL_Driver/Src/stm32f0xx_hal_can.c ****   {
 2843              		.loc 1 1850 3 view .LVU846
1850:Drivers/STM32F0xx_HAL_Driver/Src/stm32f0xx_hal_can.c ****   {
 2844              		.loc 1 1850 6 is_stmt 0 view .LVU847
 2845 00b4 6307     		lsls	r3, r4, #29
 2846 00b6 03D5     		bpl	.L172
1852:Drivers/STM32F0xx_HAL_Driver/Src/stm32f0xx_hal_can.c ****     {
 2847              		.loc 1 1852 5 is_stmt 1 view .LVU848
1852:Drivers/STM32F0xx_HAL_Driver/Src/stm32f0xx_hal_can.c ****     {
 2848              		.loc 1 1852 8 is_stmt 0 view .LVU849
 2849 00b8 5346     		mov	r3, r10
 2850 00ba 1B07     		lsls	r3, r3, #28
 2851 00bc 00D5     		bpl	.LCB2415
 2852 00be 83E0     		b	.L226	@long jump
 2853              	.LCB2415:
 2854              	.L172:
1869:Drivers/STM32F0xx_HAL_Driver/Src/stm32f0xx_hal_can.c ****   {
 2855              		.loc 1 1869 3 is_stmt 1 view .LVU850
1869:Drivers/STM32F0xx_HAL_Driver/Src/stm32f0xx_hal_can.c ****   {
 2856              		.loc 1 1869 6 is_stmt 0 view .LVU851
 2857 00c0 A307     		lsls	r3, r4, #30
 2858 00c2 04D5     		bpl	.L173
1872:Drivers/STM32F0xx_HAL_Driver/Src/stm32f0xx_hal_can.c ****     {
 2859              		.loc 1 1872 5 is_stmt 1 view .LVU852
1872:Drivers/STM32F0xx_HAL_Driver/Src/stm32f0xx_hal_can.c ****     {
 2860              		.loc 1 1872 14 is_stmt 0 view .LVU853
 2861 00c4 2B68     		ldr	r3, [r5]
1872:Drivers/STM32F0xx_HAL_Driver/Src/stm32f0xx_hal_can.c ****     {
 2862              		.loc 1 1872 24 view .LVU854
 2863 00c6 DB68     		ldr	r3, [r3, #12]
1872:Drivers/STM32F0xx_HAL_Driver/Src/stm32f0xx_hal_can.c ****     {
 2864              		.loc 1 1872 8 view .LVU855
 2865 00c8 9B07     		lsls	r3, r3, #30
 2866 00ca 00D0     		beq	.LCB2429
 2867 00cc 83E0     		b	.L227	@long jump
 2868              	.LCB2429:
 2869              	.L173:
1886:Drivers/STM32F0xx_HAL_Driver/Src/stm32f0xx_hal_can.c ****   {
 2870              		.loc 1 1886 3 is_stmt 1 view .LVU856
1886:Drivers/STM32F0xx_HAL_Driver/Src/stm32f0xx_hal_can.c ****   {
 2871              		.loc 1 1886 6 is_stmt 0 view .LVU857
 2872 00ce 6306     		lsls	r3, r4, #25
 2873 00d0 08D5     		bpl	.L174
1888:Drivers/STM32F0xx_HAL_Driver/Src/stm32f0xx_hal_can.c ****     {
 2874              		.loc 1 1888 5 is_stmt 1 view .LVU858
1888:Drivers/STM32F0xx_HAL_Driver/Src/stm32f0xx_hal_can.c ****     {
 2875              		.loc 1 1888 8 is_stmt 0 view .LVU859
 2876 00d2 4B46     		mov	r3, r9
 2877 00d4 DB06     		lsls	r3, r3, #27
 2878 00d6 05D5     		bpl	.L174
1891:Drivers/STM32F0xx_HAL_Driver/Src/stm32f0xx_hal_can.c **** 
 2879              		.loc 1 1891 7 is_stmt 1 view .LVU860
1891:Drivers/STM32F0xx_HAL_Driver/Src/stm32f0xx_hal_can.c **** 
 2880              		.loc 1 1891 17 is_stmt 0 view .LVU861
 2881 00d8 8023     		movs	r3, #128
 2882 00da DB00     		lsls	r3, r3, #3
 2883 00dc 1E43     		orrs	r6, r3
ARM GAS  /tmp/ccxePDI1.s 			page 99


 2884              	.LVL222:
1894:Drivers/STM32F0xx_HAL_Driver/Src/stm32f0xx_hal_can.c ****     }
 2885              		.loc 1 1894 7 is_stmt 1 view .LVU862
 2886 00de 2B68     		ldr	r3, [r5]
 2887 00e0 1022     		movs	r2, #16
 2888 00e2 1A61     		str	r2, [r3, #16]
 2889              	.L174:
1899:Drivers/STM32F0xx_HAL_Driver/Src/stm32f0xx_hal_can.c ****   {
 2890              		.loc 1 1899 3 view .LVU863
1899:Drivers/STM32F0xx_HAL_Driver/Src/stm32f0xx_hal_can.c ****   {
 2891              		.loc 1 1899 6 is_stmt 0 view .LVU864
 2892 00e4 A306     		lsls	r3, r4, #26
 2893 00e6 03D5     		bpl	.L175
1901:Drivers/STM32F0xx_HAL_Driver/Src/stm32f0xx_hal_can.c ****     {
 2894              		.loc 1 1901 5 is_stmt 1 view .LVU865
1901:Drivers/STM32F0xx_HAL_Driver/Src/stm32f0xx_hal_can.c ****     {
 2895              		.loc 1 1901 8 is_stmt 0 view .LVU866
 2896 00e8 4B46     		mov	r3, r9
 2897 00ea 1B07     		lsls	r3, r3, #28
 2898 00ec 00D5     		bpl	.LCB2470
 2899 00ee 76E0     		b	.L228	@long jump
 2900              	.LCB2470:
 2901              	.L175:
1918:Drivers/STM32F0xx_HAL_Driver/Src/stm32f0xx_hal_can.c ****   {
 2902              		.loc 1 1918 3 is_stmt 1 view .LVU867
1918:Drivers/STM32F0xx_HAL_Driver/Src/stm32f0xx_hal_can.c ****   {
 2903              		.loc 1 1918 6 is_stmt 0 view .LVU868
 2904 00f0 E306     		lsls	r3, r4, #27
 2905 00f2 04D5     		bpl	.L176
1921:Drivers/STM32F0xx_HAL_Driver/Src/stm32f0xx_hal_can.c ****     {
 2906              		.loc 1 1921 5 is_stmt 1 view .LVU869
1921:Drivers/STM32F0xx_HAL_Driver/Src/stm32f0xx_hal_can.c ****     {
 2907              		.loc 1 1921 14 is_stmt 0 view .LVU870
 2908 00f4 2B68     		ldr	r3, [r5]
1921:Drivers/STM32F0xx_HAL_Driver/Src/stm32f0xx_hal_can.c ****     {
 2909              		.loc 1 1921 24 view .LVU871
 2910 00f6 1B69     		ldr	r3, [r3, #16]
1921:Drivers/STM32F0xx_HAL_Driver/Src/stm32f0xx_hal_can.c ****     {
 2911              		.loc 1 1921 8 view .LVU872
 2912 00f8 9B07     		lsls	r3, r3, #30
 2913 00fa 00D0     		beq	.LCB2484
 2914 00fc 76E0     		b	.L229	@long jump
 2915              	.LCB2484:
 2916              	.L176:
1935:Drivers/STM32F0xx_HAL_Driver/Src/stm32f0xx_hal_can.c ****   {
 2917              		.loc 1 1935 3 is_stmt 1 view .LVU873
1935:Drivers/STM32F0xx_HAL_Driver/Src/stm32f0xx_hal_can.c ****   {
 2918              		.loc 1 1935 6 is_stmt 0 view .LVU874
 2919 00fe A303     		lsls	r3, r4, #14
 2920 0100 03D5     		bpl	.L177
1937:Drivers/STM32F0xx_HAL_Driver/Src/stm32f0xx_hal_can.c ****     {
 2921              		.loc 1 1937 5 is_stmt 1 view .LVU875
1937:Drivers/STM32F0xx_HAL_Driver/Src/stm32f0xx_hal_can.c ****     {
 2922              		.loc 1 1937 8 is_stmt 0 view .LVU876
 2923 0102 4346     		mov	r3, r8
 2924 0104 DB06     		lsls	r3, r3, #27
 2925 0106 00D5     		bpl	.LCB2497
ARM GAS  /tmp/ccxePDI1.s 			page 100


 2926 0108 74E0     		b	.L230	@long jump
 2927              	.LCB2497:
 2928              	.L177:
1954:Drivers/STM32F0xx_HAL_Driver/Src/stm32f0xx_hal_can.c ****   {
 2929              		.loc 1 1954 3 is_stmt 1 view .LVU877
1954:Drivers/STM32F0xx_HAL_Driver/Src/stm32f0xx_hal_can.c ****   {
 2930              		.loc 1 1954 6 is_stmt 0 view .LVU878
 2931 010a E303     		lsls	r3, r4, #15
 2932 010c 03D5     		bpl	.L178
1956:Drivers/STM32F0xx_HAL_Driver/Src/stm32f0xx_hal_can.c ****     {
 2933              		.loc 1 1956 5 is_stmt 1 view .LVU879
1956:Drivers/STM32F0xx_HAL_Driver/Src/stm32f0xx_hal_can.c ****     {
 2934              		.loc 1 1956 8 is_stmt 0 view .LVU880
 2935 010e 4346     		mov	r3, r8
 2936 0110 1B07     		lsls	r3, r3, #28
 2937 0112 00D5     		bpl	.LCB2510
 2938 0114 75E0     		b	.L231	@long jump
 2939              	.LCB2510:
 2940              	.L178:
1973:Drivers/STM32F0xx_HAL_Driver/Src/stm32f0xx_hal_can.c ****   {
 2941              		.loc 1 1973 3 is_stmt 1 view .LVU881
1973:Drivers/STM32F0xx_HAL_Driver/Src/stm32f0xx_hal_can.c ****   {
 2942              		.loc 1 1973 6 is_stmt 0 view .LVU882
 2943 0116 2304     		lsls	r3, r4, #16
 2944 0118 32D5     		bpl	.L179
1975:Drivers/STM32F0xx_HAL_Driver/Src/stm32f0xx_hal_can.c ****     {
 2945              		.loc 1 1975 5 is_stmt 1 view .LVU883
1975:Drivers/STM32F0xx_HAL_Driver/Src/stm32f0xx_hal_can.c ****     {
 2946              		.loc 1 1975 8 is_stmt 0 view .LVU884
 2947 011a 4346     		mov	r3, r8
 2948 011c 5B07     		lsls	r3, r3, #29
 2949 011e 2CD5     		bpl	.L180
1978:Drivers/STM32F0xx_HAL_Driver/Src/stm32f0xx_hal_can.c ****           ((esrflags & CAN_ESR_EWGF) != 0U))
 2950              		.loc 1 1978 7 is_stmt 1 view .LVU885
1978:Drivers/STM32F0xx_HAL_Driver/Src/stm32f0xx_hal_can.c ****           ((esrflags & CAN_ESR_EWGF) != 0U))
 2951              		.loc 1 1978 10 is_stmt 0 view .LVU886
 2952 0120 E305     		lsls	r3, r4, #23
 2953 0122 04D5     		bpl	.L181
1978:Drivers/STM32F0xx_HAL_Driver/Src/stm32f0xx_hal_can.c ****           ((esrflags & CAN_ESR_EWGF) != 0U))
 2954              		.loc 1 1978 55 discriminator 1 view .LVU887
 2955 0124 5B46     		mov	r3, fp
 2956 0126 DB07     		lsls	r3, r3, #31
 2957 0128 01D5     		bpl	.L181
1982:Drivers/STM32F0xx_HAL_Driver/Src/stm32f0xx_hal_can.c **** 
 2958              		.loc 1 1982 9 is_stmt 1 view .LVU888
1982:Drivers/STM32F0xx_HAL_Driver/Src/stm32f0xx_hal_can.c **** 
 2959              		.loc 1 1982 19 is_stmt 0 view .LVU889
 2960 012a 0123     		movs	r3, #1
 2961 012c 1E43     		orrs	r6, r3
 2962              	.LVL223:
 2963              	.L181:
1988:Drivers/STM32F0xx_HAL_Driver/Src/stm32f0xx_hal_can.c ****           ((esrflags & CAN_ESR_EPVF) != 0U))
 2964              		.loc 1 1988 7 is_stmt 1 view .LVU890
1988:Drivers/STM32F0xx_HAL_Driver/Src/stm32f0xx_hal_can.c ****           ((esrflags & CAN_ESR_EPVF) != 0U))
 2965              		.loc 1 1988 10 is_stmt 0 view .LVU891
 2966 012e A305     		lsls	r3, r4, #22
 2967 0130 04D5     		bpl	.L182
ARM GAS  /tmp/ccxePDI1.s 			page 101


1988:Drivers/STM32F0xx_HAL_Driver/Src/stm32f0xx_hal_can.c ****           ((esrflags & CAN_ESR_EPVF) != 0U))
 2968              		.loc 1 1988 55 discriminator 1 view .LVU892
 2969 0132 5B46     		mov	r3, fp
 2970 0134 9B07     		lsls	r3, r3, #30
 2971 0136 01D5     		bpl	.L182
1992:Drivers/STM32F0xx_HAL_Driver/Src/stm32f0xx_hal_can.c **** 
 2972              		.loc 1 1992 9 is_stmt 1 view .LVU893
1992:Drivers/STM32F0xx_HAL_Driver/Src/stm32f0xx_hal_can.c **** 
 2973              		.loc 1 1992 19 is_stmt 0 view .LVU894
 2974 0138 0223     		movs	r3, #2
 2975 013a 1E43     		orrs	r6, r3
 2976              	.LVL224:
 2977              	.L182:
1998:Drivers/STM32F0xx_HAL_Driver/Src/stm32f0xx_hal_can.c ****           ((esrflags & CAN_ESR_BOFF) != 0U))
 2978              		.loc 1 1998 7 is_stmt 1 view .LVU895
1998:Drivers/STM32F0xx_HAL_Driver/Src/stm32f0xx_hal_can.c ****           ((esrflags & CAN_ESR_BOFF) != 0U))
 2979              		.loc 1 1998 10 is_stmt 0 view .LVU896
 2980 013c 6305     		lsls	r3, r4, #21
 2981 013e 04D5     		bpl	.L183
1998:Drivers/STM32F0xx_HAL_Driver/Src/stm32f0xx_hal_can.c ****           ((esrflags & CAN_ESR_BOFF) != 0U))
 2982              		.loc 1 1998 48 discriminator 1 view .LVU897
 2983 0140 5B46     		mov	r3, fp
 2984 0142 5B07     		lsls	r3, r3, #29
 2985 0144 01D5     		bpl	.L183
2002:Drivers/STM32F0xx_HAL_Driver/Src/stm32f0xx_hal_can.c **** 
 2986              		.loc 1 2002 9 is_stmt 1 view .LVU898
2002:Drivers/STM32F0xx_HAL_Driver/Src/stm32f0xx_hal_can.c **** 
 2987              		.loc 1 2002 19 is_stmt 0 view .LVU899
 2988 0146 0423     		movs	r3, #4
 2989 0148 1E43     		orrs	r6, r3
 2990              	.LVL225:
 2991              	.L183:
2008:Drivers/STM32F0xx_HAL_Driver/Src/stm32f0xx_hal_can.c ****           ((esrflags & CAN_ESR_LEC) != 0U))
 2992              		.loc 1 2008 7 is_stmt 1 view .LVU900
2008:Drivers/STM32F0xx_HAL_Driver/Src/stm32f0xx_hal_can.c ****           ((esrflags & CAN_ESR_LEC) != 0U))
 2993              		.loc 1 2008 10 is_stmt 0 view .LVU901
 2994 014a 2405     		lsls	r4, r4, #20
 2995 014c 15D5     		bpl	.L180
 2996              	.LVL226:
2009:Drivers/STM32F0xx_HAL_Driver/Src/stm32f0xx_hal_can.c ****       {
 2997              		.loc 1 2009 22 view .LVU902
 2998 014e 7023     		movs	r3, #112
 2999 0150 5A46     		mov	r2, fp
 3000 0152 1A40     		ands	r2, r3
2008:Drivers/STM32F0xx_HAL_Driver/Src/stm32f0xx_hal_can.c ****           ((esrflags & CAN_ESR_LEC) != 0U))
 3001              		.loc 1 2008 57 discriminator 1 view .LVU903
 3002 0154 5946     		mov	r1, fp
 3003 0156 0B42     		tst	r3, r1
 3004 0158 0FD0     		beq	.L180
 3005              	.LVL227:
2011:Drivers/STM32F0xx_HAL_Driver/Src/stm32f0xx_hal_can.c ****         {
 3006              		.loc 1 2011 9 is_stmt 1 view .LVU904
 3007 015a 402A     		cmp	r2, #64
 3008 015c 66D0     		beq	.L184
 3009 015e 57D8     		bhi	.L185
 3010 0160 202A     		cmp	r2, #32
 3011 0162 5DD0     		beq	.L186
ARM GAS  /tmp/ccxePDI1.s 			page 102


 3012 0164 302A     		cmp	r2, #48
 3013 0166 5ED0     		beq	.L187
 3014 0168 102A     		cmp	r2, #16
 3015 016a 01D1     		bne	.L189
2015:Drivers/STM32F0xx_HAL_Driver/Src/stm32f0xx_hal_can.c ****             break;
 3016              		.loc 1 2015 13 view .LVU905
2015:Drivers/STM32F0xx_HAL_Driver/Src/stm32f0xx_hal_can.c ****             break;
 3017              		.loc 1 2015 23 is_stmt 0 view .LVU906
 3018 016c 0823     		movs	r3, #8
 3019 016e 1E43     		orrs	r6, r3
 3020              	.LVL228:
2016:Drivers/STM32F0xx_HAL_Driver/Src/stm32f0xx_hal_can.c ****           case (CAN_ESR_LEC_1):
 3021              		.loc 1 2016 13 is_stmt 1 view .LVU907
 3022              	.L189:
2042:Drivers/STM32F0xx_HAL_Driver/Src/stm32f0xx_hal_can.c ****       }
 3023              		.loc 1 2042 9 view .LVU908
 3024 0170 2A68     		ldr	r2, [r5]
 3025 0172 9369     		ldr	r3, [r2, #24]
 3026 0174 7021     		movs	r1, #112
 3027              	.LVL229:
2042:Drivers/STM32F0xx_HAL_Driver/Src/stm32f0xx_hal_can.c ****       }
 3028              		.loc 1 2042 9 is_stmt 0 view .LVU909
 3029 0176 8B43     		bics	r3, r1
 3030 0178 9361     		str	r3, [r2, #24]
 3031              	.L180:
2047:Drivers/STM32F0xx_HAL_Driver/Src/stm32f0xx_hal_can.c ****   }
 3032              		.loc 1 2047 5 is_stmt 1 view .LVU910
 3033 017a 2B68     		ldr	r3, [r5]
 3034 017c 0422     		movs	r2, #4
 3035 017e 5A60     		str	r2, [r3, #4]
 3036              	.L179:
2051:Drivers/STM32F0xx_HAL_Driver/Src/stm32f0xx_hal_can.c ****   {
 3037              		.loc 1 2051 3 view .LVU911
2051:Drivers/STM32F0xx_HAL_Driver/Src/stm32f0xx_hal_can.c ****   {
 3038              		.loc 1 2051 6 is_stmt 0 view .LVU912
 3039 0180 002E     		cmp	r6, #0
 3040 0182 59D1     		bne	.L232
 3041              	.L160:
2065:Drivers/STM32F0xx_HAL_Driver/Src/stm32f0xx_hal_can.c **** 
 3042              		.loc 1 2065 1 view .LVU913
 3043              		@ sp needed
 3044              	.LVL230:
 3045              	.LVL231:
 3046              	.LVL232:
 3047              	.LVL233:
 3048              	.LVL234:
 3049              	.LVL235:
2065:Drivers/STM32F0xx_HAL_Driver/Src/stm32f0xx_hal_can.c **** 
 3050              		.loc 1 2065 1 view .LVU914
 3051 0184 F0BC     		pop	{r4, r5, r6, r7}
 3052 0186 BB46     		mov	fp, r7
 3053 0188 B246     		mov	r10, r6
 3054 018a A946     		mov	r9, r5
 3055 018c A046     		mov	r8, r4
 3056 018e F8BD     		pop	{r3, r4, r5, r6, r7, pc}
 3057              	.LVL236:
 3058              	.L224:
ARM GAS  /tmp/ccxePDI1.s 			page 103


1763:Drivers/STM32F0xx_HAL_Driver/Src/stm32f0xx_hal_can.c **** #endif /* USE_HAL_CAN_REGISTER_CALLBACKS */
 3059              		.loc 1 1763 9 is_stmt 1 view .LVU915
 3060 0190 2800     		movs	r0, r5
 3061 0192 FFF7FEFF 		bl	HAL_CAN_TxMailbox1CompleteCallback
 3062              	.LVL237:
 3063 0196 73E7     		b	.L164
 3064              	.L166:
1773:Drivers/STM32F0xx_HAL_Driver/Src/stm32f0xx_hal_can.c ****         {
 3065              		.loc 1 1773 14 view .LVU916
1773:Drivers/STM32F0xx_HAL_Driver/Src/stm32f0xx_hal_can.c ****         {
 3066              		.loc 1 1773 17 is_stmt 0 view .LVU917
 3067 0198 3B05     		lsls	r3, r7, #20
 3068 019a 03D5     		bpl	.L167
1776:Drivers/STM32F0xx_HAL_Driver/Src/stm32f0xx_hal_can.c ****         }
 3069              		.loc 1 1776 11 is_stmt 1 view .LVU918
1776:Drivers/STM32F0xx_HAL_Driver/Src/stm32f0xx_hal_can.c ****         }
 3070              		.loc 1 1776 21 is_stmt 0 view .LVU919
 3071 019c 8023     		movs	r3, #128
 3072 019e DB01     		lsls	r3, r3, #7
 3073 01a0 1E43     		orrs	r6, r3
 3074              	.LVL238:
1776:Drivers/STM32F0xx_HAL_Driver/Src/stm32f0xx_hal_can.c ****         }
 3075              		.loc 1 1776 21 view .LVU920
 3076 01a2 6DE7     		b	.L164
 3077              	.L167:
1786:Drivers/STM32F0xx_HAL_Driver/Src/stm32f0xx_hal_can.c **** #endif /* USE_HAL_CAN_REGISTER_CALLBACKS */
 3078              		.loc 1 1786 11 is_stmt 1 view .LVU921
 3079 01a4 2800     		movs	r0, r5
 3080 01a6 FFF7FEFF 		bl	HAL_CAN_TxMailbox1AbortCallback
 3081              	.LVL239:
 3082 01aa 69E7     		b	.L164
 3083              	.L225:
1806:Drivers/STM32F0xx_HAL_Driver/Src/stm32f0xx_hal_can.c **** #endif /* USE_HAL_CAN_REGISTER_CALLBACKS */
 3084              		.loc 1 1806 9 view .LVU922
 3085 01ac 2800     		movs	r0, r5
 3086 01ae FFF7FEFF 		bl	HAL_CAN_TxMailbox2CompleteCallback
 3087              	.LVL240:
 3088 01b2 74E7     		b	.L161
 3089              	.L169:
1816:Drivers/STM32F0xx_HAL_Driver/Src/stm32f0xx_hal_can.c ****         {
 3090              		.loc 1 1816 14 view .LVU923
1816:Drivers/STM32F0xx_HAL_Driver/Src/stm32f0xx_hal_can.c ****         {
 3091              		.loc 1 1816 17 is_stmt 0 view .LVU924
 3092 01b4 3F03     		lsls	r7, r7, #12
 3093 01b6 03D5     		bpl	.L170
 3094              	.LVL241:
1819:Drivers/STM32F0xx_HAL_Driver/Src/stm32f0xx_hal_can.c ****         }
 3095              		.loc 1 1819 11 is_stmt 1 view .LVU925
1819:Drivers/STM32F0xx_HAL_Driver/Src/stm32f0xx_hal_can.c ****         }
 3096              		.loc 1 1819 21 is_stmt 0 view .LVU926
 3097 01b8 8023     		movs	r3, #128
 3098 01ba 5B02     		lsls	r3, r3, #9
 3099 01bc 1E43     		orrs	r6, r3
 3100              	.LVL242:
1819:Drivers/STM32F0xx_HAL_Driver/Src/stm32f0xx_hal_can.c ****         }
 3101              		.loc 1 1819 21 view .LVU927
 3102 01be 6EE7     		b	.L161
ARM GAS  /tmp/ccxePDI1.s 			page 104


 3103              	.L170:
1829:Drivers/STM32F0xx_HAL_Driver/Src/stm32f0xx_hal_can.c **** #endif /* USE_HAL_CAN_REGISTER_CALLBACKS */
 3104              		.loc 1 1829 11 is_stmt 1 view .LVU928
 3105 01c0 2800     		movs	r0, r5
 3106 01c2 FFF7FEFF 		bl	HAL_CAN_TxMailbox2AbortCallback
 3107              	.LVL243:
 3108 01c6 6AE7     		b	.L161
 3109              	.L226:
1855:Drivers/STM32F0xx_HAL_Driver/Src/stm32f0xx_hal_can.c **** 
 3110              		.loc 1 1855 7 view .LVU929
 3111 01c8 2B68     		ldr	r3, [r5]
 3112 01ca 0822     		movs	r2, #8
 3113 01cc DA60     		str	r2, [r3, #12]
1863:Drivers/STM32F0xx_HAL_Driver/Src/stm32f0xx_hal_can.c **** #endif /* USE_HAL_CAN_REGISTER_CALLBACKS */
 3114              		.loc 1 1863 7 view .LVU930
 3115 01ce 2800     		movs	r0, r5
 3116 01d0 FFF7FEFF 		bl	HAL_CAN_RxFifo0FullCallback
 3117              	.LVL244:
 3118 01d4 74E7     		b	.L172
 3119              	.L227:
1880:Drivers/STM32F0xx_HAL_Driver/Src/stm32f0xx_hal_can.c **** #endif /* USE_HAL_CAN_REGISTER_CALLBACKS */
 3120              		.loc 1 1880 7 view .LVU931
 3121 01d6 2800     		movs	r0, r5
 3122 01d8 FFF7FEFF 		bl	HAL_CAN_RxFifo0MsgPendingCallback
 3123              	.LVL245:
 3124 01dc 77E7     		b	.L173
 3125              	.L228:
1904:Drivers/STM32F0xx_HAL_Driver/Src/stm32f0xx_hal_can.c **** 
 3126              		.loc 1 1904 7 view .LVU932
 3127 01de 2B68     		ldr	r3, [r5]
 3128 01e0 0822     		movs	r2, #8
 3129 01e2 1A61     		str	r2, [r3, #16]
1912:Drivers/STM32F0xx_HAL_Driver/Src/stm32f0xx_hal_can.c **** #endif /* USE_HAL_CAN_REGISTER_CALLBACKS */
 3130              		.loc 1 1912 7 view .LVU933
 3131 01e4 2800     		movs	r0, r5
 3132 01e6 FFF7FEFF 		bl	HAL_CAN_RxFifo1FullCallback
 3133              	.LVL246:
 3134 01ea 81E7     		b	.L175
 3135              	.L229:
1929:Drivers/STM32F0xx_HAL_Driver/Src/stm32f0xx_hal_can.c **** #endif /* USE_HAL_CAN_REGISTER_CALLBACKS */
 3136              		.loc 1 1929 7 view .LVU934
 3137 01ec 2800     		movs	r0, r5
 3138 01ee FFF7FEFF 		bl	HAL_CAN_RxFifo1MsgPendingCallback
 3139              	.LVL247:
 3140 01f2 84E7     		b	.L176
 3141              	.L230:
1940:Drivers/STM32F0xx_HAL_Driver/Src/stm32f0xx_hal_can.c **** 
 3142              		.loc 1 1940 7 view .LVU935
 3143 01f4 2B68     		ldr	r3, [r5]
 3144 01f6 1022     		movs	r2, #16
 3145 01f8 5A60     		str	r2, [r3, #4]
1948:Drivers/STM32F0xx_HAL_Driver/Src/stm32f0xx_hal_can.c **** #endif /* USE_HAL_CAN_REGISTER_CALLBACKS */
 3146              		.loc 1 1948 7 view .LVU936
 3147 01fa 2800     		movs	r0, r5
 3148 01fc FFF7FEFF 		bl	HAL_CAN_SleepCallback
 3149              	.LVL248:
 3150 0200 83E7     		b	.L177
ARM GAS  /tmp/ccxePDI1.s 			page 105


 3151              	.L231:
1959:Drivers/STM32F0xx_HAL_Driver/Src/stm32f0xx_hal_can.c **** 
 3152              		.loc 1 1959 7 view .LVU937
 3153 0202 2B68     		ldr	r3, [r5]
 3154 0204 0822     		movs	r2, #8
 3155 0206 5A60     		str	r2, [r3, #4]
1967:Drivers/STM32F0xx_HAL_Driver/Src/stm32f0xx_hal_can.c **** #endif /* USE_HAL_CAN_REGISTER_CALLBACKS */
 3156              		.loc 1 1967 7 view .LVU938
 3157 0208 2800     		movs	r0, r5
 3158 020a FFF7FEFF 		bl	HAL_CAN_WakeUpFromRxMsgCallback
 3159              	.LVL249:
 3160 020e 82E7     		b	.L178
 3161              	.LVL250:
 3162              	.L185:
2011:Drivers/STM32F0xx_HAL_Driver/Src/stm32f0xx_hal_can.c ****         {
 3163              		.loc 1 2011 9 is_stmt 0 view .LVU939
 3164 0210 502A     		cmp	r2, #80
 3165 0212 0ED0     		beq	.L190
 3166 0214 602A     		cmp	r2, #96
 3167 0216 ABD1     		bne	.L189
2035:Drivers/STM32F0xx_HAL_Driver/Src/stm32f0xx_hal_can.c ****             break;
 3168              		.loc 1 2035 13 is_stmt 1 view .LVU940
2035:Drivers/STM32F0xx_HAL_Driver/Src/stm32f0xx_hal_can.c ****             break;
 3169              		.loc 1 2035 23 is_stmt 0 view .LVU941
 3170 0218 8023     		movs	r3, #128
 3171 021a 5B00     		lsls	r3, r3, #1
 3172 021c 1E43     		orrs	r6, r3
 3173              	.LVL251:
2036:Drivers/STM32F0xx_HAL_Driver/Src/stm32f0xx_hal_can.c ****           default:
 3174              		.loc 1 2036 13 is_stmt 1 view .LVU942
 3175 021e A7E7     		b	.L189
 3176              	.L186:
2019:Drivers/STM32F0xx_HAL_Driver/Src/stm32f0xx_hal_can.c ****             break;
 3177              		.loc 1 2019 13 view .LVU943
2019:Drivers/STM32F0xx_HAL_Driver/Src/stm32f0xx_hal_can.c ****             break;
 3178              		.loc 1 2019 23 is_stmt 0 view .LVU944
 3179 0220 1023     		movs	r3, #16
 3180 0222 1E43     		orrs	r6, r3
 3181              	.LVL252:
2020:Drivers/STM32F0xx_HAL_Driver/Src/stm32f0xx_hal_can.c ****           case (CAN_ESR_LEC_1 | CAN_ESR_LEC_0):
 3182              		.loc 1 2020 13 is_stmt 1 view .LVU945
 3183 0224 A4E7     		b	.L189
 3184              	.L187:
2023:Drivers/STM32F0xx_HAL_Driver/Src/stm32f0xx_hal_can.c ****             break;
 3185              		.loc 1 2023 13 view .LVU946
2023:Drivers/STM32F0xx_HAL_Driver/Src/stm32f0xx_hal_can.c ****             break;
 3186              		.loc 1 2023 23 is_stmt 0 view .LVU947
 3187 0226 2023     		movs	r3, #32
 3188 0228 1E43     		orrs	r6, r3
 3189              	.LVL253:
2024:Drivers/STM32F0xx_HAL_Driver/Src/stm32f0xx_hal_can.c ****           case (CAN_ESR_LEC_2):
 3190              		.loc 1 2024 13 is_stmt 1 view .LVU948
 3191 022a A1E7     		b	.L189
 3192              	.L184:
2027:Drivers/STM32F0xx_HAL_Driver/Src/stm32f0xx_hal_can.c ****             break;
 3193              		.loc 1 2027 13 view .LVU949
2027:Drivers/STM32F0xx_HAL_Driver/Src/stm32f0xx_hal_can.c ****             break;
ARM GAS  /tmp/ccxePDI1.s 			page 106


 3194              		.loc 1 2027 23 is_stmt 0 view .LVU950
 3195 022c 4023     		movs	r3, #64
 3196 022e 1E43     		orrs	r6, r3
 3197              	.LVL254:
2028:Drivers/STM32F0xx_HAL_Driver/Src/stm32f0xx_hal_can.c ****           case (CAN_ESR_LEC_2 | CAN_ESR_LEC_0):
 3198              		.loc 1 2028 13 is_stmt 1 view .LVU951
 3199 0230 9EE7     		b	.L189
 3200              	.L190:
2031:Drivers/STM32F0xx_HAL_Driver/Src/stm32f0xx_hal_can.c ****             break;
 3201              		.loc 1 2031 13 view .LVU952
2031:Drivers/STM32F0xx_HAL_Driver/Src/stm32f0xx_hal_can.c ****             break;
 3202              		.loc 1 2031 23 is_stmt 0 view .LVU953
 3203 0232 8023     		movs	r3, #128
 3204 0234 1E43     		orrs	r6, r3
 3205              	.LVL255:
2032:Drivers/STM32F0xx_HAL_Driver/Src/stm32f0xx_hal_can.c ****           case (CAN_ESR_LEC_2 | CAN_ESR_LEC_1):
 3206              		.loc 1 2032 13 is_stmt 1 view .LVU954
 3207 0236 9BE7     		b	.L189
 3208              	.LVL256:
 3209              	.L232:
2054:Drivers/STM32F0xx_HAL_Driver/Src/stm32f0xx_hal_can.c **** 
 3210              		.loc 1 2054 5 view .LVU955
2054:Drivers/STM32F0xx_HAL_Driver/Src/stm32f0xx_hal_can.c **** 
 3211              		.loc 1 2054 9 is_stmt 0 view .LVU956
 3212 0238 6B6A     		ldr	r3, [r5, #36]
2054:Drivers/STM32F0xx_HAL_Driver/Src/stm32f0xx_hal_can.c **** 
 3213              		.loc 1 2054 21 view .LVU957
 3214 023a 3343     		orrs	r3, r6
 3215 023c 6B62     		str	r3, [r5, #36]
2062:Drivers/STM32F0xx_HAL_Driver/Src/stm32f0xx_hal_can.c **** #endif /* USE_HAL_CAN_REGISTER_CALLBACKS */
 3216              		.loc 1 2062 5 is_stmt 1 view .LVU958
 3217 023e 2800     		movs	r0, r5
 3218 0240 FFF7FEFF 		bl	HAL_CAN_ErrorCallback
 3219              	.LVL257:
2065:Drivers/STM32F0xx_HAL_Driver/Src/stm32f0xx_hal_can.c **** 
 3220              		.loc 1 2065 1 is_stmt 0 view .LVU959
 3221 0244 9EE7     		b	.L160
 3222              		.cfi_endproc
 3223              	.LFE59:
 3225              		.section	.text.HAL_CAN_GetState,"ax",%progbits
 3226              		.align	1
 3227              		.global	HAL_CAN_GetState
 3228              		.syntax unified
 3229              		.code	16
 3230              		.thumb_func
 3232              	HAL_CAN_GetState:
 3233              	.LVL258:
 3234              	.LFB73:
2316:Drivers/STM32F0xx_HAL_Driver/Src/stm32f0xx_hal_can.c **** 
2317:Drivers/STM32F0xx_HAL_Driver/Src/stm32f0xx_hal_can.c **** /**
2318:Drivers/STM32F0xx_HAL_Driver/Src/stm32f0xx_hal_can.c ****   * @}
2319:Drivers/STM32F0xx_HAL_Driver/Src/stm32f0xx_hal_can.c ****   */
2320:Drivers/STM32F0xx_HAL_Driver/Src/stm32f0xx_hal_can.c **** 
2321:Drivers/STM32F0xx_HAL_Driver/Src/stm32f0xx_hal_can.c **** /** @defgroup CAN_Exported_Functions_Group6 Peripheral State and Error functions
2322:Drivers/STM32F0xx_HAL_Driver/Src/stm32f0xx_hal_can.c ****   * @brief   CAN Peripheral State functions
2323:Drivers/STM32F0xx_HAL_Driver/Src/stm32f0xx_hal_can.c ****   *
2324:Drivers/STM32F0xx_HAL_Driver/Src/stm32f0xx_hal_can.c **** @verbatim
ARM GAS  /tmp/ccxePDI1.s 			page 107


2325:Drivers/STM32F0xx_HAL_Driver/Src/stm32f0xx_hal_can.c ****   ==============================================================================
2326:Drivers/STM32F0xx_HAL_Driver/Src/stm32f0xx_hal_can.c ****             ##### Peripheral State and Error functions #####
2327:Drivers/STM32F0xx_HAL_Driver/Src/stm32f0xx_hal_can.c ****   ==============================================================================
2328:Drivers/STM32F0xx_HAL_Driver/Src/stm32f0xx_hal_can.c ****     [..]
2329:Drivers/STM32F0xx_HAL_Driver/Src/stm32f0xx_hal_can.c ****     This subsection provides functions allowing to :
2330:Drivers/STM32F0xx_HAL_Driver/Src/stm32f0xx_hal_can.c ****       (+) HAL_CAN_GetState()  : Return the CAN state.
2331:Drivers/STM32F0xx_HAL_Driver/Src/stm32f0xx_hal_can.c ****       (+) HAL_CAN_GetError()  : Return the CAN error codes if any.
2332:Drivers/STM32F0xx_HAL_Driver/Src/stm32f0xx_hal_can.c ****       (+) HAL_CAN_ResetError(): Reset the CAN error codes if any.
2333:Drivers/STM32F0xx_HAL_Driver/Src/stm32f0xx_hal_can.c **** 
2334:Drivers/STM32F0xx_HAL_Driver/Src/stm32f0xx_hal_can.c **** @endverbatim
2335:Drivers/STM32F0xx_HAL_Driver/Src/stm32f0xx_hal_can.c ****   * @{
2336:Drivers/STM32F0xx_HAL_Driver/Src/stm32f0xx_hal_can.c ****   */
2337:Drivers/STM32F0xx_HAL_Driver/Src/stm32f0xx_hal_can.c **** 
2338:Drivers/STM32F0xx_HAL_Driver/Src/stm32f0xx_hal_can.c **** /**
2339:Drivers/STM32F0xx_HAL_Driver/Src/stm32f0xx_hal_can.c ****   * @brief  Return the CAN state.
2340:Drivers/STM32F0xx_HAL_Driver/Src/stm32f0xx_hal_can.c ****   * @param  hcan pointer to a CAN_HandleTypeDef structure that contains
2341:Drivers/STM32F0xx_HAL_Driver/Src/stm32f0xx_hal_can.c ****   *         the configuration information for the specified CAN.
2342:Drivers/STM32F0xx_HAL_Driver/Src/stm32f0xx_hal_can.c ****   * @retval HAL state
2343:Drivers/STM32F0xx_HAL_Driver/Src/stm32f0xx_hal_can.c ****   */
2344:Drivers/STM32F0xx_HAL_Driver/Src/stm32f0xx_hal_can.c **** HAL_CAN_StateTypeDef HAL_CAN_GetState(const CAN_HandleTypeDef *hcan)
2345:Drivers/STM32F0xx_HAL_Driver/Src/stm32f0xx_hal_can.c **** {
 3235              		.loc 1 2345 1 is_stmt 1 view -0
 3236              		.cfi_startproc
 3237              		@ args = 0, pretend = 0, frame = 0
 3238              		@ frame_needed = 0, uses_anonymous_args = 0
 3239              		@ link register save eliminated.
 3240              		.loc 1 2345 1 is_stmt 0 view .LVU961
 3241 0000 0200     		movs	r2, r0
2346:Drivers/STM32F0xx_HAL_Driver/Src/stm32f0xx_hal_can.c ****   HAL_CAN_StateTypeDef state = hcan->State;
 3242              		.loc 1 2346 3 is_stmt 1 view .LVU962
 3243              		.loc 1 2346 24 is_stmt 0 view .LVU963
 3244 0002 2023     		movs	r3, #32
 3245 0004 C35C     		ldrb	r3, [r0, r3]
 3246 0006 D8B2     		uxtb	r0, r3
 3247              	.LVL259:
2347:Drivers/STM32F0xx_HAL_Driver/Src/stm32f0xx_hal_can.c **** 
2348:Drivers/STM32F0xx_HAL_Driver/Src/stm32f0xx_hal_can.c ****   if ((state == HAL_CAN_STATE_READY) ||
 3248              		.loc 1 2348 3 is_stmt 1 view .LVU964
 3249              		.loc 1 2348 38 is_stmt 0 view .LVU965
 3250 0008 013B     		subs	r3, r3, #1
 3251 000a DBB2     		uxtb	r3, r3
 3252              		.loc 1 2348 6 view .LVU966
 3253 000c 012B     		cmp	r3, #1
 3254 000e 00D9     		bls	.L238
 3255              	.LVL260:
 3256              	.L234:
2349:Drivers/STM32F0xx_HAL_Driver/Src/stm32f0xx_hal_can.c ****       (state == HAL_CAN_STATE_LISTENING))
2350:Drivers/STM32F0xx_HAL_Driver/Src/stm32f0xx_hal_can.c ****   {
2351:Drivers/STM32F0xx_HAL_Driver/Src/stm32f0xx_hal_can.c ****     /* Check sleep mode acknowledge flag */
2352:Drivers/STM32F0xx_HAL_Driver/Src/stm32f0xx_hal_can.c ****     if ((hcan->Instance->MSR & CAN_MSR_SLAK) != 0U)
2353:Drivers/STM32F0xx_HAL_Driver/Src/stm32f0xx_hal_can.c ****     {
2354:Drivers/STM32F0xx_HAL_Driver/Src/stm32f0xx_hal_can.c ****       /* Sleep mode is active */
2355:Drivers/STM32F0xx_HAL_Driver/Src/stm32f0xx_hal_can.c ****       state = HAL_CAN_STATE_SLEEP_ACTIVE;
2356:Drivers/STM32F0xx_HAL_Driver/Src/stm32f0xx_hal_can.c ****     }
2357:Drivers/STM32F0xx_HAL_Driver/Src/stm32f0xx_hal_can.c ****     /* Check sleep mode request flag */
2358:Drivers/STM32F0xx_HAL_Driver/Src/stm32f0xx_hal_can.c ****     else if ((hcan->Instance->MCR & CAN_MCR_SLEEP) != 0U)
2359:Drivers/STM32F0xx_HAL_Driver/Src/stm32f0xx_hal_can.c ****     {
ARM GAS  /tmp/ccxePDI1.s 			page 108


2360:Drivers/STM32F0xx_HAL_Driver/Src/stm32f0xx_hal_can.c ****       /* Sleep mode request is pending */
2361:Drivers/STM32F0xx_HAL_Driver/Src/stm32f0xx_hal_can.c ****       state = HAL_CAN_STATE_SLEEP_PENDING;
2362:Drivers/STM32F0xx_HAL_Driver/Src/stm32f0xx_hal_can.c ****     }
2363:Drivers/STM32F0xx_HAL_Driver/Src/stm32f0xx_hal_can.c ****     else
2364:Drivers/STM32F0xx_HAL_Driver/Src/stm32f0xx_hal_can.c ****     {
2365:Drivers/STM32F0xx_HAL_Driver/Src/stm32f0xx_hal_can.c ****       /* Neither sleep mode request nor sleep mode acknowledge */
2366:Drivers/STM32F0xx_HAL_Driver/Src/stm32f0xx_hal_can.c ****     }
 3257              		.loc 1 2366 5 is_stmt 1 view .LVU967
2367:Drivers/STM32F0xx_HAL_Driver/Src/stm32f0xx_hal_can.c ****   }
2368:Drivers/STM32F0xx_HAL_Driver/Src/stm32f0xx_hal_can.c **** 
2369:Drivers/STM32F0xx_HAL_Driver/Src/stm32f0xx_hal_can.c ****   /* Return CAN state */
2370:Drivers/STM32F0xx_HAL_Driver/Src/stm32f0xx_hal_can.c ****   return state;
 3258              		.loc 1 2370 3 view .LVU968
2371:Drivers/STM32F0xx_HAL_Driver/Src/stm32f0xx_hal_can.c **** }
 3259              		.loc 1 2371 1 is_stmt 0 view .LVU969
 3260              		@ sp needed
 3261 0010 7047     		bx	lr
 3262              	.LVL261:
 3263              	.L238:
2352:Drivers/STM32F0xx_HAL_Driver/Src/stm32f0xx_hal_can.c ****     {
 3264              		.loc 1 2352 5 is_stmt 1 view .LVU970
2352:Drivers/STM32F0xx_HAL_Driver/Src/stm32f0xx_hal_can.c ****     {
 3265              		.loc 1 2352 14 is_stmt 0 view .LVU971
 3266 0012 1268     		ldr	r2, [r2]
 3267              	.LVL262:
2352:Drivers/STM32F0xx_HAL_Driver/Src/stm32f0xx_hal_can.c ****     {
 3268              		.loc 1 2352 24 view .LVU972
 3269 0014 5368     		ldr	r3, [r2, #4]
2352:Drivers/STM32F0xx_HAL_Driver/Src/stm32f0xx_hal_can.c ****     {
 3270              		.loc 1 2352 8 view .LVU973
 3271 0016 9B07     		lsls	r3, r3, #30
 3272 0018 04D4     		bmi	.L235
2358:Drivers/STM32F0xx_HAL_Driver/Src/stm32f0xx_hal_can.c ****     {
 3273              		.loc 1 2358 10 is_stmt 1 view .LVU974
2358:Drivers/STM32F0xx_HAL_Driver/Src/stm32f0xx_hal_can.c ****     {
 3274              		.loc 1 2358 29 is_stmt 0 view .LVU975
 3275 001a 1368     		ldr	r3, [r2]
2358:Drivers/STM32F0xx_HAL_Driver/Src/stm32f0xx_hal_can.c ****     {
 3276              		.loc 1 2358 13 view .LVU976
 3277 001c 9B07     		lsls	r3, r3, #30
 3278 001e F7D5     		bpl	.L234
2361:Drivers/STM32F0xx_HAL_Driver/Src/stm32f0xx_hal_can.c ****     }
 3279              		.loc 1 2361 13 view .LVU977
 3280 0020 0320     		movs	r0, #3
 3281              	.LVL263:
2361:Drivers/STM32F0xx_HAL_Driver/Src/stm32f0xx_hal_can.c ****     }
 3282              		.loc 1 2361 13 view .LVU978
 3283 0022 F5E7     		b	.L234
 3284              	.LVL264:
 3285              	.L235:
2355:Drivers/STM32F0xx_HAL_Driver/Src/stm32f0xx_hal_can.c ****     }
 3286              		.loc 1 2355 13 view .LVU979
 3287 0024 0420     		movs	r0, #4
 3288              	.LVL265:
2355:Drivers/STM32F0xx_HAL_Driver/Src/stm32f0xx_hal_can.c ****     }
 3289              		.loc 1 2355 13 view .LVU980
 3290 0026 F3E7     		b	.L234
ARM GAS  /tmp/ccxePDI1.s 			page 109


 3291              		.cfi_endproc
 3292              	.LFE73:
 3294              		.section	.text.HAL_CAN_GetError,"ax",%progbits
 3295              		.align	1
 3296              		.global	HAL_CAN_GetError
 3297              		.syntax unified
 3298              		.code	16
 3299              		.thumb_func
 3301              	HAL_CAN_GetError:
 3302              	.LVL266:
 3303              	.LFB74:
2372:Drivers/STM32F0xx_HAL_Driver/Src/stm32f0xx_hal_can.c **** 
2373:Drivers/STM32F0xx_HAL_Driver/Src/stm32f0xx_hal_can.c **** /**
2374:Drivers/STM32F0xx_HAL_Driver/Src/stm32f0xx_hal_can.c ****   * @brief  Return the CAN error code.
2375:Drivers/STM32F0xx_HAL_Driver/Src/stm32f0xx_hal_can.c ****   * @param  hcan pointer to a CAN_HandleTypeDef structure that contains
2376:Drivers/STM32F0xx_HAL_Driver/Src/stm32f0xx_hal_can.c ****   *         the configuration information for the specified CAN.
2377:Drivers/STM32F0xx_HAL_Driver/Src/stm32f0xx_hal_can.c ****   * @retval CAN Error Code
2378:Drivers/STM32F0xx_HAL_Driver/Src/stm32f0xx_hal_can.c ****   */
2379:Drivers/STM32F0xx_HAL_Driver/Src/stm32f0xx_hal_can.c **** uint32_t HAL_CAN_GetError(const CAN_HandleTypeDef *hcan)
2380:Drivers/STM32F0xx_HAL_Driver/Src/stm32f0xx_hal_can.c **** {
 3304              		.loc 1 2380 1 is_stmt 1 view -0
 3305              		.cfi_startproc
 3306              		@ args = 0, pretend = 0, frame = 0
 3307              		@ frame_needed = 0, uses_anonymous_args = 0
 3308              		@ link register save eliminated.
2381:Drivers/STM32F0xx_HAL_Driver/Src/stm32f0xx_hal_can.c ****   /* Return CAN error code */
2382:Drivers/STM32F0xx_HAL_Driver/Src/stm32f0xx_hal_can.c ****   return hcan->ErrorCode;
 3309              		.loc 1 2382 3 view .LVU982
 3310              		.loc 1 2382 14 is_stmt 0 view .LVU983
 3311 0000 406A     		ldr	r0, [r0, #36]
 3312              	.LVL267:
2383:Drivers/STM32F0xx_HAL_Driver/Src/stm32f0xx_hal_can.c **** }
 3313              		.loc 1 2383 1 view .LVU984
 3314              		@ sp needed
 3315 0002 7047     		bx	lr
 3316              		.cfi_endproc
 3317              	.LFE74:
 3319              		.section	.text.HAL_CAN_ResetError,"ax",%progbits
 3320              		.align	1
 3321              		.global	HAL_CAN_ResetError
 3322              		.syntax unified
 3323              		.code	16
 3324              		.thumb_func
 3326              	HAL_CAN_ResetError:
 3327              	.LVL268:
 3328              	.LFB75:
2384:Drivers/STM32F0xx_HAL_Driver/Src/stm32f0xx_hal_can.c **** 
2385:Drivers/STM32F0xx_HAL_Driver/Src/stm32f0xx_hal_can.c **** /**
2386:Drivers/STM32F0xx_HAL_Driver/Src/stm32f0xx_hal_can.c ****   * @brief  Reset the CAN error code.
2387:Drivers/STM32F0xx_HAL_Driver/Src/stm32f0xx_hal_can.c ****   * @param  hcan pointer to a CAN_HandleTypeDef structure that contains
2388:Drivers/STM32F0xx_HAL_Driver/Src/stm32f0xx_hal_can.c ****   *         the configuration information for the specified CAN.
2389:Drivers/STM32F0xx_HAL_Driver/Src/stm32f0xx_hal_can.c ****   * @retval HAL status
2390:Drivers/STM32F0xx_HAL_Driver/Src/stm32f0xx_hal_can.c ****   */
2391:Drivers/STM32F0xx_HAL_Driver/Src/stm32f0xx_hal_can.c **** HAL_StatusTypeDef HAL_CAN_ResetError(CAN_HandleTypeDef *hcan)
2392:Drivers/STM32F0xx_HAL_Driver/Src/stm32f0xx_hal_can.c **** {
 3329              		.loc 1 2392 1 is_stmt 1 view -0
 3330              		.cfi_startproc
ARM GAS  /tmp/ccxePDI1.s 			page 110


 3331              		@ args = 0, pretend = 0, frame = 0
 3332              		@ frame_needed = 0, uses_anonymous_args = 0
 3333              		@ link register save eliminated.
2393:Drivers/STM32F0xx_HAL_Driver/Src/stm32f0xx_hal_can.c ****   HAL_StatusTypeDef status = HAL_OK;
 3334              		.loc 1 2393 3 view .LVU986
2394:Drivers/STM32F0xx_HAL_Driver/Src/stm32f0xx_hal_can.c ****   HAL_CAN_StateTypeDef state = hcan->State;
 3335              		.loc 1 2394 3 view .LVU987
 3336              		.loc 1 2394 24 is_stmt 0 view .LVU988
 3337 0000 2023     		movs	r3, #32
 3338 0002 C35C     		ldrb	r3, [r0, r3]
 3339              	.LVL269:
2395:Drivers/STM32F0xx_HAL_Driver/Src/stm32f0xx_hal_can.c **** 
2396:Drivers/STM32F0xx_HAL_Driver/Src/stm32f0xx_hal_can.c ****   if ((state == HAL_CAN_STATE_READY) ||
 3340              		.loc 1 2396 3 is_stmt 1 view .LVU989
 3341              		.loc 1 2396 38 is_stmt 0 view .LVU990
 3342 0004 013B     		subs	r3, r3, #1
 3343              	.LVL270:
 3344              		.loc 1 2396 38 view .LVU991
 3345 0006 DBB2     		uxtb	r3, r3
 3346              	.LVL271:
 3347              		.loc 1 2396 6 view .LVU992
 3348 0008 012B     		cmp	r3, #1
 3349 000a 06D9     		bls	.L243
2397:Drivers/STM32F0xx_HAL_Driver/Src/stm32f0xx_hal_can.c ****       (state == HAL_CAN_STATE_LISTENING))
2398:Drivers/STM32F0xx_HAL_Driver/Src/stm32f0xx_hal_can.c ****   {
2399:Drivers/STM32F0xx_HAL_Driver/Src/stm32f0xx_hal_can.c ****     /* Reset CAN error code */
2400:Drivers/STM32F0xx_HAL_Driver/Src/stm32f0xx_hal_can.c ****     hcan->ErrorCode = 0U;
2401:Drivers/STM32F0xx_HAL_Driver/Src/stm32f0xx_hal_can.c ****   }
2402:Drivers/STM32F0xx_HAL_Driver/Src/stm32f0xx_hal_can.c ****   else
2403:Drivers/STM32F0xx_HAL_Driver/Src/stm32f0xx_hal_can.c ****   {
2404:Drivers/STM32F0xx_HAL_Driver/Src/stm32f0xx_hal_can.c ****     /* Update error code */
2405:Drivers/STM32F0xx_HAL_Driver/Src/stm32f0xx_hal_can.c ****     hcan->ErrorCode |= HAL_CAN_ERROR_NOT_INITIALIZED;
 3350              		.loc 1 2405 5 is_stmt 1 view .LVU993
 3351              		.loc 1 2405 9 is_stmt 0 view .LVU994
 3352 000c 426A     		ldr	r2, [r0, #36]
 3353              		.loc 1 2405 21 view .LVU995
 3354 000e 8023     		movs	r3, #128
 3355 0010 DB02     		lsls	r3, r3, #11
 3356 0012 1343     		orrs	r3, r2
 3357 0014 4362     		str	r3, [r0, #36]
2406:Drivers/STM32F0xx_HAL_Driver/Src/stm32f0xx_hal_can.c **** 
2407:Drivers/STM32F0xx_HAL_Driver/Src/stm32f0xx_hal_can.c ****     status = HAL_ERROR;
 3358              		.loc 1 2407 5 is_stmt 1 view .LVU996
 3359              	.LVL272:
 3360              		.loc 1 2407 12 is_stmt 0 view .LVU997
 3361 0016 0120     		movs	r0, #1
 3362              	.LVL273:
 3363              	.L242:
2408:Drivers/STM32F0xx_HAL_Driver/Src/stm32f0xx_hal_can.c ****   }
2409:Drivers/STM32F0xx_HAL_Driver/Src/stm32f0xx_hal_can.c **** 
2410:Drivers/STM32F0xx_HAL_Driver/Src/stm32f0xx_hal_can.c ****   /* Return the status */
2411:Drivers/STM32F0xx_HAL_Driver/Src/stm32f0xx_hal_can.c ****   return status;
 3364              		.loc 1 2411 3 is_stmt 1 view .LVU998
2412:Drivers/STM32F0xx_HAL_Driver/Src/stm32f0xx_hal_can.c **** }
 3365              		.loc 1 2412 1 is_stmt 0 view .LVU999
 3366              		@ sp needed
 3367 0018 7047     		bx	lr
ARM GAS  /tmp/ccxePDI1.s 			page 111


 3368              	.LVL274:
 3369              	.L243:
2400:Drivers/STM32F0xx_HAL_Driver/Src/stm32f0xx_hal_can.c ****   }
 3370              		.loc 1 2400 5 is_stmt 1 view .LVU1000
2400:Drivers/STM32F0xx_HAL_Driver/Src/stm32f0xx_hal_can.c ****   }
 3371              		.loc 1 2400 21 is_stmt 0 view .LVU1001
 3372 001a 0023     		movs	r3, #0
 3373 001c 4362     		str	r3, [r0, #36]
2393:Drivers/STM32F0xx_HAL_Driver/Src/stm32f0xx_hal_can.c ****   HAL_CAN_StateTypeDef state = hcan->State;
 3374              		.loc 1 2393 21 view .LVU1002
 3375 001e 0020     		movs	r0, #0
 3376              	.LVL275:
2393:Drivers/STM32F0xx_HAL_Driver/Src/stm32f0xx_hal_can.c ****   HAL_CAN_StateTypeDef state = hcan->State;
 3377              		.loc 1 2393 21 view .LVU1003
 3378 0020 FAE7     		b	.L242
 3379              		.cfi_endproc
 3380              	.LFE75:
 3382              		.text
 3383              	.Letext0:
 3384              		.file 2 "/usr/lib/gcc/arm-none-eabi/13.2.1/include/stdint.h"
 3385              		.file 3 "Drivers/CMSIS/Device/ST/STM32F0xx/Include/stm32f091xc.h"
 3386              		.file 4 "Drivers/CMSIS/Device/ST/STM32F0xx/Include/stm32f0xx.h"
 3387              		.file 5 "Drivers/STM32F0xx_HAL_Driver/Inc/stm32f0xx_hal_def.h"
 3388              		.file 6 "Drivers/STM32F0xx_HAL_Driver/Inc/stm32f0xx_hal_can.h"
 3389              		.file 7 "Drivers/STM32F0xx_HAL_Driver/Inc/stm32f0xx_hal.h"
ARM GAS  /tmp/ccxePDI1.s 			page 112


DEFINED SYMBOLS
                            *ABS*:00000000 stm32f0xx_hal_can.c
     /tmp/ccxePDI1.s:19     .text.HAL_CAN_MspInit:00000000 $t
     /tmp/ccxePDI1.s:25     .text.HAL_CAN_MspInit:00000000 HAL_CAN_MspInit
     /tmp/ccxePDI1.s:41     .text.HAL_CAN_Init:00000000 $t
     /tmp/ccxePDI1.s:47     .text.HAL_CAN_Init:00000000 HAL_CAN_Init
     /tmp/ccxePDI1.s:362    .text.HAL_CAN_MspDeInit:00000000 $t
     /tmp/ccxePDI1.s:368    .text.HAL_CAN_MspDeInit:00000000 HAL_CAN_MspDeInit
     /tmp/ccxePDI1.s:384    .text.HAL_CAN_ConfigFilter:00000000 $t
     /tmp/ccxePDI1.s:390    .text.HAL_CAN_ConfigFilter:00000000 HAL_CAN_ConfigFilter
     /tmp/ccxePDI1.s:657    .text.HAL_CAN_Start:00000000 $t
     /tmp/ccxePDI1.s:663    .text.HAL_CAN_Start:00000000 HAL_CAN_Start
     /tmp/ccxePDI1.s:775    .text.HAL_CAN_Stop:00000000 $t
     /tmp/ccxePDI1.s:781    .text.HAL_CAN_Stop:00000000 HAL_CAN_Stop
     /tmp/ccxePDI1.s:893    .text.HAL_CAN_DeInit:00000000 $t
     /tmp/ccxePDI1.s:899    .text.HAL_CAN_DeInit:00000000 HAL_CAN_DeInit
     /tmp/ccxePDI1.s:960    .text.HAL_CAN_RequestSleep:00000000 $t
     /tmp/ccxePDI1.s:966    .text.HAL_CAN_RequestSleep:00000000 HAL_CAN_RequestSleep
     /tmp/ccxePDI1.s:1023   .text.HAL_CAN_WakeUp:00000000 $t
     /tmp/ccxePDI1.s:1029   .text.HAL_CAN_WakeUp:00000000 HAL_CAN_WakeUp
     /tmp/ccxePDI1.s:1131   .text.HAL_CAN_WakeUp:00000054 $d
     /tmp/ccxePDI1.s:1136   .text.HAL_CAN_IsSleepActive:00000000 $t
     /tmp/ccxePDI1.s:1142   .text.HAL_CAN_IsSleepActive:00000000 HAL_CAN_IsSleepActive
     /tmp/ccxePDI1.s:1199   .text.HAL_CAN_AddTxMessage:00000000 $t
     /tmp/ccxePDI1.s:1205   .text.HAL_CAN_AddTxMessage:00000000 HAL_CAN_AddTxMessage
     /tmp/ccxePDI1.s:1443   .text.HAL_CAN_AbortTxRequest:00000000 $t
     /tmp/ccxePDI1.s:1449   .text.HAL_CAN_AbortTxRequest:00000000 HAL_CAN_AbortTxRequest
     /tmp/ccxePDI1.s:1542   .text.HAL_CAN_GetTxMailboxesFreeLevel:00000000 $t
     /tmp/ccxePDI1.s:1548   .text.HAL_CAN_GetTxMailboxesFreeLevel:00000000 HAL_CAN_GetTxMailboxesFreeLevel
     /tmp/ccxePDI1.s:1628   .text.HAL_CAN_IsTxMessagePending:00000000 $t
     /tmp/ccxePDI1.s:1634   .text.HAL_CAN_IsTxMessagePending:00000000 HAL_CAN_IsTxMessagePending
     /tmp/ccxePDI1.s:1698   .text.HAL_CAN_GetTxTimestamp:00000000 $t
     /tmp/ccxePDI1.s:1704   .text.HAL_CAN_GetTxTimestamp:00000000 HAL_CAN_GetTxTimestamp
     /tmp/ccxePDI1.s:1783   .text.HAL_CAN_GetRxMessage:00000000 $t
     /tmp/ccxePDI1.s:1789   .text.HAL_CAN_GetRxMessage:00000000 HAL_CAN_GetRxMessage
     /tmp/ccxePDI1.s:2145   .text.HAL_CAN_GetRxFifoFillLevel:00000000 $t
     /tmp/ccxePDI1.s:2151   .text.HAL_CAN_GetRxFifoFillLevel:00000000 HAL_CAN_GetRxFifoFillLevel
     /tmp/ccxePDI1.s:2222   .text.HAL_CAN_ActivateNotification:00000000 $t
     /tmp/ccxePDI1.s:2228   .text.HAL_CAN_ActivateNotification:00000000 HAL_CAN_ActivateNotification
     /tmp/ccxePDI1.s:2285   .text.HAL_CAN_DeactivateNotification:00000000 $t
     /tmp/ccxePDI1.s:2291   .text.HAL_CAN_DeactivateNotification:00000000 HAL_CAN_DeactivateNotification
     /tmp/ccxePDI1.s:2348   .text.HAL_CAN_TxMailbox0CompleteCallback:00000000 $t
     /tmp/ccxePDI1.s:2354   .text.HAL_CAN_TxMailbox0CompleteCallback:00000000 HAL_CAN_TxMailbox0CompleteCallback
     /tmp/ccxePDI1.s:2370   .text.HAL_CAN_TxMailbox1CompleteCallback:00000000 $t
     /tmp/ccxePDI1.s:2376   .text.HAL_CAN_TxMailbox1CompleteCallback:00000000 HAL_CAN_TxMailbox1CompleteCallback
     /tmp/ccxePDI1.s:2392   .text.HAL_CAN_TxMailbox2CompleteCallback:00000000 $t
     /tmp/ccxePDI1.s:2398   .text.HAL_CAN_TxMailbox2CompleteCallback:00000000 HAL_CAN_TxMailbox2CompleteCallback
     /tmp/ccxePDI1.s:2414   .text.HAL_CAN_TxMailbox0AbortCallback:00000000 $t
     /tmp/ccxePDI1.s:2420   .text.HAL_CAN_TxMailbox0AbortCallback:00000000 HAL_CAN_TxMailbox0AbortCallback
     /tmp/ccxePDI1.s:2436   .text.HAL_CAN_TxMailbox1AbortCallback:00000000 $t
     /tmp/ccxePDI1.s:2442   .text.HAL_CAN_TxMailbox1AbortCallback:00000000 HAL_CAN_TxMailbox1AbortCallback
     /tmp/ccxePDI1.s:2458   .text.HAL_CAN_TxMailbox2AbortCallback:00000000 $t
     /tmp/ccxePDI1.s:2464   .text.HAL_CAN_TxMailbox2AbortCallback:00000000 HAL_CAN_TxMailbox2AbortCallback
     /tmp/ccxePDI1.s:2480   .text.HAL_CAN_RxFifo0MsgPendingCallback:00000000 $t
     /tmp/ccxePDI1.s:2486   .text.HAL_CAN_RxFifo0MsgPendingCallback:00000000 HAL_CAN_RxFifo0MsgPendingCallback
     /tmp/ccxePDI1.s:2502   .text.HAL_CAN_RxFifo0FullCallback:00000000 $t
     /tmp/ccxePDI1.s:2508   .text.HAL_CAN_RxFifo0FullCallback:00000000 HAL_CAN_RxFifo0FullCallback
ARM GAS  /tmp/ccxePDI1.s 			page 113


     /tmp/ccxePDI1.s:2524   .text.HAL_CAN_RxFifo1MsgPendingCallback:00000000 $t
     /tmp/ccxePDI1.s:2530   .text.HAL_CAN_RxFifo1MsgPendingCallback:00000000 HAL_CAN_RxFifo1MsgPendingCallback
     /tmp/ccxePDI1.s:2546   .text.HAL_CAN_RxFifo1FullCallback:00000000 $t
     /tmp/ccxePDI1.s:2552   .text.HAL_CAN_RxFifo1FullCallback:00000000 HAL_CAN_RxFifo1FullCallback
     /tmp/ccxePDI1.s:2568   .text.HAL_CAN_SleepCallback:00000000 $t
     /tmp/ccxePDI1.s:2574   .text.HAL_CAN_SleepCallback:00000000 HAL_CAN_SleepCallback
     /tmp/ccxePDI1.s:2590   .text.HAL_CAN_WakeUpFromRxMsgCallback:00000000 $t
     /tmp/ccxePDI1.s:2596   .text.HAL_CAN_WakeUpFromRxMsgCallback:00000000 HAL_CAN_WakeUpFromRxMsgCallback
     /tmp/ccxePDI1.s:2612   .text.HAL_CAN_ErrorCallback:00000000 $t
     /tmp/ccxePDI1.s:2618   .text.HAL_CAN_ErrorCallback:00000000 HAL_CAN_ErrorCallback
     /tmp/ccxePDI1.s:2634   .text.HAL_CAN_IRQHandler:00000000 $t
     /tmp/ccxePDI1.s:2640   .text.HAL_CAN_IRQHandler:00000000 HAL_CAN_IRQHandler
     /tmp/ccxePDI1.s:3226   .text.HAL_CAN_GetState:00000000 $t
     /tmp/ccxePDI1.s:3232   .text.HAL_CAN_GetState:00000000 HAL_CAN_GetState
     /tmp/ccxePDI1.s:3295   .text.HAL_CAN_GetError:00000000 $t
     /tmp/ccxePDI1.s:3301   .text.HAL_CAN_GetError:00000000 HAL_CAN_GetError
     /tmp/ccxePDI1.s:3320   .text.HAL_CAN_ResetError:00000000 $t
     /tmp/ccxePDI1.s:3326   .text.HAL_CAN_ResetError:00000000 HAL_CAN_ResetError

UNDEFINED SYMBOLS
HAL_GetTick
